Time Stamp,ID,Extended,Dir,Bus,LEN,D1,D2,D3,D4,D5,D6,D7,D8
0,018,false,Rx,0,8,70,80,0,0,0,0,0,150
0,02C,false,Rx,0,8,0,70,46,0,0,0,0,116
0,050,false,Rx,0,8,0,1,0,0,0,0,0,1
0,0A6,false,Rx,0,8,7,128,7,128,7,128,7,128
0,251,false,Rx,0,8,0,150,94,0,0,0,0,244
0,260,false,Rx,0,8,0,74,192,0,0,0,0,10
0,316,false,Rx,0,8,0,1,0,0,0,0,0,1
0,544,false,Rx,0,8,0,0,0,0,0,0,0,0
0,593,false,Rx,0,8,178,180,179,181,0,0,0,0
0,4F1,false,Rx,0,8,0,0,0,0,0,0,0,0
10000,018,false,Rx,0,8,70,86,0,0,0,0,0,156
10000,02C,false,Rx,0,8,16,70,108,0,0,0,0,194
10000,050,false,Rx,0,8,0,1,0,0,0,0,0,1
10000,251,false,Rx,0,8,16,149,242,0,0,0,0,151
10000,260,false,Rx,0,8,16,73,82,0,0,0,0,171
20000,018,false,Rx,0,8,70,92,2,0,0,0,0,164
20000,02C,false,Rx,0,8,32,69,10,0,0,0,0,111
20000,050,false,Rx,0,8,0,1,0,0,0,0,0,1
20000,0A6,false,Rx,0,8,7,144,7,144,7,144,7,144
20000,251,false,Rx,0,8,32,147,123,0,0,0,0,46
20000,260,false,Rx,0,8,32,72,38,0,0,0,0,142
20000,316,false,Rx,0,8,0,1,0,0,0,0,0,1
20000,544,false,Rx,0,8,16,0,0,0,0,0,0,0
30000,018,false,Rx,0,8,70,98,1,0,0,0,0,169
30000,02C,false,Rx,0,8,48,69,25,0,0,0,0,142
30000,050,false,Rx,0,8,0,1,0,0,0,0,0,1
30000,251,false,Rx,0,8,48,145,115,0,0,0,0,52
30000,260,false,Rx,0,8,48,71,47,0,0,0,0,166
40000,018,false,Rx,0,8,70,105,1,0,0,0,0,176
40000,02C,false,Rx,0,8,64,69,170,0,0,0,0,47
40000,050,false,Rx,0,8,0,1,0,0,0,0,0,1
40000,0A6,false,Rx,0,8,7,160,7,160,7,160,7,160
40000,251,false,Rx,0,8,64,143,153,0,0,0,0,104
40000,260,false,Rx,0,8,64,71,173,0,0,0,0,52
40000,316,false,Rx,0,8,0,1,0,0,0,0,0,1
40000,544,false,Rx,0,8,32,0,0,0,0,0,0,0
50000,018,false,Rx,0,8,70,111,1,0,0,0,0,182
50000,02C,false,Rx,0,8,80,68,124,0,0,0,0,16
50000,050,false,Rx,0,8,0,1,0,0,0,0,0,1
50000,251,false,Rx,0,8,80,141,73,0,0,0,0,38
50000,260,false,Rx,0,8,80,70,247,0,0,0,0,141
60000,018,false,Rx,0,8,70,117,0,0,0,0,0,187
60000,02C,false,Rx,0,8,96,68,64,0,0,0,0,228
60000,050,false,Rx,0,8,0,1,0,0,0,0,0,1
60000,0A6,false,Rx,0,8,7,176,7,176,7,176,7,176
60000,251,false,Rx,0,8,96,140,237,0,0,0,0,217
60000,260,false,Rx,0,8,96,70,15,0,0,0,0,181
60000,316,false,Rx,0,8,0,1,0,0,0,0,0,1
60000,544,false,Rx,0,8,48,0,0,0,0,0,0,0
70000,018,false,Rx,0,8,70,123,0,0,0,0,0,193
70000,02C,false,Rx,0,8,112,68,105,0,0,0,0,29
70000,050,false,Rx,0,8,0,1,0,0,0,0,0,1
70000,251,false,Rx,0,8,112,138,29,0,0,0,0,23
70000,260,false,Rx,0,8,112,69,220,0,0,0,0,145
80000,018,false,Rx,0,8,70,130,3,0,0,0,0,203
80000,02C,false,Rx,0,8,128,68,35,0,0,0,0,231
80000,050,false,Rx,0,8,0,1,0,0,0,0,0,1
80000,0A6,false,Rx,0,8,7,192,7,192,7,192,7,192
80000,251,false,Rx,0,8,128,136,211,0,0,0,0,219
80000,260,false,Rx,0,8,128,69,84,0,0,0,0,25
80000,316,false,Rx,0,8,0,1,0,0,0,0,0,1
80000,544,false,Rx,0,8,64,0,0,0,0,0,0,0
90000,018,false,Rx,0,8,70,136,0,0,0,0,0,206
90000,02C,false,Rx,0,8,144,68,106,0,0,0,0,62
90000,050,false,Rx,0,8,0,1,0,0,0,0,0,1
90000,251,false,Rx,0,8,144,134,213,0,0,0,0,235
90000,260,false,Rx,0,8,144,68,222,0,0,0,0,178
100000,018,false,Rx,0,8,70,142,0,0,0,0,0,212
100000,02C,false,Rx,0,8,160,68,110,0,0,0,0,82
100000,050,false,Rx,0,8,0,1,0,0,0,0,0,1
100000,0A6,false,Rx,0,8,7,208,7,208,7,208,7,208
100000,251,false,Rx,0,8,160,132,68,0,0,0,0,104
100000,260,false,Rx,0,8,160,68,80,0,0,0,0,52
100000,316,false,Rx,0,8,0,1,0,0,0,0,0,1
100000,544,false,Rx,0,8,80,0,0,0,0,0,0,0
100000,4F1,false,Rx,0,8,16,0,0,0,0,0,0,16
110000,018,false,Rx,0,8,70,148,0,0,0,0,0,218
110000,02C,false,Rx,0,8,176,68,119,0,0,0,0,107
110000,050,false,Rx,0,8,0,1,0,0,0,0,0,1
110000,251,false,Rx,0,8,176,130,198,0,0,0,0,248
110000,260,false,Rx,0,8,176,68,27,0,0,0,0,15
120000,018,false,Rx,0,8,70,154,1,0,0,0,0,225
120000,02C,false,Rx,0,8,192,68,168,0,0,0,0,172
120000,050,false,Rx,0,8,0,1,0,0,0,0,0,1
120000,0A6,false,Rx,0,8,7,224,7,224,7,224,7,224
120000,251,false,Rx,0,8,192,128,124,0,0,0,0,188
120000,260,false,Rx,0,8,192,68,51,0,0,0,0,55
120000,316,false,Rx,0,8,0,1,0,0,0,0,0,1
120000,544,false,Rx,0,8,96,0,0,0,0,0,0,0
130000,018,false,Rx,0,8,70,160,1,0,0,0,0,231
130000,02C,false,Rx,0,8,208,68,75,0,0,0,0,95
130000,050,false,Rx,0,8,0,1,0,0,0,0,0,1
130000,251,false,Rx,0,8,208,126,130,0,0,0,0,208
130000,260,false,Rx,0,8,208,68,169,0,0,0,0,189
140000,018,false,Rx,0,8,70,166,0,0,0,0,0,236
140000,02C,false,Rx,0,8,224,68,1,0,0,0,0,37
140000,050,false,Rx,0,8,0,1,0,0,0,0,0,1
140000,0A6,false,Rx,0,8,7,240,7,240,7,240,7,240
140000,251,false,Rx,0,8,224,125,104,0,0,0,0,197
140000,260,false,Rx,0,8,224,68,105,0,0,0,0,141
140000,316,false,Rx,0,8,0,1,0,0,0,0,0,1
140000,544,false,Rx,0,8,112,0,0,0,0,0,0,0
150000,018,false,Rx,0,8,70,172,1,0,0,0,0,243
150000,02C,false,Rx,0,8,240,68,141,0,0,0,0,193
150000,050,false,Rx,0,8,0,1,0,0,0,0,0,1
150000,251,false,Rx,0,8,240,123,169,0,0,0,0,20
150000,260,false,Rx,0,8,240,68,97,0,0,0,0,149
160000,018,false,Rx,0,8,70,178,3,0,0,0,0,251
160000,02C,false,Rx,0,8,0,69,74,0,0,0,0,143
160000,050,false,Rx,0,8,0,1,0,0,0,0,0,1
160000,0A6,false,Rx,0,8,7,255,7,255,7,255,7,255
160000,251,false,Rx,0,8,0,121,40,0,0,0,0,161
160000,260,false,Rx,0,8,0,68,209,0,0,0,0,21
160000,316,false,Rx,0,8,0,1,0,0,0,0,0,1
160000,544,false,Rx,0,8,128,0,0,0,0,0,0,0
170000,018,false,Rx,0,8,70,184,1,0,0,0,0,255
170000,02C,false,Rx,0,8,16,69,66,0,0,0,0,151
170000,050,false,Rx,0,8,0,1,0,0,0,0,0,1
170000,251,false,Rx,0,8,16,119,230,0,0,0,0,109
170000,260,false,Rx,0,8,16,68,135,0,0,0,0,219
180000,018,false,Rx,0,8,70,190,3,0,0,0,0,7
180000,02C,false,Rx,0,8,32,69,128,0,0,0,0,229
180000,050,false,Rx,0,8,0,1,0,0,0,0,0,1
180000,0A6,false,Rx,0,8,8,15,8,15,8,15,8,15
180000,251,false,Rx,0,8,32,117,189,0,0,0,0,82
180000,260,false,Rx,0,8,32,68,144,0,0,0,0,244
180000,316,false,Rx,0,8,0,1,0,0,0,0,0,1
180000,544,false,Rx,0,8,144,0,0,0,0,0,0,0
190000,018,false,Rx,0,8,70,196,2,0,0,0,0,12
190000,02C,false,Rx,0,8,48,70,89,0,0,0,0,207
190000,050,false,Rx,0,8,0,1,0,0,0,0,0,1
190000,251,false,Rx,0,8,48,115,47,0,0,0,0,210
190000,260,false,Rx,0,8,48,68,152,0,0,0,0,12
200000,018,false,Rx,0,8,70,202,0,0,0,0,0,16
200000,02C,false,Rx,0,8,64,70,56,0,0,0,0,190
200000,050,false,Rx,0,8,0,1,0,0,0,0,0,1
200000,0A6,false,Rx,0,8,8,31,8,31,8,31,8,31
200000,251,false,Rx,0,8,64,113,97,0,0,0,0,18
200000,260,false,Rx,0,8,64,68,121,0,0,0,0,253
200000,316,false,Rx,0,8,0,1,0,0,0,0,0,1
200000,544,false,Rx,0,8,160,0,0,0,0,0,0,0
200000,4F1,false,Rx,0,8,32,0,0,0,0,0,0,32
210000,018,false,Rx,0,8,70,207,1,0,0,0,0,22
210000,02C,false,Rx,0,8,80,71,13,0,0,0,0,164
210000,050,false,Rx,0,8,0,1,0,0,0,0,0,1
210000,251,false,Rx,0,8,80,112,26,0,0,0,0,218
210000,260,false,Rx,0,8,80,69,49,0,0,0,0,198
220000,018,false,Rx,0,8,70,213,3,0,0,0,0,30
220000,02C,false,Rx,0,8,96,72,67,0,0,0,0,235
220000,050,false,Rx,0,8,0,1,0,0,0,0,0,1
220000,0A6,false,Rx,0,8,8,46,8,46,8,46,8,46
220000,251,false,Rx,0,8,96,110,137,0,0,0,0,87
220000,260,false,Rx,0,8,96,69,25,0,0,0,0,190
220000,316,false,Rx,0,8,0,1,0,0,0,0,0,1
220000,544,false,Rx,0,8,176,0,0,0,0,0,0,0
230000,018,false,Rx,0,8,70,218,2,0,0,0,0,34
230000,02C,false,Rx,0,8,112,72,7,0,0,0,0,191
230000,050,false,Rx,0,8,0,1,0,0,0,0,0,1
230000,251,false,Rx,0,8,112,108,193,0,0,0,0,157
230000,260,false,Rx,0,8,112,70,201,0,0,0,0,127
240000,018,false,Rx,0,8,70,224,2,0,0,0,0,40
240000,02C,false,Rx,0,8,128,73,183,0,0,0,0,128
240000,050,false,Rx,0,8,0,1,0,0,0,0,0,1
240000,0A6,false,Rx,0,8,8,62,8,62,8,62,8,62
240000,251,false,Rx,0,8,128,106,20,0,0,0,0,254
240000,260,false,Rx,0,8,128,70,251,0,0,0,0,193
240000,316,false,Rx,0,8,0,1,0,0,0,0,0,1
240000,544,false,Rx,0,8,192,0,0,0,0,0,0,0
250000,018,false,Rx,0,8,70,230,1,0,0,0,0,45
250000,02C,false,Rx,0,8,144,74,121,0,0,0,0,83
250000,050,false,Rx,0,8,0,1,0,0,0,0,0,1
250000,251,false,Rx,0,8,144,104,37,0,0,0,0,29
250000,260,false,Rx,0,8,144,71,78,0,0,0,0,37
260000,018,false,Rx,0,8,70,235,1,0,0,0,0,50
260000,02C,false,Rx,0,8,160,75,165,0,0,0,0,144
260000,050,false,Rx,0,8,0,1,0,0,0,0,0,1
260000,0A6,false,Rx,0,8,8,77,8,77,8,77,8,77
260000,251,false,Rx,0,8,160,103,96,0,0,0,0,103
260000,260,false,Rx,0,8,160,71,27,0,0,0,0,2
260000,316,false,Rx,0,8,0,1,0,0,0,0,0,1
260000,544,false,Rx,0,8,208,0,0,0,0,0,0,0
270000,018,false,Rx,0,8,70,240,2,0,0,0,0,56
270000,02C,false,Rx,0,8,176,76,8,0,0,0,0,4
270000,050,false,Rx,0,8,0,1,0,0,0,0,0,1
270000,251,false,Rx,0,8,176,101,111,0,0,0,0,132
270000,260,false,Rx,0,8,176,72,184,0,0,0,0,176
280000,018,false,Rx,0,8,70,246,0,0,0,0,0,60
280000,02C,false,Rx,0,8,192,77,89,0,0,0,0,102
280000,050,false,Rx,0,8,0,1,0,0,0,0,0,1
280000,0A6,false,Rx,0,8,8,92,8,92,8,92,8,92
280000,251,false,Rx,0,8,192,99,245,0,0,0,0,24
280000,260,false,Rx,0,8,192,73,1,0,0,0,0,10
280000,316,false,Rx,0,8,0,1,0,0,0,0,0,1
280000,544,false,Rx,0,8,224,0,0,0,0,0,0,0
290000,018,false,Rx,0,8,70,251,0,0,0,0,0,65
290000,02C,false,Rx,0,8,208,78,135,0,0,0,0,165
290000,050,false,Rx,0,8,0,1,0,0,0,0,0,1
290000,251,false,Rx,0,8,208,98,106,0,0,0,0,156
290000,260,false,Rx,0,8,208,73,218,0,0,0,0,243
300000,018,false,Rx,0,8,71,0,3,0,0,0,0,74
300000,02C,false,Rx,0,8,224,79,26,0,0,0,0,73
300000,050,false,Rx,0,8,0,1,0,0,0,0,0,1
300000,0A6,false,Rx,0,8,8,107,8,107,8,107,8,107
300000,251,false,Rx,0,8,224,96,170,0,0,0,0,234
300000,260,false,Rx,0,8,224,74,44,0,0,0,0,86
300000,316,false,Rx,0,8,0,1,0,0,0,0,0,1
300000,544,false,Rx,0,8,240,0,0,0,0,0,0,0
300000,4F1,false,Rx,0,8,48,0,0,0,0,0,0,48
310000,018,false,Rx,0,8,71,5,0,0,0,0,0,76
310000,02C,false,Rx,0,8,240,80,64,0,0,0,0,128
310000,050,false,Rx,0,8,0,1,0,0,0,0,0,1
310000,251,false,Rx,0,8,240,94,155,0,0,0,0,233
310000,260,false,Rx,0,8,240,75,150,0,0,0,0,209
320000,018,false,Rx,0,8,71,10,2,0,0,0,0,83
320000,02C,false,Rx,0,8,0,81,215,0,0,0,0,40
320000,050,false,Rx,0,8,0,1,0,0,0,0,0,1
320000,0A6,false,Rx,0,8,8,122,8,122,8,122,8,122
320000,251,false,Rx,0,8,0,93,7,0,0,0,0,100
320000,260,false,Rx,0,8,0,76,245,0,0,0,0,65
320000,316,false,Rx,0,8,0,1,0,0,0,0,0,1
320000,544,false,Rx,0,8,0,0,0,0,0,0,0,0
330000,018,false,Rx,0,8,71,15,2,0,0,0,0,88
330000,02C,false,Rx,0,8,16,83,58,0,0,0,0,157
330000,050,false,Rx,0,8,0,1,0,0,0,0,0,1
330000,251,false,Rx,0,8,16,91,108,0,0,0,0,215
330000,260,false,Rx,0,8,16,77,102,0,0,0,0,195
340000,018,false,Rx,0,8,71,20,2,0,0,0,0,93
340000,02C,false,Rx,0,8,32,84,32,0,0,0,0,148
340000,050,false,Rx,0,8,0,1,0,0,0,0,0,1
340000,0A6,false,Rx,0,8,8,137,8,137,8,137,8,137
340000,251,false,Rx,0,8,32,90,97,0,0,0,0,219
340000,260,false,Rx,0,8,32,78,49,0,0,0,0,159
340000,316,false,Rx,0,8,0,1,0,0,0,0,0,1
340000,544,false,Rx,0,8,16,0,0,0,0,0,0,0
350000,018,false,Rx,0,8,71,24,0,0,0,0,0,95
350000,02C,false,Rx,0,8,48,85,243,0,0,0,0,120
350000,050,false,Rx,0,8,0,1,0,0,0,0,0,1
350000,251,false,Rx,0,8,48,88,60,0,0,0,0,196
350000,260,false,Rx,0,8,48,79,13,0,0,0,0,140
360000,018,false,Rx,0,8,71,29,3,0,0,0,0,103
360000,02C,false,Rx,0,8,64,87,229,0,0,0,0,124
360000,050,false,Rx,0,8,0,1,0,0,0,0,0,1
360000,0A6,false,Rx,0,8,8,151,8,151,8,151,8,151
360000,251,false,Rx,0,8,64,87,245,0,0,0,0,140
360000,260,false,Rx,0,8,64,80,105,0,0,0,0,249
360000,316,false,Rx,0,8,0,1,0,0,0,0,0,1
360000,544,false,Rx,0,8,32,0,0,0,0,0,0,0
370000,018,false,Rx,0,8,71,33,0,0,0,0,0,104
370000,02C,false,Rx,0,8,80,88,185,0,0,0,0,97
370000,050,false,Rx,0,8,0,1,0,0,0,0,0,1
370000,251,false,Rx,0,8,80,86,124,0,0,0,0,34
370000,260,false,Rx,0,8,80,82,87,0,0,0,0,249
380000,018,false,Rx,0,8,71,38,3,0,0,0,0,112
380000,02C,false,Rx,0,8,96,89,55,0,0,0,0,240
380000,050,false,Rx,0,8,0,1,0,0,0,0,0,1
380000,0A6,false,Rx,0,8,8,166,8,166,8,166,8,166
380000,251,false,Rx,0,8,96,84,104,0,0,0,0,28
380000,260,false,Rx,0,8,96,83,149,0,0,0,0,72
380000,316,false,Rx,0,8,0,1,0,0,0,0,0,1
380000,544,false,Rx,0,8,48,0,0,0,0,0,0,0
390000,018,false,Rx,0,8,71,42,0,0,0,0,0,113
390000,02C,false,Rx,0,8,112,91,231,0,0,0,0,178
390000,050,false,Rx,0,8,0,1,0,0,0,0,0,1
390000,251,false,Rx,0,8,112,83,203,0,0,0,0,142
390000,260,false,Rx,0,8,112,84,41,0,0,0,0,237
400000,018,false,Rx,0,8,71,46,2,0,0,0,0,119
400000,02C,false,Rx,0,8,128,92,113,0,0,0,0,77
400000,050,false,Rx,0,8,0,1,0,0,0,0,0,1
400000,0A6,false,Rx,0,8,8,180,8,180,8,180,8,180
400000,251,false,Rx,0,8,128,82,122,0,0,0,0,76
400000,260,false,Rx,0,8,128,86,242,0,0,0,0,200
400000,316,false,Rx,0,8,0,1,0,0,0,0,0,1
400000,544,false,Rx,0,8,64,0,0,0,0,0,0,0
400000,4F1,false,Rx,0,8,64,0,0,0,0,0,0,64
410000,018,false,Rx,0,8,71,51,2,0,0,0,0,124
410000,02C,false,Rx,0,8,144,94,22,0,0,0,0,4
410000,050,false,Rx,0,8,0,1,0,0,0,0,0,1
410000,251,false,Rx,0,8,144,81,164,0,0,0,0,133
410000,260,false,Rx,0,8,144,87,59,0,0,0,0,34
420000,018,false,Rx,0,8,71,55,1,0,0,0,0,127
420000,02C,false,Rx,0,8,160,95,154,0,0,0,0,153
420000,050,false,Rx,0,8,0,1,0,0,0,0,0,1
420000,0A6,false,Rx,0,8,8,194,8,194,8,194,8,194
420000,251,false,Rx,0,8,160,79,144,0,0,0,0,127
420000,260,false,Rx,0,8,160,88,157,0,0,0,0,149
420000,316,false,Rx,0,8,0,1,0,0,0,0,0,1
420000,544,false,Rx,0,8,80,0,0,0,0,0,0,0
430000,018,false,Rx,0,8,71,59,0,0,0,0,0,130
430000,02C,false,Rx,0,8,176,97,234,0,0,0,0,251
430000,050,false,Rx,0,8,0,1,0,0,0,0,0,1
430000,251,false,Rx,0,8,176,78,194,0,0,0,0,192
430000,260,false,Rx,0,8,176,90,203,0,0,0,0,213
440000,018,false,Rx,0,8,71,62,0,0,0,0,0,133
440000,02C,false,Rx,0,8,192,99,15,0,0,0,0,50
440000,050,false,Rx,0,8,0,1,0,0,0,0,0,1
440000,0A6,false,Rx,0,8,8,208,8,208,8,208,8,208
440000,251,false,Rx,0,8,192,77,238,0,0,0,0,251
440000,260,false,Rx,0,8,192,91,241,0,0,0,0,12
440000,316,false,Rx,0,8,0,1,0,0,0,0,0,1
440000,544,false,Rx,0,8,96,0,0,0,0,0,0,0
450000,018,false,Rx,0,8,71,66,1,0,0,0,0,138
450000,02C,false,Rx,0,8,208,100,31,0,0,0,0,83
450000,050,false,Rx,0,8,0,1,0,0,0,0,0,1
450000,251,false,Rx,0,8,208,76,183,0,0,0,0,211
450000,260,false,Rx,0,8,208,93,250,0,0,0,0,39
460000,018,false,Rx,0,8,71,70,2,0,0,0,0,143
460000,02C,false,Rx,0,8,224,102,245,0,0,0,0,59
460000,050,false,Rx,0,8,0,1,0,0,0,0,0,1
460000,0A6,false,Rx,0,8,8,221,8,221,8,221,8,221
460000,251,false,Rx,0,8,224,75,157,0,0,0,0,200
460000,260,false,Rx,0,8,224,94,135,0,0,0,0,197
460000,316,false,Rx,0,8,0,1,0,0,0,0,0,1
460000,544,false,Rx,0,8,112,0,0,0,0,0,0,0
470000,018,false,Rx,0,8,71,73,0,0,0,0,0,144
470000,02C,false,Rx,0,8,240,104,205,0,0,0,0,37
470000,050,false,Rx,0,8,0,1,0,0,0,0,0,1
470000,251,false,Rx,0,8,240,74,133,0,0,0,0,191
470000,260,false,Rx,0,8,240,96,46,0,0,0,0,126
480000,018,false,Rx,0,8,71,77,1,0,0,0,0,149
480000,02C,false,Rx,0,8,0,106,218,0,0,0,0,68
480000,050,false,Rx,0,8,0,1,0,0,0,0,0,1
480000,0A6,false,Rx,0,8,8,235,8,235,8,235,8,235
480000,251,false,Rx,0,8,0,74,184,0,0,0,0,2
480000,260,false,Rx,0,8,0,97,198,0,0,0,0,39
480000,316,false,Rx,0,8,0,1,0,0,0,0,0,1
480000,544,false,Rx,0,8,128,0,0,0,0,0,0,0
490000,018,false,Rx,0,8,71,80,0,0,0,0,0,151
490000,02C,false,Rx,0,8,16,107,55,0,0,0,0,178
490000,050,false,Rx,0,8,0,1,0,0,0,0,0,1
490000,251,false,Rx,0,8,16,73,254,0,0,0,0,87
490000,260,false,Rx,0,8,16,99,94,0,0,0,0,209
500000,018,false,Rx,0,8,71,83,3,0,0,0,0,157
500000,02C,false,Rx,0,8,32,109,251,0,0,0,0,136
500000,050,false,Rx,0,8,0,1,0,0,0,0,0,1
500000,0A6,false,Rx,0,8,8,248,8,248,8,248,8,248
500000,251,false,Rx,0,8,32,72,238,0,0,0,0,86
500000,260,false,Rx,0,8,32,101,189,0,0,0,0,66
500000,316,false,Rx,0,8,0,1,0,0,0,0,0,1
500000,544,false,Rx,0,8,144,0,0,0,0,0,0,0
500000,4F1,false,Rx,0,8,80,0,0,0,0,0,0,80
510000,018,false,Rx,0,8,71,86,2,0,0,0,0,159
510000,02C,false,Rx,0,8,48,111,227,0,0,0,0,130
510000,050,false,Rx,0,8,0,1,0,0,0,0,0,1
510000,251,false,Rx,0,8,48,71,50,0,0,0,0,169
510000,260,false,Rx,0,8,48,103,195,0,0,0,0,90
520000,018,false,Rx,0,8,71,89,3,0,0,0,0,163
520000,02C,false,Rx,0,8,64,113,37,0,0,0,0,214
520000,050,false,Rx,0,8,0,1,0,0,0,0,0,1
520000,0A6,false,Rx,0,8,9,5,9,5,9,5,9,5
520000,251,false,Rx,0,8,64,71,240,0,0,0,0,119
520000,260,false,Rx,0,8,64,104,189,0,0,0,0,101
520000,316,false,Rx,0,8,0,1,0,0,0,0,0,1
520000,544,false,Rx,0,8,160,0,0,0,0,0,0,0
530000,018,false,Rx,0,8,71,92,2,0,0,0,0,165
530000,02C,false,Rx,0,8,80,115,41,0,0,0,0,236
530000,050,false,Rx,0,8,0,1,0,0,0,0,0,1
530000,251,false,Rx,0,8,80,70,163,0,0,0,0,57
530000,260,false,Rx,0,8,80,106,95,0,0,0,0,25
540000,018,false,Rx,0,8,71,95,1,0,0,0,0,167
540000,02C,false,Rx,0,8,96,116,164,0,0,0,0,120
540000,050,false,Rx,0,8,0,1,0,0,0,0,0,1
540000,0A6,false,Rx,0,8,9,17,9,17,9,17,9,17
540000,251,false,Rx,0,8,96,70,104,0,0,0,0,14
540000,260,false,Rx,0,8,96,108,228,0,0,0,0,176
540000,316,false,Rx,0,8,0,1,0,0,0,0,0,1
540000,544,false,Rx,0,8,176,0,0,0,0,0,0,0
550000,018,false,Rx,0,8,71,98,2,0,0,0,0,171
550000,02C,false,Rx,0,8,112,118,75,0,0,0,0,49
550000,050,false,Rx,0,8,0,1,0,0,0,0,0,1
550000,251,false,Rx,0,8,112,69,189,0,0,0,0,114
550000,260,false,Rx,0,8,112,110,22,0,0,0,0,244
560000,018,false,Rx,0,8,71,100,2,0,0,0,0,173
560000,02C,false,Rx,0,8,128,120,33,0,0,0,0,25
560000,050,false,Rx,0,8,0,1,0,0,0,0,0,1
560000,0A6,false,Rx,0,8,9,30,9,30,9,30,9,30
560000,251,false,Rx,0,8,128,69,160,0,0,0,0,101
560000,260,false,Rx,0,8,128,111,134,0,0,0,0,117
560000,316,false,Rx,0,8,0,1,0,0,0,0,0,1
560000,544,false,Rx,0,8,192,0,0,0,0,0,0,0
570000,018,false,Rx,0,8,71,102,1,0,0,0,0,174
570000,02C,false,Rx,0,8,144,122,64,0,0,0,0,74
570000,050,false,Rx,0,8,0,1,0,0,0,0,0,1
570000,251,false,Rx,0,8,144,68,211,0,0,0,0,167
570000,260,false,Rx,0,8,144,113,225,0,0,0,0,226
580000,018,false,Rx,0,8,71,105,2,0,0,0,0,178
580000,02C,false,Rx,0,8,160,124,140,0,0,0,0,168
580000,050,false,Rx,0,8,0,1,0,0,0,0,0,1
580000,0A6,false,Rx,0,8,9,42,9,42,9,42,9,42
580000,251,false,Rx,0,8,160,68,23,0,0,0,0,251
580000,260,false,Rx,0,8,160,115,238,0,0,0,0,1
580000,316,false,Rx,0,8,0,1,0,0,0,0,0,1
580000,544,false,Rx,0,8,208,0,0,0,0,0,0,0
590000,018,false,Rx,0,8,71,107,0,0,0,0,0,178
590000,02C,false,Rx,0,8,176,126,166,0,0,0,0,212
590000,050,false,Rx,0,8,0,1,0,0,0,0,0,1
590000,251,false,Rx,0,8,176,68,113,0,0,0,0,101
590000,260,false,Rx,0,8,176,117,134,0,0,0,0,171
600000,018,false,Rx,0,8,71,109,1,0,0,0,0,181
600000,02C,false,Rx,0,8,192,128,195,0,0,0,0,3
600000,050,false,Rx,0,8,0,1,0,0,0,0,0,1
600000,0A6,false,Rx,0,8,9,54,9,54,9,54,9,54
600000,251,false,Rx,0,8,192,68,74,0,0,0,0,78
600000,260,false,Rx,0,8,192,119,115,0,0,0,0,170
600000,316,false,Rx,0,8,0,1,0,0,0,0,0,1
600000,544,false,Rx,0,8,224,0,0,0,0,0,0,0
600000,4F1,false,Rx,0,8,96,0,0,0,0,0,0,96
610000,018,false,Rx,0,8,71,111,1,0,0,0,0,183
610000,02C,false,Rx,0,8,208,129,150,0,0,0,0,231
610000,050,false,Rx,0,8,0,1,0,0,0,0,0,1
610000,251,false,Rx,0,8,208,68,8,0,0,0,0,28
610000,260,false,Rx,0,8,208,121,137,0,0,0,0,210
620000,018,false,Rx,0,8,71,112,1,0,0,0,0,184
620000,02C,false,Rx,0,8,224,131,232,0,0,0,0,75
620000,050,false,Rx,0,8,0,1,0,0,0,0,0,1
620000,0A6,false,Rx,0,8,9,65,9,65,9,65,9,65
620000,251,false,Rx,0,8,224,68,133,0,0,0,0,169
620000,260,false,Rx,0,8,224,122,31,0,0,0,0,121
620000,316,false,Rx,0,8,0,1,0,0,0,0,0,1
620000,544,false,Rx,0,8,240,0,0,0,0,0,0,0
630000,018,false,Rx,0,8,71,114,3,0,0,0,0,188
630000,02C,false,Rx,0,8,240,133,220,0,0,0,0,81
630000,050,false,Rx,0,8,0,1,0,0,0,0,0,1
630000,251,false,Rx,0,8,240,68,213,0,0,0,0,9
630000,260,false,Rx,0,8,240,124,77,0,0,0,0,185
640000,018,false,Rx,0,8,71,116,3,0,0,0,0,190
640000,02C,false,Rx,0,8,0,135,50,0,0,0,0,185
640000,050,false,Rx,0,8,0,1,0,0,0,0,0,1
640000,0A6,false,Rx,0,8,9,76,9,76,9,76,9,76
640000,251,false,Rx,0,8,0,68,151,0,0,0,0,219
640000,260,false,Rx,0,8,0,126,49,0,0,0,0,175
640000,316,false,Rx,0,8,0,1,0,0,0,0,0,1
640000,544,false,Rx,0,8,0,0,0,0,0,0,0,0
650000,018,false,Rx,0,8,71,117,2,0,0,0,0,190
650000,02C,false,Rx,0,8,16,137,58,0,0,0,0,211
650000,050,false,Rx,0,8,0,1,0,0,0,0,0,1
650000,251,false,Rx,0,8,16,68,78,0,0,0,0,162
650000,260,false,Rx,0,8,16,128,43,0,0,0,0,187
660000,018,false,Rx,0,8,71,118,1,0,0,0,0,190
660000,02C,false,Rx,0,8,32,139,110,0,0,0,0,25
660000,050,false,Rx,0,8,0,1,0,0,0,0,0,1
660000,0A6,false,Rx,0,8,9,88,9,88,9,88,9,88
660000,251,false,Rx,0,8,32,68,100,0,0,0,0,200
660000,260,false,Rx,0,8,32,130,176,0,0,0,0,82
660000,316,false,Rx,0,8,0,1,0,0,0,0,0,1
660000,544,false,Rx,0,8,16,0,0,0,0,0,0,0
670000,018,false,Rx,0,8,71,119,2,0,0,0,0,192
670000,02C,false,Rx,0,8,48,141,220,0,0,0,0,153
670000,050,false,Rx,0,8,0,1,0,0,0,0,0,1
670000,251,false,Rx,0,8,48,68,168,0,0,0,0,28
670000,260,false,Rx,0,8,48,132,211,0,0,0,0,135
680000,018,false,Rx,0,8,71,120,0,0,0,0,0,191
680000,02C,false,Rx,0,8,64,143,231,0,0,0,0,182
680000,050,false,Rx,0,8,0,1,0,0,0,0,0,1
680000,0A6,false,Rx,0,8,9,98,9,98,9,98,9,98
680000,251,false,Rx,0,8,64,68,117,0,0,0,0,249
680000,260,false,Rx,0,8,64,134,116,0,0,0,0,58
680000,316,false,Rx,0,8,0,1,0,0,0,0,0,1
680000,544,false,Rx,0,8,32,0,0,0,0,0,0,0
690000,018,false,Rx,0,8,71,121,1,0,0,0,0,193
690000,02C,false,Rx,0,8,80,144,116,0,0,0,0,84
690000,050,false,Rx,0,8,0,1,0,0,0,0,0,1
690000,251,false,Rx,0,8,80,69,194,0,0,0,0,87
690000,260,false,Rx,0,8,80,136,31,0,0,0,0,247
700000,018,false,Rx,0,8,71,122,0,0,0,0,0,193
700000,02C,false,Rx,0,8,96,146,211,0,0,0,0,197
700000,050,false,Rx,0,8,0,1,0,0,0,0,0,1
700000,0A6,false,Rx,0,8,9,109,9,109,9,109,9,109
700000,251,false,Rx,0,8,96,69,125,0,0,0,0,34
700000,260,false,Rx,0,8,96,137,198,0,0,0,0,175
700000,316,false,Rx,0,8,0,1,0,0,0,0,0,1
700000,544,false,Rx,0,8,48,0,0,0,0,0,0,0
700000,4F1,false,Rx,0,8,112,0,0,0,0,0,0,112
710000,018,false,Rx,0,8,71,122,2,0,0,0,0,195
710000,02C,false,Rx,0,8,112,148,173,0,0,0,0,177
710000,050,false,Rx,0,8,0,1,0,0,0,0,0,1
710000,251,false,Rx,0,8,112,70,255,0,0,0,0,181
710000,260,false,Rx,0,8,112,139,214,0,0,0,0,209
720000,018,false,Rx,0,8,71,123,3,0,0,0,0,197
720000,02C,false,Rx,0,8,128,150,232,0,0,0,0,254
720000,050,false,Rx,0,8,0,1,0,0,0,0,0,1
720000,0A6,false,Rx,0,8,9,119,9,119,9,119,9,119
720000,251,false,Rx,0,8,128,70,172,0,0,0,0,114
720000,260,false,Rx,0,8,128,141,243,0,0,0,0,0
720000,316,false,Rx,0,8,0,1,0,0,0,0,0,1
720000,544,false,Rx,0,8,64,0,0,0,0,0,0,0
730000,018,false,Rx,0,8,71,123,2,0,0,0,0,196
730000,02C,false,Rx,0,8,144,151,204,0,0,0,0,243
730000,050,false,Rx,0,8,0,1,0,0,0,0,0,1
730000,251,false,Rx,0,8,144,71,131,0,0,0,0,90
730000,260,false,Rx,0,8,144,143,120,0,0,0,0,151
740000,018,false,Rx,0,8,71,123,0,0,0,0,0,194
740000,02C,false,Rx,0,8,160,153,212,0,0,0,0,13
740000,050,false,Rx,0,8,0,1,0,0,0,0,0,1
740000,0A6,false,Rx,0,8,9,129,9,129,9,129,9,129
740000,251,false,Rx,0,8,160,71,250,0,0,0,0,225
740000,260,false,Rx,0,8,160,145,243,0,0,0,0,36
740000,316,false,Rx,0,8,0,1,0,0,0,0,0,1
740000,544,false,Rx,0,8,80,0,0,0,0,0,0,0
750000,018,false,Rx,0,8,71,124,1,0,0,0,0,196
750000,02C,false,Rx,0,8,176,155,48,0,0,0,0,123
750000,050,false,Rx,0,8,0,1,0,0,0,0,0,1
750000,251,false,Rx,0,8,176,72,251,0,0,0,0,243
750000,260,false,Rx,0,8,176,147,153,0,0,0,0,220
760000,018,false,Rx,0,8,71,123,2,0,0,0,0,196
760000,02C,false,Rx,0,8,192,156,160,0,0,0,0,252
760000,050,false,Rx,0,8,0,1,0,0,0,0,0,1
760000,0A6,false,Rx,0,8,9,138,9,138,9,138,9,138
760000,251,false,Rx,0,8,192,73,235,0,0,0,0,244
760000,260,false,Rx,0,8,192,148,40,0,0,0,0,124
760000,316,false,Rx,0,8,0,1,0,0,0,0,0,1
760000,544,false,Rx,0,8,96,0,0,0,0,0,0,0
770000,018,false,Rx,0,8,71,123,1,0,0,0,0,195
770000,02C,false,Rx,0,8,208,158,218,0,0,0,0,72
770000,050,false,Rx,0,8,0,1,0,0,0,0,0,1
770000,251,false,Rx,0,8,208,74,86,0,0,0,0,112
770000,260,false,Rx,0,8,208,150,202,0,0,0,0,48
780000,018,false,Rx,0,8,71,123,3,0,0,0,0,197
780000,02C,false,Rx,0,8,224,160,160,0,0,0,0,32
780000,050,false,Rx,0,8,0,1,0,0,0,0,0,1
780000,0A6,false,Rx,0,8,9,147,9,147,9,147,9,147
780000,251,false,Rx,0,8,224,75,180,0,0,0,0,223
780000,260,false,Rx,0,8,224,152,17,0,0,0,0,137
780000,316,false,Rx,0,8,0,1,0,0,0,0,0,1
780000,544,false,Rx,0,8,112,0,0,0,0,0,0,0
790000,018,false,Rx,0,8,71,122,3,0,0,0,0,196
790000,02C,false,Rx,0,8,240,161,130,0,0,0,0,19
790000,050,false,Rx,0,8,0,1,0,0,0,0,0,1
790000,251,false,Rx,0,8,240,75,86,0,0,0,0,145
790000,260,false,Rx,0,8,240,154,75,0,0,0,0,213
800000,018,false,Rx,0,8,71,122,3,0,0,0,0,196
800000,02C,false,Rx,0,8,0,163,191,0,0,0,0,98
800000,050,false,Rx,0,8,0,1,0,0,0,0,0,1
800000,0A6,false,Rx,0,8,9,156,9,156,9,156,9,156
800000,251,false,Rx,0,8,0,76,71,0,0,0,0,147
800000,260,false,Rx,0,8,0,155,61,0,0,0,0,216
800000,316,false,Rx,0,8,0,1,0,0,0,0,0,1
800000,544,false,Rx,0,8,128,0,0,0,0,0,0,0
800000,4F1,false,Rx,0,8,128,0,0,0,0,0,0,128
810000,018,false,Rx,0,8,71,121,1,0,0,0,0,193
810000,02C,false,Rx,0,8,16,164,78,0,0,0,0,2
810000,050,false,Rx,0,8,0,1,0,0,0,0,0,1
810000,251,false,Rx,0,8,16,77,250,0,0,0,0,87
810000,260,false,Rx,0,8,16,157,229,0,0,0,0,146
820000,018,false,Rx,0,8,71,120,2,0,0,0,0,193
820000,02C,false,Rx,0,8,32,166,242,0,0,0,0,184
820000,050,false,Rx,0,8,0,1,0,0,0,0,0,1
820000,0A6,false,Rx,0,8,9,164,9,164,9,164,9,164
820000,251,false,Rx,0,8,32,78,94,0,0,0,0,204
820000,260,false,Rx,0,8,32,159,88,0,0,0,0,23
820000,316,false,Rx,0,8,0,1,0,0,0,0,0,1
820000,544,false,Rx,0,8,144,0,0,0,0,0,0,0
830000,018,false,Rx,0,8,71,119,1,0,0,0,0,191
830000,02C,false,Rx,0,8,48,167,34,0,0,0,0,249
830000,050,false,Rx,0,8,0,1,0,0,0,0,0,1
830000,251,false,Rx,0,8,48,80,30,0,0,0,0,158
830000,260,false,Rx,0,8,48,160,85,0,0,0,0,37
840000,018,false,Rx,0,8,71,118,1,0,0,0,0,190
840000,02C,false,Rx,0,8,64,169,46,0,0,0,0,23
840000,050,false,Rx,0,8,0,1,0,0,0,0,0,1
840000,0A6,false,Rx,0,8,9,172,9,172,9,172,9,172
840000,251,false,Rx,0,8,64,81,17,0,0,0,0,162
840000,260,false,Rx,0,8,64,162,108,0,0,0,0,78
840000,316,false,Rx,0,8,0,1,0,0,0,0,0,1
840000,544,false,Rx,0,8,160,0,0,0,0,0,0,0
850000,018,false,Rx,0,8,71,117,2,0,0,0,0,190
850000,02C,false,Rx,0,8,80,170,43,0,0,0,0,37
850000,050,false,Rx,0,8,0,1,0,0,0,0,0,1
850000,251,false,Rx,0,8,80,82,38,0,0,0,0,200
850000,260,false,Rx,0,8,80,163,98,0,0,0,0,85
860000,018,false,Rx,0,8,71,116,3,0,0,0,0,190
860000,02C,false,Rx,0,8,96,171,47,0,0,0,0,58
860000,050,false,Rx,0,8,0,1,0,0,0,0,0,1
860000,0A6,false,Rx,0,8,9,180,9,180,9,180,9,180
860000,251,false,Rx,0,8,96,83,24,0,0,0,0,203
860000,260,false,Rx,0,8,96,165,64,0,0,0,0,69
860000,316,false,Rx,0,8,0,1,0,0,0,0,0,1
860000,544,false,Rx,0,8,176,0,0,0,0,0,0,0
870000,018,false,Rx,0,8,71,114,3,0,0,0,0,188
870000,02C,false,Rx,0,8,112,173,221,0,0,0,0,250
870000,050,false,Rx,0,8,0,1,0,0,0,0,0,1
870000,251,false,Rx,0,8,112,85,3,0,0,0,0,200
870000,260,false,Rx,0,8,112,166,21,0,0,0,0,43
880000,018,false,Rx,0,8,71,112,2,0,0,0,0,185
880000,02C,false,Rx,0,8,128,174,49,0,0,0,0,95
880000,050,false,Rx,0,8,0,1,0,0,0,0,0,1
880000,0A6,false,Rx,0,8,9,188,9,188,9,188,9,188
880000,251,false,Rx,0,8,128,86,211,0,0,0,0,169
880000,260,false,Rx,0,8,128,168,216,0,0,0,0,0
880000,316,false,Rx,0,8,0,1,0,0,0,0,0,1
880000,544,false,Rx,0,8,192,0,0,0,0,0,0,0
890000,018,false,Rx,0,8,71,111,1,0,0,0,0,183
890000,02C,false,Rx,0,8,144,175,190,0,0,0,0,253
890000,050,false,Rx,0,8,0,1,0,0,0,0,0,1
890000,251,false,Rx,0,8,144,87,70,0,0,0,0,45
890000,260,false,Rx,0,8,144,169,40,0,0,0,0,97
900000,018,false,Rx,0,8,71,109,1,0,0,0,0,181
900000,02C,false,Rx,0,8,160,176,66,0,0,0,0,146
900000,050,false,Rx,0,8,0,1,0,0,0,0,0,1
900000,0A6,false,Rx,0,8,9,195,9,195,9,195,9,195
900000,251,false,Rx,0,8,160,89,118,0,0,0,0,111
900000,260,false,Rx,0,8,160,170,222,0,0,0,0,40
900000,316,false,Rx,0,8,0,1,0,0,0,0,0,1
900000,544,false,Rx,0,8,208,0,0,0,0,0,0,0
900000,4F1,false,Rx,0,8,144,0,0,0,0,0,0,144
910000,018,false,Rx,0,8,71,107,3,0,0,0,0,181
910000,02C,false,Rx,0,8,176,177,30,0,0,0,0,127
910000,050,false,Rx,0,8,0,1,0,0,0,0,0,1
910000,251,false,Rx,0,8,176,90,34,0,0,0,0,44
910000,260,false,Rx,0,8,176,172,103,0,0,0,0,195
920000,018,false,Rx,0,8,71,105,0,0,0,0,0,176
920000,02C,false,Rx,0,8,192,178,168,0,0,0,0,26
920000,050,false,Rx,0,8,0,1,0,0,0,0,0,1
920000,0A6,false,Rx,0,8,9,201,9,201,9,201,9,201
920000,251,false,Rx,0,8,192,92,77,0,0,0,0,105
920000,260,false,Rx,0,8,192,173,75,0,0,0,0,184
920000,316,false,Rx,0,8,0,1,0,0,0,0,0,1
920000,544,false,Rx,0,8,224,0,0,0,0,0,0,0
930000,018,false,Rx,0,8,71,102,0,0,0,0,0,173
930000,02C,false,Rx,0,8,208,179,62,0,0,0,0,193
930000,050,false,Rx,0,8,0,1,0,0,0,0,0,1
930000,251,false,Rx,0,8,208,93,4,0,0,0,0,49
930000,260,false,Rx,0,8,208,174,132,0,0,0,0,2
940000,018,false,Rx,0,8,71,100,0,0,0,0,0,171
940000,02C,false,Rx,0,8,224,180,210,0,0,0,0,102
940000,050,false,Rx,0,8,0,1,0,0,0,0,0,1
940000,0A6,false,Rx,0,8,9,208,9,208,9,208,9,208
940000,251,false,Rx,0,8,224,95,111,0,0,0,0,174
940000,260,false,Rx,0,8,224,175,163,0,0,0,0,50
940000,316,false,Rx,0,8,0,1,0,0,0,0,0,1
940000,544,false,Rx,0,8,240,0,0,0,0,0,0,0
950000,018,false,Rx,0,8,71,98,1,0,0,0,0,170
950000,02C,false,Rx,0,8,240,181,181,0,0,0,0,90
950000,050,false,Rx,0,8,0,1,0,0,0,0,0,1
950000,251,false,Rx,0,8,240,96,233,0,0,0,0,57
950000,260,false,Rx,0,8,240,176,34,0,0,0,0,194
960000,018,false,Rx,0,8,71,95,1,0,0,0,0,167
960000,02C,false,Rx,0,8,0,182,216,0,0,0,0,142
960000,050,false,Rx,0,8,0,1,0,0,0,0,0,1
960000,0A6,false,Rx,0,8,9,213,9,213,9,213,9,213
960000,251,false,Rx,0,8,0,98,191,0,0,0,0,33
960000,260,false,Rx,0,8,0,177,44,0,0,0,0,221
960000,316,false,Rx,0,8,0,1,0,0,0,0,0,1
960000,544,false,Rx,0,8,0,0,0,0,0,0,0,0
970000,018,false,Rx,0,8,71,92,3,0,0,0,0,166
970000,02C,false,Rx,0,8,16,183,26,0,0,0,0,225
970000,050,false,Rx,0,8,0,1,0,0,0,0,0,1
970000,251,false,Rx,0,8,16,100,30,0,0,0,0,146
970000,260,false,Rx,0,8,16,178,198,0,0,0,0,136
980000,018,false,Rx,0,8,71,89,0,0,0,0,0,160
980000,02C,false,Rx,0,8,32,183,147,0,0,0,0,106
980000,050,false,Rx,0,8,0,1,0,0,0,0,0,1
980000,0A6,false,Rx,0,8,9,219,9,219,9,219,9,219
980000,251,false,Rx,0,8,32,101,247,0,0,0,0,124
980000,260,false,Rx,0,8,32,179,203,0,0,0,0,158
980000,316,false,Rx,0,8,0,1,0,0,0,0,0,1
980000,544,false,Rx,0,8,16,0,0,0,0,0,0,0
990000,018,false,Rx,0,8,71,86,3,0,0,0,0,160
990000,02C,false,Rx,0,8,48,184,159,0,0,0,0,135
990000,050,false,Rx,0,8,0,1,0,0,0,0,0,1
990000,251,false,Rx,0,8,48,103,249,0,0,0,0,144
990000,260,false,Rx,0,8,48,180,166,0,0,0,0,138
1000000,018,false,Rx,0,8,71,83,3,0,0,0,0,157
1000000,02C,false,Rx,0,8,64,185,180,0,0,0,0,173
1000000,050,false,Rx,0,8,0,1,0,0,0,0,0,1
1000000,0A6,false,Rx,0,8,9,224,9,224,9,224,9,224
1000000,251,false,Rx,0,8,64,105,8,0,0,0,0,177
1000000,260,false,Rx,0,8,64,181,141,0,0,0,0,130
1000000,316,false,Rx,0,8,0,1,0,0,0,0,0,1
1000000,544,false,Rx,0,8,32,0,0,0,0,0,0,0
1000000,593,false,Rx,0,8,178,180,179,181,0,0,0,0
1000000,4F1,false,Rx,0,8,160,0,0,0,0,0,0,160
1010000,018,false,Rx,0,8,71,80,3,0,0,0,0,154
1010000,02C,false,Rx,0,8,80,185,53,0,0,0,0,62
1010000,050,false,Rx,0,8,0,1,0,0,0,0,0,1
1010000,251,false,Rx,0,8,80,106,3,0,0,0,0,189
1010000,260,false,Rx,0,8,80,182,234,0,0,0,0,240
1020000,018,false,Rx,0,8,71,77,2,0,0,0,0,150
1020000,02C,false,Rx,0,8,96,186,108,0,0,0,0,134
1020000,050,false,Rx,0,8,0,1,0,0,0,0,0,1
1020000,0A6,false,Rx,0,8,9,229,9,229,9,229,9,229
1020000,251,false,Rx,0,8,96,108,210,0,0,0,0,158
1020000,260,false,Rx,0,8,96,183,6,0,0,0,0,29
1020000,316,false,Rx,0,8,0,1,0,0,0,0,0,1
1020000,544,false,Rx,0,8,48,0,0,0,0,0,0,0
1030000,018,false,Rx,0,8,71,73,0,0,0,0,0,144
1030000,02C,false,Rx,0,8,112,186,79,0,0,0,0,121
1030000,050,false,Rx,0,8,0,1,0,0,0,0,0,1
1030000,251,false,Rx,0,8,112,110,6,0,0,0,0,228
1030000,260,false,Rx,0,8,112,184,214,0,0,0,0,254
1040000,018,false,Rx,0,8,71,70,0,0,0,0,0,141
1040000,02C,false,Rx,0,8,128,186,246,0,0,0,0,48
1040000,050,false,Rx,0,8,0,1,0,0,0,0,0,1
1040000,0A6,false,Rx,0,8,9,233,9,233,9,233,9,233
1040000,251,false,Rx,0,8,128,112,8,0,0,0,0,248
1040000,260,false,Rx,0,8,128,184,57,0,0,0,0,113
1040000,316,false,Rx,0,8,0,1,0,0,0,0,0,1
1040000,544,false,Rx,0,8,64,0,0,0,0,0,0,0
1050000,018,false,Rx,0,8,71,66,2,0,0,0,0,139
1050000,02C,false,Rx,0,8,144,187,114,0,0,0,0,189
1050000,050,false,Rx,0,8,0,1,0,0,0,0,0,1
1050000,251,false,Rx,0,8,144,114,140,0,0,0,0,142
1050000,260,false,Rx,0,8,144,185,212,0,0,0,0,29
1060000,018,false,Rx,0,8,71,62,2,0,0,0,0,135
1060000,02C,false,Rx,0,8,160,187,55,0,0,0,0,146
1060000,050,false,Rx,0,8,0,1,0,0,0,0,0,1
1060000,0A6,false,Rx,0,8,9,237,9,237,9,237,9,237
1060000,251,false,Rx,0,8,160,115,146,0,0,0,0,165
1060000,260,false,Rx,0,8,160,185,76,0,0,0,0,165
1060000,316,false,Rx,0,8,0,1,0,0,0,0,0,1
1060000,544,false,Rx,0,8,80,0,0,0,0,0,0,0
1070000,018,false,Rx,0,8,71,59,0,0,0,0,0,130
1070000,02C,false,Rx,0,8,176,187,179,0,0,0,0,30
1070000,050,false,Rx,0,8,0,1,0,0,0,0,0,1
1070000,251,false,Rx,0,8,176,117,8,0,0,0,0,45
1070000,260,false,Rx,0,8,176,186,75,0,0,0,0,181
1080000,018,false,Rx,0,8,71,55,2,0,0,0,0,128
1080000,02C,false,Rx,0,8,192,187,188,0,0,0,0,55
1080000,050,false,Rx,0,8,0,1,0,0,0,0,0,1
1080000,0A6,false,Rx,0,8,9,241,9,241,9,241,9,241
1080000,251,false,Rx,0,8,192,119,220,0,0,0,0,19
1080000,260,false,Rx,0,8,192,186,51,0,0,0,0,173
1080000,316,false,Rx,0,8,0,1,0,0,0,0,0,1
1080000,544,false,Rx,0,8,96,0,0,0,0,0,0,0
1090000,018,false,Rx,0,8,71,51,3,0,0,0,0,125
1090000,02C,false,Rx,0,8,208,187,58,0,0,0,0,197
1090000,050,false,Rx,0,8,0,1,0,0,0,0,0,1
1090000,251,false,Rx,0,8,208,121,91,0,0,0,0,164
1090000,260,false,Rx,0,8,208,187,54,0,0,0,0,193
1100000,018,false,Rx,0,8,71,46,1,0,0,0,0,118
1100000,02C,false,Rx,0,8,224,187,142,0,0,0,0,41
1100000,050,false,Rx,0,8,0,1,0,0,0,0,0,1
1100000,0A6,false,Rx,0,8,9,244,9,244,9,244,9,244
1100000,251,false,Rx,0,8,224,123,54,0,0,0,0,145
1100000,260,false,Rx,0,8,224,187,51,0,0,0,0,206
1100000,316,false,Rx,0,8,0,1,0,0,0,0,0,1
1100000,544,false,Rx,0,8,112,0,0,0,0,0,0,0
1100000,4F1,false,Rx,0,8,176,0,0,0,0,0,0,176
1110000,018,false,Rx,0,8,71,42,3,0,0,0,0,116
1110000,02C,false,Rx,0,8,240,187,115,0,0,0,0,30
1110000,050,false,Rx,0,8,0,1,0,0,0,0,0,1
1110000,251,false,Rx,0,8,240,125,49,0,0,0,0,158
1110000,260,false,Rx,0,8,240,187,146,0,0,0,0,61
1120000,018,false,Rx,0,8,71,38,0,0,0,0,0,109
1120000,02C,false,Rx,0,8,0,187,219,0,0,0,0,150
1120000,050,false,Rx,0,8,0,1,0,0,0,0,0,1
1120000,0A6,false,Rx,0,8,9,247,9,247,9,247,9,247
1120000,251,false,Rx,0,8,0,127,76,0,0,0,0,203
1120000,260,false,Rx,0,8,0,187,176,0,0,0,0,107
1120000,316,false,Rx,0,8,0,1,0,0,0,0,0,1
1120000,544,false,Rx,0,8,128,0,0,0,0,0,0,0
1130000,018,false,Rx,0,8,71,33,2,0,0,0,0,106
1130000,02C,false,Rx,0,8,16,187,13,0,0,0,0,216
1130000,050,false,Rx,0,8,0,1,0,0,0,0,0,1
1130000,251,false,Rx,0,8,16,129,123,0,0,0,0,12
1130000,260,false,Rx,0,8,16,187,210,0,0,0,0,157
1140000,018,false,Rx,0,8,71,29,1,0,0,0,0,101
1140000,02C,false,Rx,0,8,32,187,136,0,0,0,0,99
1140000,050,false,Rx,0,8,0,1,0,0,0,0,0,1
1140000,0A6,false,Rx,0,8,9,249,9,249,9,249,9,249
1140000,251,false,Rx,0,8,32,130,98,0,0,0,0,4
1140000,260,false,Rx,0,8,32,187,135,0,0,0,0,98
1140000,316,false,Rx,0,8,0,1,0,0,0,0,0,1
1140000,544,false,Rx,0,8,144,0,0,0,0,0,0,0
1150000,018,false,Rx,0,8,71,24,0,0,0,0,0,95
1150000,02C,false,Rx,0,8,48,187,14,0,0,0,0,249
1150000,050,false,Rx,0,8,0,1,0,0,0,0,0,1
1150000,251,false,Rx,0,8,48,132,129,0,0,0,0,53
1150000,260,false,Rx,0,8,48,187,196,0,0,0,0,175
1160000,018,false,Rx,0,8,71,20,2,0,0,0,0,93
1160000,02C,false,Rx,0,8,64,186,92,0,0,0,0,86
1160000,050,false,Rx,0,8,0,1,0,0,0,0,0,1
1160000,0A6,false,Rx,0,8,9,251,9,251,9,251,9,251
1160000,251,false,Rx,0,8,64,134,181,0,0,0,0,123
1160000,260,false,Rx,0,8,64,187,248,0,0,0,0,243
1160000,316,false,Rx,0,8,0,1,0,0,0,0,0,1
1160000,544,false,Rx,0,8,160,0,0,0,0,0,0,0
1170000,018,false,Rx,0,8,71,15,1,0,0,0,0,87
1170000,02C,false,Rx,0,8,80,186,139,0,0,0,0,149
1170000,050,false,Rx,0,8,0,1,0,0,0,0,0,1
1170000,251,false,Rx,0,8,80,136,136,0,0,0,0,96
1170000,260,false,Rx,0,8,80,187,242,0,0,0,0,253
1180000,018,false,Rx,0,8,71,10,1,0,0,0,0,82
1180000,02C,false,Rx,0,8,96,186,158,0,0,0,0,184
1180000,050,false,Rx,0,8,0,1,0,0,0,0,0,1
1180000,0A6,false,Rx,0,8,9,253,9,253,9,253,9,253
1180000,251,false,Rx,0,8,96,138,203,0,0,0,0,181
1180000,260,false,Rx,0,8,96,187,19,0,0,0,0,46
1180000,316,false,Rx,0,8,0,1,0,0,0,0,0,1
1180000,544,false,Rx,0,8,176,0,0,0,0,0,0,0
1190000,018,false,Rx,0,8,71,5,2,0,0,0,0,78
1190000,02C,false,Rx,0,8,112,185,173,0,0,0,0,214
1190000,050,false,Rx,0,8,0,1,0,0,0,0,0,1
1190000,251,false,Rx,0,8,112,140,40,0,0,0,0,36
1190000,260,false,Rx,0,8,112,187,88,0,0,0,0,131
1200000,018,false,Rx,0,8,71,0,1,0,0,0,0,72
1200000,02C,false,Rx,0,8,128,185,179,0,0,0,0,236
1200000,050,false,Rx,0,8,0,1,0,0,0,0,0,1
1200000,0A6,false,Rx,0,8,9,254,9,254,9,254,9,254
1200000,251,false,Rx,0,8,128,142,191,0,0,0,0,205
1200000,260,false,Rx,0,8,128,187,141,0,0,0,0,200
1200000,316,false,Rx,0,8,0,1,0,0,0,0,0,1
1200000,544,false,Rx,0,8,192,0,0,0,0,0,0,0
1200000,4F1,false,Rx,0,8,192,0,0,0,0,0,0,192
1210000,018,false,Rx,0,8,70,251,0,0,0,0,0,65
1210000,02C,false,Rx,0,8,144,184,3,0,0,0,0,75
1210000,050,false,Rx,0,8,0,1,0,0,0,0,0,1
1210000,251,false,Rx,0,8,144,143,207,0,0,0,0,238
1210000,260,false,Rx,0,8,144,186,206,0,0,0,0,24
1220000,018,false,Rx,0,8,70,246,2,0,0,0,0,62
1220000,02C,false,Rx,0,8,160,183,92,0,0,0,0,179
1220000,050,false,Rx,0,8,0,1,0,0,0,0,0,1
1220000,0A6,false,Rx,0,8,9,255,9,255,9,255,9,255
1220000,251,false,Rx,0,8,160,145,235,0,0,0,0,28
1220000,260,false,Rx,0,8,160,186,73,0,0,0,0,163
1220000,316,false,Rx,0,8,0,1,0,0,0,0,0,1
1220000,544,false,Rx,0,8,208,0,0,0,0,0,0,0
1230000,018,false,Rx,0,8,70,240,3,0,0,0,0,57
1230000,02C,false,Rx,0,8,176,183,73,0,0,0,0,176
1230000,050,false,Rx,0,8,0,1,0,0,0,0,0,1
1230000,251,false,Rx,0,8,176,147,124,0,0,0,0,191
1230000,260,false,Rx,0,8,176,185,205,0,0,0,0,54
1240000,018,false,Rx,0,8,70,235,0,0,0,0,0,49
1240000,02C,false,Rx,0,8,192,182,205,0,0,0,0,67
1240000,050,false,Rx,0,8,0,1,0,0,0,0,0,1
1240000,0A6,false,Rx,0,8,9,255,9,255,9,255,9,255
1240000,251,false,Rx,0,8,192,149,115,0,0,0,0,200
1240000,260,false,Rx,0,8,192,185,19,0,0,0,0,140
1240000,316,false,Rx,0,8,0,1,0,0,0,0,0,1
1240000,544,false,Rx,0,8,224,0,0,0,0,0,0,0
1250000,018,false,Rx,0,8,70,230,0,0,0,0,0,44
1250000,02C,false,Rx,0,8,208,181,35,0,0,0,0,168
1250000,050,false,Rx,0,8,0,1,0,0,0,0,0,1
1250000,251,false,Rx,0,8,208,151,153,0,0,0,0,0
1250000,260,false,Rx,0,8,208,184,202,0,0,0,0,82
1260000,018,false,Rx,0,8,70,224,2,0,0,0,0,40
1260000,02C,false,Rx,0,8,224,180,72,0,0,0,0,220
1260000,050,false,Rx,0,8,0,1,0,0,0,0,0,1
1260000,0A6,false,Rx,0,8,9,255,9,255,9,255,9,255
1260000,251,false,Rx,0,8,224,152,41,0,0,0,0,161
1260000,260,false,Rx,0,8,224,184,169,0,0,0,0,65
1260000,316,false,Rx,0,8,0,1,0,0,0,0,0,1
1260000,544,false,Rx,0,8,240,0,0,0,0,0,0,0
1270000,018,false,Rx,0,8,70,218,2,0,0,0,0,34
1270000,02C,false,Rx,0,8,240,179,15,0,0,0,0,178
1270000,050,false,Rx,0,8,0,1,0,0,0,0,0,1
1270000,251,false,Rx,0,8,240,154,16,0,0,0,0,154
1270000,260,false,Rx,0,8,240,183,121,0,0,0,0,32
1280000,018,false,Rx,0,8,70,213,1,0,0,0,0,28
1280000,02C,false,Rx,0,8,0,178,46,0,0,0,0,224
1280000,050,false,Rx,0,8,0,1,0,0,0,0,0,1
1280000,0A6,false,Rx,0,8,9,255,9,255,9,255,9,255
1280000,251,false,Rx,0,8,0,156,47,0,0,0,0,203
1280000,260,false,Rx,0,8,0,182,25,0,0,0,0,207
1280000,316,false,Rx,0,8,0,1,0,0,0,0,0,1
1280000,544,false,Rx,0,8,0,0,0,0,0,0,0,0
1290000,018,false,Rx,0,8,70,207,0,0,0,0,0,21
1290000,02C,false,Rx,0,8,16,177,110,0,0,0,0,47
1290000,050,false,Rx,0,8,0,1,0,0,0,0,0,1
1290000,251,false,Rx,0,8,16,157,207,0,0,0,0,124
1290000,260,false,Rx,0,8,16,182,243,0,0,0,0,185
1300000,018,false,Rx,0,8,70,202,1,0,0,0,0,17
1300000,02C,false,Rx,0,8,32,176,192,0,0,0,0,144
1300000,050,false,Rx,0,8,0,1,0,0,0,0,0,1
1300000,0A6,false,Rx,0,8,9,254,9,254,9,254,9,254
1300000,251,false,Rx,0,8,32,159,194,0,0,0,0,129
1300000,260,false,Rx,0,8,32,181,137,0,0,0,0,94
1300000,316,false,Rx,0,8,0,1,0,0,0,0,0,1
1300000,544,false,Rx,0,8,16,0,0,0,0,0,0,0
1300000,4F1,false,Rx,0,8,208,0,0,0,0,0,0,208
1310000,018,false,Rx,0,8,70,196,0,0,0,0,0,10
1310000,02C,false,Rx,0,8,48,175,214,0,0,0,0,181
1310000,050,false,Rx,0,8,0,1,0,0,0,0,0,1
1310000,251,false,Rx,0,8,48,161,193,0,0,0,0,146
1310000,260,false,Rx,0,8,48,180,190,0,0,0,0,162
1320000,018,false,Rx,0,8,70,190,0,0,0,0,0,4
1320000,02C,false,Rx,0,8,64,174,232,0,0,0,0,214
1320000,050,false,Rx,0,8,0,1,0,0,0,0,0,1
1320000,0A6,false,Rx,0,8,9,253,9,253,9,253,9,253
1320000,251,false,Rx,0,8,64,162,243,0,0,0,0,213
1320000,260,false,Rx,0,8,64,179,10,0,0,0,0,253
1320000,316,false,Rx,0,8,0,1,0,0,0,0,0,1
1320000,544,false,Rx,0,8,32,0,0,0,0,0,0,0
1330000,018,false,Rx,0,8,70,184,3,0,0,0,0,1
1330000,02C,false,Rx,0,8,80,172,174,0,0,0,0,170
1330000,050,false,Rx,0,8,0,1,0,0,0,0,0,1
1330000,251,false,Rx,0,8,80,164,28,0,0,0,0,16
1330000,260,false,Rx,0,8,80,178,172,0,0,0,0,174
1340000,018,false,Rx,0,8,70,178,0,0,0,0,0,248
1340000,02C,false,Rx,0,8,96,171,80,0,0,0,0,91
1340000,050,false,Rx,0,8,0,1,0,0,0,0,0,1
1340000,0A6,false,Rx,0,8,9,251,9,251,9,251,9,251
1340000,251,false,Rx,0,8,96,165,4,0,0,0,0,9
1340000,260,false,Rx,0,8,96,177,155,0,0,0,0,172
1340000,316,false,Rx,0,8,0,1,0,0,0,0,0,1
1340000,544,false,Rx,0,8,48,0,0,0,0,0,0,0
1350000,018,false,Rx,0,8,70,172,1,0,0,0,0,243
1350000,02C,false,Rx,0,8,112,170,189,0,0,0,0,215
1350000,050,false,Rx,0,8,0,1,0,0,0,0,0,1
1350000,251,false,Rx,0,8,112,167,87,0,0,0,0,110
1350000,260,false,Rx,0,8,112,176,159,0,0,0,0,191
1360000,018,false,Rx,0,8,70,166,1,0,0,0,0,237
1360000,02C,false,Rx,0,8,128,168,159,0,0,0,0,199
1360000,050,false,Rx,0,8,0,1,0,0,0,0,0,1
1360000,0A6,false,Rx,0,8,9,249,9,249,9,249,9,249
1360000,251,false,Rx,0,8,128,168,42,0,0,0,0,82
1360000,260,false,Rx,0,8,128,175,143,0,0,0,0,190
1360000,316,false,Rx,0,8,0,1,0,0,0,0,0,1
1360000,544,false,Rx,0,8,64,0,0,0,0,0,0,0
1370000,018,false,Rx,0,8,70,160,3,0,0,0,0,233
1370000,02C,false,Rx,0,8,144,167,166,0,0,0,0,221
1370000,050,false,Rx,0,8,0,1,0,0,0,0,0,1
1370000,251,false,Rx,0,8,144,169,255,0,0,0,0,56
1370000,260,false,Rx,0,8,144,173,251,0,0,0,0,56
1380000,018,false,Rx,0,8,70,154,1,0,0,0,0,225
1380000,02C,false,Rx,0,8,160,166,43,0,0,0,0,113
1380000,050,false,Rx,0,8,0,1,0,0,0,0,0,1
1380000,0A6,false,Rx,0,8,9,247,9,247,9,247,9,247
1380000,251,false,Rx,0,8,160,171,222,0,0,0,0,41
1380000,260,false,Rx,0,8,160,172,50,0,0,0,0,126
1380000,316,false,Rx,0,8,0,1,0,0,0,0,0,1
1380000,544,false,Rx,0,8,80,0,0,0,0,0,0,0
1390000,018,false,Rx,0,8,70,148,2,0,0,0,0,220
1390000,02C,false,Rx,0,8,176,164,26,0,0,0,0,110
1390000,050,false,Rx,0,8,0,1,0,0,0,0,0,1
1390000,251,false,Rx,0,8,176,172,169,0,0,0,0,5
1390000,260,false,Rx,0,8,176,171,116,0,0,0,0,207
1400000,018,false,Rx,0,8,70,142,3,0,0,0,0,215
1400000,02C,false,Rx,0,8,192,163,79,0,0,0,0,178
1400000,050,false,Rx,0,8,0,1,0,0,0,0,0,1
1400000,0A6,false,Rx,0,8,9,244,9,244,9,244,9,244
1400000,251,false,Rx,0,8,192,173,48,0,0,0,0,157
1400000,260,false,Rx,0,8,192,169,68,0,0,0,0,173
1400000,316,false,Rx,0,8,0,1,0,0,0,0,0,1
1400000,544,false,Rx,0,8,96,0,0,0,0,0,0,0
1400000,4F1,false,Rx,0,8,224,0,0,0,0,0,0,224
1410000,018,false,Rx,0,8,70,136,1,0,0,0,0,207
1410000,02C,false,Rx,0,8,208,161,80,0,0,0,0,193
1410000,050,false,Rx,0,8,0,1,0,0,0,0,0,1
1410000,251,false,Rx,0,8,208,174,21,0,0,0,0,147
1410000,260,false,Rx,0,8,208,168,153,0,0,0,0,17
1420000,018,false,Rx,0,8,70,130,1,0,0,0,0,201
1420000,02C,false,Rx,0,8,224,160,25,0,0,0,0,153
1420000,050,false,Rx,0,8,0,1,0,0,0,0,0,1
1420000,0A6,false,Rx,0,8,9,241,9,241,9,241,9,241
1420000,251,false,Rx,0,8,224,176,117,0,0,0,0,5
1420000,260,false,Rx,0,8,224,167,226,0,0,0,0,105
1420000,316,false,Rx,0,8,0,1,0,0,0,0,0,1
1420000,544,false,Rx,0,8,112,0,0,0,0,0,0,0
1430000,018,false,Rx,0,8,70,123,2,0,0,0,0,195
1430000,02C,false,Rx,0,8,240,158,41,0,0,0,0,183
1430000,050,false,Rx,0,8,0,1,0,0,0,0,0,1
1430000,251,false,Rx,0,8,240,177,108,0,0,0,0,13
1430000,260,false,Rx,0,8,240,165,164,0,0,0,0,57
1440000,018,false,Rx,0,8,70,117,3,0,0,0,0,190
1440000,02C,false,Rx,0,8,0,156,139,0,0,0,0,39
1440000,050,false,Rx,0,8,0,1,0,0,0,0,0,1
1440000,0A6,false,Rx,0,8,9,237,9,237,9,237,9,237
1440000,251,false,Rx,0,8,0,178,243,0,0,0,0,165
1440000,260,false,Rx,0,8,0,164,137,0,0,0,0,45
1440000,316,false,Rx,0,8,0,1,0,0,0,0,0,1
1440000,544,false,Rx,0,8,128,0,0,0,0,0,0,0
1450000,018,false,Rx,0,8,70,111,2,0,0,0,0,183
1450000,02C,false,Rx,0,8,16,155,226,0,0,0,0,141
1450000,050,false,Rx,0,8,0,1,0,0,0,0,0,1
1450000,251,false,Rx,0,8,16,179,138,0,0,0,0,77
1450000,260,false,Rx,0,8,16,162,213,0,0,0,0,135
1460000,018,false,Rx,0,8,70,105,3,0,0,0,0,178
1460000,02C,false,Rx,0,8,32,153,217,0,0,0,0,146
1460000,050,false,Rx,0,8,0,1,0,0,0,0,0,1
1460000,0A6,false,Rx,0,8,9,233,9,233,9,233,9,233
1460000,251,false,Rx,0,8,32,180,23,0,0,0,0,235
1460000,260,false,Rx,0,8,32,161,45,0,0,0,0,238
1460000,316,false,Rx,0,8,0,1,0,0,0,0,0,1
1460000,544,false,Rx,0,8,144,0,0,0,0,0,0,0
1470000,018,false,Rx,0,8,70,98,3,0,0,0,0,171
1470000,02C,false,Rx,0,8,48,151,248,0,0,0,0,191
1470000,050,false,Rx,0,8,0,1,0,0,0,0,0,1
1470000,251,false,Rx,0,8,48,181,38,0,0,0,0,11
1470000,260,false,Rx,0,8,48,159,96,0,0,0,0,47
1480000,018,false,Rx,0,8,70,92,0,0,0,0,0,162
1480000,02C,false,Rx,0,8,64,149,226,0,0,0,0,183
1480000,050,false,Rx,0,8,0,1,0,0,0,0,0,1
1480000,0A6,false,Rx,0,8,9,229,9,229,9,229,9,229
1480000,251,false,Rx,0,8,64,181,143,0,0,0,0,132
1480000,260,false,Rx,0,8,64,158,226,0,0,0,0,192
1480000,316,false,Rx,0,8,0,1,0,0,0,0,0,1
1480000,544,false,Rx,0,8,160,0,0,0,0,0,0,0
1490000,018,false,Rx,0,8,70,86,1,0,0,0,0,157
1490000,02C,false,Rx,0,8,80,148,212,0,0,0,0,184
1490000,050,false,Rx,0,8,0,1,0,0,0,0,0,1
1490000,251,false,Rx,0,8,80,182,16,0,0,0,0,22
1490000,260,false,Rx,0,8,80,156,108,0,0,0,0,88
1500000,018,false,Rx,0,8,70,80,1,0,0,0,0,151
1500000,02C,false,Rx,0,8,96,146,139,0,0,0,0,125
1500000,050,false,Rx,0,8,0,1,0,0,0,0,0,1
1500000,0A6,false,Rx,0,8,9,224,9,224,9,224,9,224
1500000,251,false,Rx,0,8,96,183,91,0,0,0,0,114
1500000,260,false,Rx,0,8,96,154,208,0,0,0,0,202
1500000,316,false,Rx,0,8,0,1,0,0,0,0,0,1
1500000,544,false,Rx,0,8,176,0,0,0,0,0,0,0
1500000,4F1,false,Rx,0,8,240,0,0,0,0,0,0,240
1510000,018,false,Rx,0,8,70,73,0,0,0,0,0,143
1510000,02C,false,Rx,0,8,112,144,110,0,0,0,0,110
1510000,050,false,Rx,0,8,0,1,0,0,0,0,0,1
1510000,251,false,Rx,0,8,112,184,161,0,0,0,0,201
1510000,260,false,Rx,0,8,112,152,248,0,0,0,0,0
1520000,018,false,Rx,0,8,70,67,2,0,0,0,0,139
1520000,02C,false,Rx,0,8,128,142,58,0,0,0,0,72
1520000,050,false,Rx,0,8,0,1,0,0,0,0,0,1
1520000,0A6,false,Rx,0,8,9,219,9,219,9,219,9,219
1520000,251,false,Rx,0,8,128,184,8,0,0,0,0,64
1520000,260,false,Rx,0,8,128,151,191,0,0,0,0,214
1520000,316,false,Rx,0,8,0,1,0,0,0,0,0,1
1520000,544,false,Rx,0,8,192,0,0,0,0,0,0,0
1530000,018,false,Rx,0,8,70,61,0,0,0,0,0,131
1530000,02C,false,Rx,0,8,144,140,176,0,0,0,0,204
1530000,050,false,Rx,0,8,0,1,0,0,0,0,0,1
1530000,251,false,Rx,0,8,144,185,106,0,0,0,0,179
1530000,260,false,Rx,0,8,144,149,28,0,0,0,0,65
1540000,018,false,Rx,0,8,70,54,1,0,0,0,0,125
1540000,02C,false,Rx,0,8,160,139,220,0,0,0,0,7
1540000,050,false,Rx,0,8,0,1,0,0,0,0,0,1
1540000,0A6,false,Rx,0,8,9,213,9,213,9,213,9,213
1540000,251,false,Rx,0,8,160,185,73,0,0,0,0,162
1540000,260,false,Rx,0,8,160,147,81,0,0,0,0,132
1540000,316,false,Rx,0,8,0,1,0,0,0,0,0,1
1540000,544,false,Rx,0,8,208,0,0,0,0,0,0,0
1550000,018,false,Rx,0,8,70,48,1,0,0,0,0,119
1550000,02C,false,Rx,0,8,176,137,56,0,0,0,0,113
1550000,050,false,Rx,0,8,0,1,0,0,0,0,0,1
1550000,251,false,Rx,0,8,176,186,203,0,0,0,0,53
1550000,260,false,Rx,0,8,176,145,33,0,0,0,0,98
1560000,018,false,Rx,0,8,70,42,0,0,0,0,0,112
1560000,02C,false,Rx,0,8,192,135,145,0,0,0,0,216
1560000,050,false,Rx,0,8,0,1,0,0,0,0,0,1
1560000,0A6,false,Rx,0,8,9,208,9,208,9,208,9,208
1560000,251,false,Rx,0,8,192,186,39,0,0,0,0,161
1560000,260,false,Rx,0,8,192,144,159,0,0,0,0,239
1560000,316,false,Rx,0,8,0,1,0,0,0,0,0,1
1560000,544,false,Rx,0,8,224,0,0,0,0,0,0,0
1570000,018,false,Rx,0,8,70,36,0,0,0,0,0,106
1570000,02C,false,Rx,0,8,208,133,249,0,0,0,0,78
1570000,050,false,Rx,0,8,0,1,0,0,0,0,0,1
1570000,251,false,Rx,0,8,208,187,153,0,0,0,0,36
1570000,260,false,Rx,0,8,208,142,206,0,0,0,0,44
1580000,018,false,Rx,0,8,70,29,0,0,0,0,0,99
1580000,02C,false,Rx,0,8,224,131,157,0,0,0,0,0
1580000,050,false,Rx,0,8,0,1,0,0,0,0,0,1
1580000,0A6,false,Rx,0,8,9,201,9,201,9,201,9,201
1580000,251,false,Rx,0,8,224,187,83,0,0,0,0,238
1580000,260,false,Rx,0,8,224,140,69,0,0,0,0,177
1580000,316,false,Rx,0,8,0,1,0,0,0,0,0,1
1580000,544,false,Rx,0,8,240,0,0,0,0,0,0,0
1590000,018,false,Rx,0,8,70,23,1,0,0,0,0,94
1590000,02C,false,Rx,0,8,240,129,23,0,0,0,0,136
1590000,050,false,Rx,0,8,0,1,0,0,0,0,0,1
1590000,251,false,Rx,0,8,240,187,123,0,0,0,0,38
1590000,260,false,Rx,0,8,240,138,14,0,0,0,0,136
1600000,018,false,Rx,0,8,70,17,0,0,0,0,0,87
1600000,02C,false,Rx,0,8,0,127,112,0,0,0,0,239
1600000,050,false,Rx,0,8,0,1,0,0,0,0,0,1
1600000,0A6,false,Rx,0,8,9,195,9,195,9,195,9,195
1600000,251,false,Rx,0,8,0,187,199,0,0,0,0,130
1600000,260,false,Rx,0,8,0,136,88,0,0,0,0,224
1600000,316,false,Rx,0,8,0,1,0,0,0,0,0,1
1600000,544,false,Rx,0,8,0,0,0,0,0,0,0,0
1600000,4F1,false,Rx,0,8,0,0,0,0,0,0,0,0
1610000,018,false,Rx,0,8,70,11,0,0,0,0,0,81
1610000,02C,false,Rx,0,8,16,126,202,0,0,0,0,88
1610000,050,false,Rx,0,8,0,1,0,0,0,0,0,1
1610000,251,false,Rx,0,8,16,187,169,0,0,0,0,116
1610000,260,false,Rx,0,8,16,134,98,0,0,0,0,248
1620000,018,false,Rx,0,8,70,5,2,0,0,0,0,77
1620000,02C,false,Rx,0,8,32,124,28,0,0,0,0,184
1620000,050,false,Rx,0,8,0,1,0,0,0,0,0,1
1620000,0A6,false,Rx,0,8,9,188,9,188,9,188,9,188
1620000,251,false,Rx,0,8,32,187,196,0,0,0,0,159
1620000,260,false,Rx,0,8,32,133,102,0,0,0,0,11
1620000,316,false,Rx,0,8,0,1,0,0,0,0,0,1
1620000,544,false,Rx,0,8,16,0,0,0,0,0,0,0
1630000,018,false,Rx,0,8,69,255,0,0,0,0,0,68
1630000,02C,false,Rx,0,8,48,122,3,0,0,0,0,173
1630000,050,false,Rx,0,8,0,1,0,0,0,0,0,1
1630000,251,false,Rx,0,8,48,187,71,0,0,0,0,50
1630000,260,false,Rx,0,8,48,131,29,0,0,0,0,208
1640000,018,false,Rx,0,8,69,249,1,0,0,0,0,63
1640000,02C,false,Rx,0,8,64,120,104,0,0,0,0,32
1640000,050,false,Rx,0,8,0,1,0,0,0,0,0,1
1640000,0A6,false,Rx,0,8,9,180,9,180,9,180,9,180
1640000,251,false,Rx,0,8,64,187,40,0,0,0,0,35
1640000,260,false,Rx,0,8,64,129,127,0,0,0,0,64
1640000,316,false,Rx,0,8,0,1,0,0,0,0,0,1
1640000,544,false,Rx,0,8,32,0,0,0,0,0,0,0
1650000,018,false,Rx,0,8,69,243,2,0,0,0,0,58
1650000,02C,false,Rx,0,8,80,118,154,0,0,0,0,96
1650000,050,false,Rx,0,8,0,1,0,0,0,0,0,1
1650000,251,false,Rx,0,8,80,187,177,0,0,0,0,188
1650000,260,false,Rx,0,8,80,127,16,0,0,0,0,223
1660000,018,false,Rx,0,8,69,237,3,0,0,0,0,53
1660000,02C,false,Rx,0,8,96,116,108,0,0,0,0,64
1660000,050,false,Rx,0,8,0,1,0,0,0,0,0,1
1660000,0A6,false,Rx,0,8,9,172,9,172,9,172,9,172
1660000,251,false,Rx,0,8,96,187,27,0,0,0,0,54
1660000,260,false,Rx,0,8,96,125,233,0,0,0,0,198
1660000,316,false,Rx,0,8,0,1,0,0,0,0,0,1
1660000,544,false,Rx,0,8,48,0,0,0,0,0,0,0
1670000,018,false,Rx,0,8,69,231,1,0,0,0,0,45
1670000,02C,false,Rx,0,8,112,114,70,0,0,0,0,40
1670000,050,false,Rx,0,8,0,1,0,0,0,0,0,1
1670000,251,false,Rx,0,8,112,187,50,0,0,0,0,93
1670000,260,false,Rx,0,8,112,123,25,0,0,0,0,4
1680000,018,false,Rx,0,8,69,225,1,0,0,0,0,39
1680000,02C,false,Rx,0,8,128,112,130,0,0,0,0,114
1680000,050,false,Rx,0,8,0,1,0,0,0,0,0,1
1680000,0A6,false,Rx,0,8,9,164,9,164,9,164,9,164
1680000,251,false,Rx,0,8,128,187,223,0,0,0,0,26
1680000,260,false,Rx,0,8,128,121,184,0,0,0,0,177
1680000,316,false,Rx,0,8,0,1,0,0,0,0,0,1
1680000,544,false,Rx,0,8,64,0,0,0,0,0,0,0
1690000,018,false,Rx,0,8,69,219,3,0,0,0,0,35
1690000,02C,false,Rx,0,8,144,111,148,0,0,0,0,147
1690000,050,false,Rx,0,8,0,1,0,0,0,0,0,1
1690000,251,false,Rx,0,8,144,186,118,0,0,0,0,192
1690000,260,false,Rx,0,8,144,119,101,0,0,0,0,108
1700000,018,false,Rx,0,8,69,213,1,0,0,0,0,27
1700000,02C,false,Rx,0,8,160,109,167,0,0,0,0,180
1700000,050,false,Rx,0,8,0,1,0,0,0,0,0,1
1700000,0A6,false,Rx,0,8,9,156,9,156,9,156,9,156
1700000,251,false,Rx,0,8,160,186,38,0,0,0,0,128
1700000,260,false,Rx,0,8,160,118,140,0,0,0,0,162
1700000,316,false,Rx,0,8,0,1,0,0,0,0,0,1
1700000,544,false,Rx,0,8,80,0,0,0,0,0,0,0
1700000,4F1,false,Rx,0,8,16,0,0,0,0,0,0,16
1710000,018,false,Rx,0,8,69,208,3,0,0,0,0,24
1710000,02C,false,Rx,0,8,176,107,61,0,0,0,0,88
1710000,050,false,Rx,0,8,0,1,0,0,0,0,0,1
1710000,251,false,Rx,0,8,176,185,174,0,0,0,0,23
1710000,260,false,Rx,0,8,176,116,188,0,0,0,0,224
1720000,018,false,Rx,0,8,69,202,3,0,0,0,0,18
1720000,02C,false,Rx,0,8,192,105,3,0,0,0,0,44
1720000,050,false,Rx,0,8,0,1,0,0,0,0,0,1
1720000,0A6,false,Rx,0,8,9,147,9,147,9,147,9,147
1720000,251,false,Rx,0,8,192,185,203,0,0,0,0,68
1720000,260,false,Rx,0,8,192,114,237,0,0,0,0,31
1720000,316,false,Rx,0,8,0,1,0,0,0,0,0,1
1720000,544,false,Rx,0,8,96,0,0,0,0,0,0,0
1730000,018,false,Rx,0,8,69,197,1,0,0,0,0,11
1730000,02C,false,Rx,0,8,208,104,254,0,0,0,0,54
1730000,050,false,Rx,0,8,0,1,0,0,0,0,0,1
1730000,251,false,Rx,0,8,208,184,167,0,0,0,0,47
1730000,260,false,Rx,0,8,208,112,203,0,0,0,0,11
1740000,018,false,Rx,0,8,69,191,0,0,0,0,0,4
1740000,02C,false,Rx,0,8,224,102,220,0,0,0,0,34
1740000,050,false,Rx,0,8,0,1,0,0,0,0,0,1
1740000,0A6,false,Rx,0,8,9,138,9,138,9,138,9,138
1740000,251,false,Rx,0,8,224,184,15,0,0,0,0,167
1740000,260,false,Rx,0,8,224,110,63,0,0,0,0,141
1740000,316,false,Rx,0,8,0,1,0,0,0,0,0,1
1740000,544,false,Rx,0,8,112,0,0,0,0,0,0,0
1750000,018,false,Rx,0,8,69,186,0,0,0,0,0,255
1750000,02C,false,Rx,0,8,240,100,89,0,0,0,0,173
1750000,050,false,Rx,0,8,0,1,0,0,0,0,0,1
1750000,251,false,Rx,0,8,240,183,139,0,0,0,0,50
1750000,260,false,Rx,0,8,240,108,15,0,0,0,0,107
1760000,018,false,Rx,0,8,69,180,3,0,0,0,0,252
1760000,02C,false,Rx,0,8,0,99,66,0,0,0,0,165
1760000,050,false,Rx,0,8,0,1,0,0,0,0,0,1
1760000,0A6,false,Rx,0,8,9,129,9,129,9,129,9,129
1760000,251,false,Rx,0,8,0,182,230,0,0,0,0,156
1760000,260,false,Rx,0,8,0,107,123,0,0,0,0,230
1760000,316,false,Rx,0,8,0,1,0,0,0,0,0,1
1760000,544,false,Rx,0,8,128,0,0,0,0,0,0,0
1770000,018,false,Rx,0,8,69,175,2,0,0,0,0,246
1770000,02C,false,Rx,0,8,16,97,194,0,0,0,0,51
1770000,050,false,Rx,0,8,0,1,0,0,0,0,0,1
1770000,251,false,Rx,0,8,16,181,251,0,0,0,0,192
1770000,260,false,Rx,0,8,16,105,190,0,0,0,0,55
1780000,018,false,Rx,0,8,69,169,3,0,0,0,0,241
1780000,02C,false,Rx,0,8,32,95,117,0,0,0,0,244
1780000,050,false,Rx,0,8,0,1,0,0,0,0,0,1
1780000,0A6,false,Rx,0,8,9,119,9,119,9,119,9,119
1780000,251,false,Rx,0,8,32,180,116,0,0,0,0,72
1780000,260,false,Rx,0,8,32,103,250,0,0,0,0,129
1780000,316,false,Rx,0,8,0,1,0,0,0,0,0,1
1780000,544,false,Rx,0,8,144,0,0,0,0,0,0,0
1790000,018,false,Rx,0,8,69,164,3,0,0,0,0,236
1790000,02C,false,Rx,0,8,48,94,181,0,0,0,0,67
1790000,050,false,Rx,0,8,0,1,0,0,0,0,0,1
1790000,251,false,Rx,0,8,48,180,182,0,0,0,0,154
1790000,260,false,Rx,0,8,48,101,228,0,0,0,0,121
1800000,018,false,Rx,0,8,69,159,3,0,0,0,0,231
1800000,02C,false,Rx,0,8,64,92,36,0,0,0,0,192
1800000,050,false,Rx,0,8,0,1,0,0,0,0,0,1
1800000,0A6,false,Rx,0,8,9,109,9,109,9,109,9,109
1800000,251,false,Rx,0,8,64,179,192,0,0,0,0,179
1800000,260,false,Rx,0,8,64,100,90,0,0,0,0,254
1800000,316,false,Rx,0,8,0,1,0,0,0,0,0,1
1800000,544,false,Rx,0,8,160,0,0,0,0,0,0,0
1800000,4F1,false,Rx,0,8,32,0,0,0,0,0,0,32
1810000,018,false,Rx,0,8,69,154,0,0,0,0,0,223
1810000,02C,false,Rx,0,8,80,91,203,0,0,0,0,118
1810000,050,false,Rx,0,8,0,1,0,0,0,0,0,1
1810000,251,false,Rx,0,8,80,178,221,0,0,0,0,223
1810000,260,false,Rx,0,8,80,98,242,0,0,0,0,164
1820000,018,false,Rx,0,8,69,149,0,0,0,0,0,218
1820000,02C,false,Rx,0,8,96,89,21,0,0,0,0,206
1820000,050,false,Rx,0,8,0,1,0,0,0,0,0,1
1820000,0A6,false,Rx,0,8,9,98,9,98,9,98,9,98
1820000,251,false,Rx,0,8,96,177,95,0,0,0,0,112
1820000,260,false,Rx,0,8,96,96,179,0,0,0,0,115
1820000,316,false,Rx,0,8,0,1,0,0,0,0,0,1
1820000,544,false,Rx,0,8,176,0,0,0,0,0,0,0
1830000,018,false,Rx,0,8,69,144,0,0,0,0,0,213
1830000,02C,false,Rx,0,8,112,88,223,0,0,0,0,167
1830000,050,false,Rx,0,8,0,1,0,0,0,0,0,1
1830000,251,false,Rx,0,8,112,175,194,0,0,0,0,225
1830000,260,false,Rx,0,8,112,95,176,0,0,0,0,127
1840000,018,false,Rx,0,8,69,139,3,0,0,0,0,211
1840000,02C,false,Rx,0,8,128,86,9,0,0,0,0,223
1840000,050,false,Rx,0,8,0,1,0,0,0,0,0,1
1840000,0A6,false,Rx,0,8,9,88,9,88,9,88,9,88
1840000,251,false,Rx,0,8,128,174,43,0,0,0,0,89
1840000,260,false,Rx,0,8,128,93,83,0,0,0,0,48
1840000,316,false,Rx,0,8,0,1,0,0,0,0,0,1
1840000,544,false,Rx,0,8,192,0,0,0,0,0,0,0
1850000,018,false,Rx,0,8,69,135,2,0,0,0,0,206
1850000,02C,false,Rx,0,8,144,85,235,0,0,0,0,208
1850000,050,false,Rx,0,8,0,1,0,0,0,0,0,1
1850000,251,false,Rx,0,8,144,173,151,0,0,0,0,212
1850000,260,false,Rx,0,8,144,92,132,0,0,0,0,112
1860000,018,false,Rx,0,8,69,130,0,0,0,0,0,199
1860000,02C,false,Rx,0,8,160,84,39,0,0,0,0,27
1860000,050,false,Rx,0,8,0,1,0,0,0,0,0,1
1860000,0A6,false,Rx,0,8,9,76,9,76,9,76,9,76
1860000,251,false,Rx,0,8,160,172,126,0,0,0,0,202
1860000,260,false,Rx,0,8,160,90,46,0,0,0,0,40
1860000,316,false,Rx,0,8,0,1,0,0,0,0,0,1
1860000,544,false,Rx,0,8,208,0,0,0,0,0,0,0
1870000,018,false,Rx,0,8,69,126,1,0,0,0,0,196
1870000,02C,false,Rx,0,8,176,82,160,0,0,0,0,162
1870000,050,false,Rx,0,8,0,1,0,0,0,0,0,1
1870000,251,false,Rx,0,8,176,170,37,0,0,0,0,127
1870000,260,false,Rx,0,8,176,89,145,0,0,0,0,154
1880000,018,false,Rx,0,8,69,121,1,0,0,0,0,191
1880000,02C,false,Rx,0,8,192,81,219,0,0,0,0,236
1880000,050,false,Rx,0,8,0,1,0,0,0,0,0,1
1880000,0A6,false,Rx,0,8,9,65,9,65,9,65,9,65
1880000,251,false,Rx,0,8,192,169,42,0,0,0,0,147
1880000,260,false,Rx,0,8,192,87,14,0,0,0,0,37
1880000,316,false,Rx,0,8,0,1,0,0,0,0,0,1
1880000,544,false,Rx,0,8,224,0,0,0,0,0,0,0
1890000,018,false,Rx,0,8,69,117,1,0,0,0,0,187
1890000,02C,false,Rx,0,8,208,80,207,0,0,0,0,239
1890000,050,false,Rx,0,8,0,1,0,0,0,0,0,1
1890000,251,false,Rx,0,8,208,168,137,0,0,0,0,1
1890000,260,false,Rx,0,8,208,86,197,0,0,0,0,235
1900000,018,false,Rx,0,8,69,113,3,0,0,0,0,185
1900000,02C,false,Rx,0,8,224,79,213,0,0,0,0,4
1900000,050,false,Rx,0,8,0,1,0,0,0,0,0,1
1900000,0A6,false,Rx,0,8,9,54,9,54,9,54,9,54
1900000,251,false,Rx,0,8,224,166,78,0,0,0,0,212
1900000,260,false,Rx,0,8,224,85,25,0,0,0,0,78
1900000,316,false,Rx,0,8,0,1,0,0,0,0,0,1
1900000,544,false,Rx,0,8,240,0,0,0,0,0,0,0
1900000,4F1,false,Rx,0,8,48,0,0,0,0,0,0,48
1910000,018,false,Rx,0,8,69,108,1,0,0,0,0,178
1910000,02C,false,Rx,0,8,240,78,148,0,0,0,0,210
1910000,050,false,Rx,0,8,0,1,0,0,0,0,0,1
1910000,251,false,Rx,0,8,240,165,194,0,0,0,0,87
1910000,260,false,Rx,0,8,240,83,83,0,0,0,0,150
1920000,018,false,Rx,0,8,69,104,3,0,0,0,0,176
1920000,02C,false,Rx,0,8,0,77,58,0,0,0,0,135
1920000,050,false,Rx,0,8,0,1,0,0,0,0,0,1
1920000,0A6,false,Rx,0,8,9,42,9,42,9,42,9,42
1920000,251,false,Rx,0,8,0,163,78,0,0,0,0,241
1920000,260,false,Rx,0,8,0,82,109,0,0,0,0,191
1920000,316,false,Rx,0,8,0,1,0,0,0,0,0,1
1920000,544,false,Rx,0,8,0,0,0,0,0,0,0,0
1930000,018,false,Rx,0,8,69,100,1,0,0,0,0,170
1930000,02C,false,Rx,0,8,16,76,207,0,0,0,0,43
1930000,050,false,Rx,0,8,0,1,0,0,0,0,0,1
1930000,251,false,Rx,0,8,16,162,199,0,0,0,0,121
1930000,260,false,Rx,0,8,16,81,113,0,0,0,0,210
1940000,018,false,Rx,0,8,69,97,2,0,0,0,0,168
1940000,02C,false,Rx,0,8,32,75,10,0,0,0,0,117
1940000,050,false,Rx,0,8,0,1,0,0,0,0,0,1
1940000,0A6,false,Rx,0,8,9,30,9,30,9,30,9,30
1940000,251,false,Rx,0,8,32,160,162,0,0,0,0,98
1940000,260,false,Rx,0,8,32,80,115,0,0,0,0,227
1940000,316,false,Rx,0,8,0,1,0,0,0,0,0,1
1940000,544,false,Rx,0,8,16,0,0,0,0,0,0,0
1950000,018,false,Rx,0,8,69,93,3,0,0,0,0,165
1950000,02C,false,Rx,0,8,48,74,166,0,0,0,0,32
1950000,050,false,Rx,0,8,0,1,0,0,0,0,0,1
1950000,251,false,Rx,0,8,48,159,184,0,0,0,0,135
1950000,260,false,Rx,0,8,48,79,105,0,0,0,0,232
1960000,018,false,Rx,0,8,69,89,1,0,0,0,0,159
1960000,02C,false,Rx,0,8,64,73,87,0,0,0,0,224
1960000,050,false,Rx,0,8,0,1,0,0,0,0,0,1
1960000,0A6,false,Rx,0,8,9,17,9,17,9,17,9,17
1960000,251,false,Rx,0,8,64,157,54,0,0,0,0,19
1960000,260,false,Rx,0,8,64,78,137,0,0,0,0,23
1960000,316,false,Rx,0,8,0,1,0,0,0,0,0,1
1960000,544,false,Rx,0,8,32,0,0,0,0,0,0,0
1970000,018,false,Rx,0,8,69,86,0,0,0,0,0,155
1970000,02C,false,Rx,0,8,80,72,235,0,0,0,0,131
1970000,050,false,Rx,0,8,0,1,0,0,0,0,0,1
1970000,251,false,Rx,0,8,80,155,46,0,0,0,0,25
1970000,260,false,Rx,0,8,80,77,209,0,0,0,0,110
1980000,018,false,Rx,0,8,69,82,3,0,0,0,0,154
1980000,02C,false,Rx,0,8,96,72,185,0,0,0,0,97
1980000,050,false,Rx,0,8,0,1,0,0,0,0,0,1
1980000,0A6,false,Rx,0,8,9,5,9,5,9,5,9,5
1980000,251,false,Rx,0,8,96,154,2,0,0,0,0,252
1980000,260,false,Rx,0,8,96,76,10,0,0,0,0,182
1980000,316,false,Rx,0,8,0,1,0,0,0,0,0,1
1980000,544,false,Rx,0,8,48,0,0,0,0,0,0,0
1990000,018,false,Rx,0,8,69,79,0,0,0,0,0,148
1990000,02C,false,Rx,0,8,112,71,45,0,0,0,0,228
1990000,050,false,Rx,0,8,0,1,0,0,0,0,0,1
1990000,251,false,Rx,0,8,112,152,157,0,0,0,0,165
1990000,260,false,Rx,0,8,112,75,4,0,0,0,0,191
2000000,018,false,Rx,0,8,69,76,0,0,0,0,0,145
2000000,02C,false,Rx,0,8,128,70,223,0,0,0,0,165
2000000,050,false,Rx,0,8,0,1,0,0,0,0,0,1
2000000,0A6,false,Rx,0,8,8,248,8,248,8,248,8,248
2000000,251,false,Rx,0,8,128,150,227,0,0,0,0,249
2000000,260,false,Rx,0,8,128,74,242,0,0,0,0,188
2000000,316,false,Rx,0,8,0,1,0,0,0,0,0,1
2000000,544,false,Rx,0,8,64,0,0,0,0,0,0,0
2000000,593,false,Rx,0,8,178,180,179,181,0,0,0,0
2000000,4F1,false,Rx,0,8,64,0,0,0,0,0,0,64
2009999,018,false,Rx,0,8,69,73,0,0,0,0,0,142
2009999,02C,false,Rx,0,8,144,70,54,0,0,0,0,12
2009999,050,false,Rx,0,8,64,1,0,0,0,0,0,65
2009999,251,false,Rx,0,8,144,149,184,0,0,0,0,221
2009999,260,false,Rx,0,8,144,73,67,0,0,0,0,28
2020000,018,false,Rx,0,8,69,70,0,0,0,0,0,139
2020000,02C,false,Rx,0,8,160,69,124,0,0,0,0,97
2020000,050,false,Rx,0,8,64,1,0,0,0,0,0,65
2020000,0A6,false,Rx,0,8,8,235,8,235,8,235,8,235
2020000,251,false,Rx,0,8,160,147,138,0,0,0,0,189
2020000,260,false,Rx,0,8,160,72,88,0,0,0,0,64
2020000,316,false,Rx,0,8,64,1,0,0,0,0,0,65
2020000,544,false,Rx,0,8,80,0,0,0,0,0,0,0
2029999,018,false,Rx,0,8,69,67,1,0,0,0,0,137
2029999,02C,false,Rx,0,8,176,69,223,0,0,0,0,212
2029999,050,false,Rx,0,8,64,1,0,0,0,0,0,65
2029999,251,false,Rx,0,8,176,145,52,0,0,0,0,117
2029999,260,false,Rx,0,8,176,71,4,0,0,0,0,251
2040000,018,false,Rx,0,8,69,64,1,0,0,0,0,134
2040000,02C,false,Rx,0,8,192,69,205,0,0,0,0,210
2040000,050,false,Rx,0,8,64,1,0,0,0,0,0,65
2040000,0A6,false,Rx,0,8,8,221,8,221,8,221,8,221
2040000,251,false,Rx,0,8,192,143,67,0,0,0,0,146
2040000,260,false,Rx,0,8,192,71,114,0,0,0,0,121
2040000,316,false,Rx,0,8,64,1,0,0,0,0,0,65
2040000,544,false,Rx,0,8,96,0,0,0,0,0,0,0
2049999,018,false,Rx,0,8,69,61,3,0,0,0,0,133
2049999,02C,false,Rx,0,8,208,68,40,0,0,0,0,60
2049999,050,false,Rx,0,8,64,1,0,0,0,0,0,65
2049999,251,false,Rx,0,8,208,141,44,0,0,0,0,137
2049999,260,false,Rx,0,8,208,70,129,0,0,0,0,151
2060000,018,false,Rx,0,8,69,59,3,0,0,0,0,131
2060000,02C,false,Rx,0,8,224,68,202,0,0,0,0,238
2060000,050,false,Rx,0,8,64,1,0,0,0,0,0,65
2060000,0A6,false,Rx,0,8,8,208,8,208,8,208,8,208
2060000,251,false,Rx,0,8,224,140,95,0,0,0,0,203
2060000,260,false,Rx,0,8,224,70,156,0,0,0,0,194
2060000,316,false,Rx,0,8,64,1,0,0,0,0,0,65
2060000,544,false,Rx,0,8,112,0,0,0,0,0,0,0
2069999,018,false,Rx,0,8,69,57,3,0,0,0,0,129
2069999,02C,false,Rx,0,8,240,68,158,0,0,0,0,210
2069999,050,false,Rx,0,8,64,1,0,0,0,0,0,65
2069999,251,false,Rx,0,8,240,138,220,0,0,0,0,86
2069999,260,false,Rx,0,8,240,69,140,0,0,0,0,193
2080000,018,false,Rx,0,8,69,54,1,0,0,0,0,124
2080000,02C,false,Rx,0,8,0,68,173,0,0,0,0,241
2080000,050,false,Rx,0,8,64,1,0,0,0,0,0,65
2080000,0A6,false,Rx,0,8,8,194,8,194,8,194,8,194
2080000,251,false,Rx,0,8,0,136,229,0,0,0,0,109
2080000,260,false,Rx,0,8,0,69,216,0,0,0,0,29
2080000,316,false,Rx,0,8,64,1,0,0,0,0,0,65
2080000,544,false,Rx,0,8,128,0,0,0,0,0,0,0
2089999,018,false,Rx,0,8,69,52,3,0,0,0,0,124
2089999,02C,false,Rx,0,8,16,68,113,0,0,0,0,197
2089999,050,false,Rx,0,8,64,1,0,0,0,0,0,65
2089999,251,false,Rx,0,8,16,134,208,0,0,0,0,102
2089999,260,false,Rx,0,8,16,68,192,0,0,0,0,20
2100000,018,false,Rx,0,8,69,50,0,0,0,0,0,119
2100000,02C,false,Rx,0,8,32,68,170,0,0,0,0,14
2100000,050,false,Rx,0,8,64,1,0,0,0,0,0,65
2100000,0A6,false,Rx,0,8,8,180,8,180,8,180,8,180
2100000,251,false,Rx,0,8,32,132,52,0,0,0,0,216
2100000,260,false,Rx,0,8,32,68,178,0,0,0,0,22
2100000,316,false,Rx,0,8,64,1,0,0,0,0,0,65
2100000,544,false,Rx,0,8,144,0,0,0,0,0,0,0
2100000,4F1,false,Rx,0,8,80,0,0,0,0,0,0,80
2110000,018,false,Rx,0,8,69,48,1,0,0,0,0,118
2110000,02C,false,Rx,0,8,48,68,86,0,0,0,0,202
2110000,050,false,Rx,0,8,64,1,0,0,0,0,0,65
2110000,251,false,Rx,0,8,48,130,13,0,0,0,0,191
2110000,260,false,Rx,0,8,48,68,235,0,0,0,0,95
2120000,018,false,Rx,0,8,69,47,3,0,0,0,0,119
2120000,02C,false,Rx,0,8,64,68,39,0,0,0,0,171
2120000,050,false,Rx,0,8,64,1,0,0,0,0,0,65
2120000,0A6,false,Rx,0,8,8,166,8,166,8,166,8,166
2120000,251,false,Rx,0,8,64,128,45,0,0,0,0,237
2120000,260,false,Rx,0,8,64,68,129,0,0,0,0,5
2120000,316,false,Rx,0,8,64,1,0,0,0,0,0,65
2120000,544,false,Rx,0,8,160,0,0,0,0,0,0,0
2130000,018,false,Rx,0,8,69,45,0,0,0,0,0,114
2130000,02C,false,Rx,0,8,80,68,58,0,0,0,0,206
2130000,050,false,Rx,0,8,64,1,0,0,0,0,0,65
2130000,251,false,Rx,0,8,80,126,181,0,0,0,0,131
2130000,260,false,Rx,0,8,80,68,111,0,0,0,0,3
2140000,018,false,Rx,0,8,69,43,3,0,0,0,0,115
2140000,02C,false,Rx,0,8,96,68,99,0,0,0,0,7
2140000,050,false,Rx,0,8,64,1,0,0,0,0,0,65
2140000,0A6,false,Rx,0,8,8,151,8,151,8,151,8,151
2140000,251,false,Rx,0,8,96,125,47,0,0,0,0,12
2140000,260,false,Rx,0,8,96,68,238,0,0,0,0,146
2140000,316,false,Rx,0,8,64,1,0,0,0,0,0,65
2140000,544,false,Rx,0,8,176,0,0,0,0,0,0,0
2150000,018,false,Rx,0,8,69,42,2,0,0,0,0,113
2150000,02C,false,Rx,0,8,112,68,178,0,0,0,0,102
2150000,050,false,Rx,0,8,64,1,0,0,0,0,0,65
2150000,251,false,Rx,0,8,112,123,166,0,0,0,0,145
2150000,260,false,Rx,0,8,112,68,154,0,0,0,0,78
2160000,018,false,Rx,0,8,69,41,3,0,0,0,0,113
2160000,02C,false,Rx,0,8,128,69,179,0,0,0,0,120
2160000,050,false,Rx,0,8,64,1,0,0,0,0,0,65
2160000,0A6,false,Rx,0,8,8,137,8,137,8,137,8,137
2160000,251,false,Rx,0,8,128,121,197,0,0,0,0,190
2160000,260,false,Rx,0,8,128,68,203,0,0,0,0,143
2160000,316,false,Rx,0,8,64,1,0,0,0,0,0,65
2160000,544,false,Rx,0,8,192,0,0,0,0,0,0,0
2170000,018,false,Rx,0,8,69,40,2,0,0,0,0,111
2170000,02C,false,Rx,0,8,144,69,75,0,0,0,0,32
2170000,050,false,Rx,0,8,64,1,0,0,0,0,0,65
2170000,251,false,Rx,0,8,144,119,6,0,0,0,0,13
2170000,260,false,Rx,0,8,144,68,52,0,0,0,0,8
2180000,018,false,Rx,0,8,69,39,3,0,0,0,0,111
2180000,02C,false,Rx,0,8,160,69,120,0,0,0,0,93
2180000,050,false,Rx,0,8,64,1,0,0,0,0,0,65
2180000,0A6,false,Rx,0,8,8,122,8,122,8,122,8,122
2180000,251,false,Rx,0,8,160,117,149,0,0,0,0,170
2180000,260,false,Rx,0,8,160,68,3,0,0,0,0,231
2180000,316,false,Rx,0,8,64,1,0,0,0,0,0,65
2180000,544,false,Rx,0,8,208,0,0,0,0,0,0,0
2190000,018,false,Rx,0,8,69,38,3,0,0,0,0,110
2190000,02C,false,Rx,0,8,176,70,52,0,0,0,0,42
2190000,050,false,Rx,0,8,64,1,0,0,0,0,0,65
2190000,251,false,Rx,0,8,176,115,211,0,0,0,0,246
2190000,260,false,Rx,0,8,176,68,191,0,0,0,0,179
2200000,018,false,Rx,0,8,69,37,1,0,0,0,0,107
2200000,02C,false,Rx,0,8,192,70,74,0,0,0,0,80
2200000,050,false,Rx,0,8,64,1,0,0,0,0,0,65
2200000,0A6,false,Rx,0,8,8,107,8,107,8,107,8,107
2200000,251,false,Rx,0,8,192,113,198,0,0,0,0,247
2200000,260,false,Rx,0,8,192,68,144,0,0,0,0,148
2200000,316,false,Rx,0,8,64,1,0,0,0,0,0,65
2200000,544,false,Rx,0,8,224,0,0,0,0,0,0,0
2200000,4F1,false,Rx,0,8,96,0,0,0,0,0,0,96
2210000,018,false,Rx,0,8,69,37,1,0,0,0,0,107
2210000,02C,false,Rx,0,8,208,71,131,0,0,0,0,154
2210000,050,false,Rx,0,8,64,1,0,0,0,0,0,65
2210000,251,false,Rx,0,8,208,112,43,0,0,0,0,107
2210000,260,false,Rx,0,8,208,69,152,0,0,0,0,173
2220000,018,false,Rx,0,8,69,36,2,0,0,0,0,107
2220000,02C,false,Rx,0,8,224,72,101,0,0,0,0,141
2220000,050,false,Rx,0,8,64,1,0,0,0,0,0,65
2220000,0A6,false,Rx,0,8,8,92,8,92,8,92,8,92
2220000,251,false,Rx,0,8,224,110,124,0,0,0,0,202
2220000,260,false,Rx,0,8,224,69,55,0,0,0,0,92
2220000,316,false,Rx,0,8,64,1,0,0,0,0,0,65
2220000,544,false,Rx,0,8,240,0,0,0,0,0,0,0
2230000,018,false,Rx,0,8,69,36,1,0,0,0,0,106
2230000,02C,false,Rx,0,8,240,72,88,0,0,0,0,144
2230000,050,false,Rx,0,8,64,1,0,0,0,0,0,65
2230000,251,false,Rx,0,8,240,108,86,0,0,0,0,178
2230000,260,false,Rx,0,8,240,70,246,0,0,0,0,44
2240000,018,false,Rx,0,8,69,36,0,0,0,0,0,105
2240000,02C,false,Rx,0,8,0,73,78,0,0,0,0,151
2240000,050,false,Rx,0,8,64,1,0,0,0,0,0,65
2240000,0A6,false,Rx,0,8,8,77,8,77,8,77,8,77
2240000,251,false,Rx,0,8,0,106,194,0,0,0,0,44
2240000,260,false,Rx,0,8,0,70,32,0,0,0,0,102
2240000,316,false,Rx,0,8,64,1,0,0,0,0,0,65
2240000,544,false,Rx,0,8,0,0,0,0,0,0,0,0
2250000,018,false,Rx,0,8,69,36,0,0,0,0,0,105
2250000,02C,false,Rx,0,8,16,74,38,0,0,0,0,128
2250000,050,false,Rx,0,8,64,1,0,0,0,0,0,65
2250000,251,false,Rx,0,8,16,104,86,0,0,0,0,206
2250000,260,false,Rx,0,8,16,71,172,0,0,0,0,3
2260000,018,false,Rx,0,8,69,36,2,0,0,0,0,107
2260000,02C,false,Rx,0,8,32,75,90,0,0,0,0,197
2260000,050,false,Rx,0,8,64,1,0,0,0,0,0,65
2260000,0A6,false,Rx,0,8,8,62,8,62,8,62,8,62
2260000,251,false,Rx,0,8,32,103,71,0,0,0,0,206
2260000,260,false,Rx,0,8,32,71,141,0,0,0,0,244
2260000,316,false,Rx,0,8,64,1,0,0,0,0,0,65
2260000,544,false,Rx,0,8,16,0,0,0,0,0,0,0
2270000,018,false,Rx,0,8,69,36,0,0,0,0,0,105
2270000,02C,false,Rx,0,8,48,76,252,0,0,0,0,120
2270000,050,false,Rx,0,8,64,1,0,0,0,0,0,65
2270000,251,false,Rx,0,8,48,101,137,0,0,0,0,30
2270000,260,false,Rx,0,8,48,72,166,0,0,0,0,30
2280000,018,false,Rx,0,8,69,36,0,0,0,0,0,105
2280000,02C,false,Rx,0,8,64,77,237,0,0,0,0,122
2280000,050,false,Rx,0,8,64,1,0,0,0,0,0,65
2280000,0A6,false,Rx,0,8,8,46,8,46,8,46,8,46
2280000,251,false,Rx,0,8,64,99,154,0,0,0,0,61
2280000,260,false,Rx,0,8,64,73,141,0,0,0,0,22
2280000,316,false,Rx,0,8,64,1,0,0,0,0,0,65
2280000,544,false,Rx,0,8,32,0,0,0,0,0,0,0
2290000,018,false,Rx,0,8,69,37,3,0,0,0,0,109
2290000,02C,false,Rx,0,8,80,78,229,0,0,0,0,131
2290000,050,false,Rx,0,8,64,1,0,0,0,0,0,65
2290000,251,false,Rx,0,8,80,98,137,0,0,0,0,59
2290000,260,false,Rx,0,8,80,73,133,0,0,0,0,30
2300000,018,false,Rx,0,8,69,37,1,0,0,0,0,107
2300000,02C,false,Rx,0,8,96,79,165,0,0,0,0,84
2300000,050,false,Rx,0,8,64,1,0,0,0,0,0,65
2300000,0A6,false,Rx,0,8,8,31,8,31,8,31,8,31
2300000,251,false,Rx,0,8,96,96,252,0,0,0,0,188
2300000,260,false,Rx,0,8,96,74,152,0,0,0,0,66
2300000,316,false,Rx,0,8,64,1,0,0,0,0,0,65
2300000,544,false,Rx,0,8,48,0,0,0,0,0,0,0
2300000,4F1,false,Rx,0,8,112,0,0,0,0,0,0,112
2310000,018,false,Rx,0,8,69,38,0,0,0,0,0,107
2310000,02C,false,Rx,0,8,112,80,161,0,0,0,0,97
2310000,050,false,Rx,0,8,64,1,0,0,0,0,0,65
2310000,251,false,Rx,0,8,112,94,74,0,0,0,0,24
2310000,260,false,Rx,0,8,112,75,96,0,0,0,0,27
2320000,018,false,Rx,0,8,69,39,0,0,0,0,0,108
2320000,02C,false,Rx,0,8,128,81,77,0,0,0,0,30
2320000,050,false,Rx,0,8,64,1,0,0,0,0,0,65
2320000,0A6,false,Rx,0,8,8,15,8,15,8,15,8,15
2320000,251,false,Rx,0,8,128,93,32,0,0,0,0,253
2320000,260,false,Rx,0,8,128,76,76,0,0,0,0,24
2320000,316,false,Rx,0,8,64,1,0,0,0,0,0,65
2320000,544,false,Rx,0,8,64,0,0,0,0,0,0,0
2330000,018,false,Rx,0,8,69,40,1,0,0,0,0,110
2330000,02C,false,Rx,0,8,144,83,225,0,0,0,0,196
2330000,050,false,Rx,0,8,64,1,0,0,0,0,0,65
2330000,251,false,Rx,0,8,144,91,85,0,0,0,0,64
2330000,260,false,Rx,0,8,144,77,123,0,0,0,0,88
2340000,018,false,Rx,0,8,69,41,0,0,0,0,0,110
2340000,02C,false,Rx,0,8,160,84,34,0,0,0,0,22
2340000,050,false,Rx,0,8,64,1,0,0,0,0,0,65
2340000,0A6,false,Rx,0,8,7,255,7,255,7,255,7,255
2340000,251,false,Rx,0,8,160,90,222,0,0,0,0,216
2340000,260,false,Rx,0,8,160,78,29,0,0,0,0,11
2340000,316,false,Rx,0,8,64,1,0,0,0,0,0,65
2340000,544,false,Rx,0,8,80,0,0,0,0,0,0,0
2350000,018,false,Rx,0,8,69,42,0,0,0,0,0,111
2350000,02C,false,Rx,0,8,176,85,240,0,0,0,0,245
2350000,050,false,Rx,0,8,64,1,0,0,0,0,0,65
2350000,251,false,Rx,0,8,176,88,141,0,0,0,0,149
2350000,260,false,Rx,0,8,176,79,206,0,0,0,0,205
2360000,018,false,Rx,0,8,69,43,1,0,0,0,0,113
2360000,02C,false,Rx,0,8,192,87,226,0,0,0,0,249
2360000,050,false,Rx,0,8,64,1,0,0,0,0,0,65
2360000,0A6,false,Rx,0,8,7,240,7,240,7,240,7,240
2360000,251,false,Rx,0,8,192,87,215,0,0,0,0,238
2360000,260,false,Rx,0,8,192,80,163,0,0,0,0,179
2360000,316,false,Rx,0,8,64,1,0,0,0,0,0,65
2360000,544,false,Rx,0,8,96,0,0,0,0,0,0,0
2370000,018,false,Rx,0,8,69,45,3,0,0,0,0,117
2370000,02C,false,Rx,0,8,208,88,155,0,0,0,0,195
2370000,050,false,Rx,0,8,64,1,0,0,0,0,0,65
2370000,251,false,Rx,0,8,208,86,153,0,0,0,0,191
2370000,260,false,Rx,0,8,208,82,71,0,0,0,0,105
2380000,018,false,Rx,0,8,69,47,0,0,0,0,0,116
2380000,02C,false,Rx,0,8,224,89,140,0,0,0,0,197
2380000,050,false,Rx,0,8,64,1,0,0,0,0,0,65
2380000,0A6,false,Rx,0,8,7,224,7,224,7,224,7,224
2380000,251,false,Rx,0,8,224,84,247,0,0,0,0,43
2380000,260,false,Rx,0,8,224,83,13,0,0,0,0,64
2380000,316,false,Rx,0,8,64,1,0,0,0,0,0,65
2380000,544,false,Rx,0,8,112,0,0,0,0,0,0,0
2390000,018,false,Rx,0,8,69,48,1,0,0,0,0,118
2390000,02C,false,Rx,0,8,240,91,28,0,0,0,0,103
2390000,050,false,Rx,0,8,64,1,0,0,0,0,0,65
2390000,251,false,Rx,0,8,240,83,39,0,0,0,0,106
2390000,260,false,Rx,0,8,240,84,254,0,0,0,0,66
2400000,018,false,Rx,0,8,69,50,0,0,0,0,0,119
2400000,02C,false,Rx,0,8,0,92,180,0,0,0,0,16
2400000,050,false,Rx,0,8,64,1,0,0,0,0,0,65
2400000,0A6,false,Rx,0,8,7,208,7,208,7,208,7,208
2400000,251,false,Rx,0,8,0,82,184,0,0,0,0,10
2400000,260,false,Rx,0,8,0,86,151,0,0,0,0,237
2400000,316,false,Rx,0,8,64,1,0,0,0,0,0,65
2400000,544,false,Rx,0,8,128,0,0,0,0,0,0,0
2400000,4F1,false,Rx,0,8,128,0,0,0,0,0,0,128
2410000,018,false,Rx,0,8,69,52,0,0,0,0,0,121
2410000,02C,false,Rx,0,8,16,94,37,0,0,0,0,147
2410000,050,false,Rx,0,8,64,1,0,0,0,0,0,65
2410000,251,false,Rx,0,8,16,81,128,0,0,0,0,225
2410000,260,false,Rx,0,8,16,87,132,0,0,0,0,235
2420000,018,false,Rx,0,8,69,54,3,0,0,0,0,126
2420000,02C,false,Rx,0,8,32,95,158,0,0,0,0,29
2420000,050,false,Rx,0,8,64,1,0,0,0,0,0,65
2420000,0A6,false,Rx,0,8,7,192,7,192,7,192,7,192
2420000,251,false,Rx,0,8,32,79,126,0,0,0,0,237
2420000,260,false,Rx,0,8,32,88,214,0,0,0,0,78
2420000,316,false,Rx,0,8,64,1,0,0,0,0,0,65
2420000,544,false,Rx,0,8,144,0,0,0,0,0,0,0
2430000,018,false,Rx,0,8,69,57,2,0,0,0,0,128
2430000,02C,false,Rx,0,8,48,97,236,0,0,0,0,125
2430000,050,false,Rx,0,8,64,1,0,0,0,0,0,65
2430000,251,false,Rx,0,8,48,78,253,0,0,0,0,123
2430000,260,false,Rx,0,8,48,90,207,0,0,0,0,89
2440000,018,false,Rx,0,8,69,59,2,0,0,0,0,130
2440000,02C,false,Rx,0,8,64,99,231,0,0,0,0,138
2440000,050,false,Rx,0,8,64,1,0,0,0,0,0,65
2440000,0A6,false,Rx,0,8,7,176,7,176,7,176,7,176
2440000,251,false,Rx,0,8,64,77,100,0,0,0,0,241
2440000,260,false,Rx,0,8,64,91,198,0,0,0,0,97
2440000,316,false,Rx,0,8,64,1,0,0,0,0,0,65
2440000,544,false,Rx,0,8,160,0,0,0,0,0,0,0
2450000,018,false,Rx,0,8,69,61,1,0,0,0,0,131
2450000,02C,false,Rx,0,8,80,100,19,0,0,0,0,199
2450000,050,false,Rx,0,8,64,1,0,0,0,0,0,65
2450000,251,false,Rx,0,8,80,76,234,0,0,0,0,134
2450000,260,false,Rx,0,8,80,93,18,0,0,0,0,191
2460000,018,false,Rx,0,8,69,64,2,0,0,0,0,135
2460000,02C,false,Rx,0,8,96,102,29,0,0,0,0,227
2460000,050,false,Rx,0,8,64,1,0,0,0,0,0,65
2460000,0A6,false,Rx,0,8,7,160,7,160,7,160,7,160
2460000,251,false,Rx,0,8,96,75,54,0,0,0,0,225
2460000,260,false,Rx,0,8,96,94,97,0,0,0,0,31
2460000,316,false,Rx,0,8,64,1,0,0,0,0,0,65
2460000,544,false,Rx,0,8,176,0,0,0,0,0,0,0
2470000,018,false,Rx,0,8,69,67,1,0,0,0,0,137
2470000,02C,false,Rx,0,8,112,104,188,0,0,0,0,148
2470000,050,false,Rx,0,8,64,1,0,0,0,0,0,65
2470000,251,false,Rx,0,8,112,74,69,0,0,0,0,255
2470000,260,false,Rx,0,8,112,96,175,0,0,0,0,127
2480000,018,false,Rx,0,8,69,70,2,0,0,0,0,141
2480000,02C,false,Rx,0,8,128,106,146,0,0,0,0,124
2480000,050,false,Rx,0,8,64,1,0,0,0,0,0,65
2480000,0A6,false,Rx,0,8,7,144,7,144,7,144,7,144
2480000,251,false,Rx,0,8,128,74,155,0,0,0,0,101
2480000,260,false,Rx,0,8,128,97,113,0,0,0,0,82
2480000,316,false,Rx,0,8,64,1,0,0,0,0,0,65
2480000,544,false,Rx,0,8,192,0,0,0,0,0,0,0
2490000,018,false,Rx,0,8,69,73,3,0,0,0,0,145
2490000,02C,false,Rx,0,8,144,107,39,0,0,0,0,34
2490000,050,false,Rx,0,8,64,1,0,0,0,0,0,65
2490000,251,false,Rx,0,8,144,73,3,0,0,0,0,220
2490000,260,false,Rx,0,8,144,99,243,0,0,0,0,230
2500000,018,false,Rx,0,8,69,76,1,0,0,0,0,146
2500000,02C,false,Rx,0,8,160,109,46,0,0,0,0,59
2500000,050,false,Rx,0,8,64,1,0,0,0,0,0,65
2500000,0A6,false,Rx,0,8,7,128,7,128,7,128,7,128
2500000,251,false,Rx,0,8,160,72,202,0,0,0,0,178
2500000,260,false,Rx,0,8,160,101,183,0,0,0,0,188
2500000,316,false,Rx,0,8,64,1,0,0,0,0,0,65
2500000,544,false,Rx,0,8,208,0,0,0,0,0,0,0
2500000,4F1,false,Rx,0,8,144,0,0,0,0,0,0,144
2510000,018,false,Rx,0,8,69,79,2,0,0,0,0,150
2510000,02C,false,Rx,0,8,176,111,196,0,0,0,0,227
2510000,050,false,Rx,0,8,64,1,0,0,0,0,0,65
2510000,251,false,Rx,0,8,176,71,170,0,0,0,0,161
2510000,260,false,Rx,0,8,176,103,153,0,0,0,0,176
2520000,018,false,Rx,0,8,69,82,3,0,0,0,0,154
2520000,02C,false,Rx,0,8,192,113,236,0,0,0,0,29
2520000,050,false,Rx,0,8,64,1,0,0,0,0,0,65
2520000,0A6,false,Rx,0,8,7,111,7,111,7,111,7,111
2520000,251,false,Rx,0,8,192,71,194,0,0,0,0,201
2520000,260,false,Rx,0,8,192,104,87,0,0,0,0,127
2520000,316,false,Rx,0,8,64,1,0,0,0,0,0,65
2520000,544,false,Rx,0,8,224,0,0,0,0,0,0,0
2530000,018,false,Rx,0,8,69,86,2,0,0,0,0,157
2530000,02C,false,Rx,0,8,208,115,21,0,0,0,0,88
2530000,050,false,Rx,0,8,64,1,0,0,0,0,0,65
2530000,251,false,Rx,0,8,208,70,168,0,0,0,0,190
2530000,260,false,Rx,0,8,208,106,92,0,0,0,0,150
2540000,018,false,Rx,0,8,69,89,0,0,0,0,0,158
2540000,02C,false,Rx,0,8,224,116,230,0,0,0,0,58
2540000,050,false,Rx,0,8,64,1,0,0,0,0,0,65
2540000,0A6,false,Rx,0,8,7,95,7,95,7,95,7,95
2540000,251,false,Rx,0,8,224,70,225,0,0,0,0,7
2540000,260,false,Rx,0,8,224,108,150,0,0,0,0,226
2540000,316,false,Rx,0,8,64,1,0,0,0,0,0,65
2540000,544,false,Rx,0,8,240,0,0,0,0,0,0,0
2550000,018,false,Rx,0,8,69,93,0,0,0,0,0,162
2550000,02C,false,Rx,0,8,240,118,96,0,0,0,0,198
2550000,050,false,Rx,0,8,64,1,0,0,0,0,0,65
2550000,251,false,Rx,0,8,240,69,171,0,0,0,0,224
2550000,260,false,Rx,0,8,240,110,49,0,0,0,0,143
2560000,018,false,Rx,0,8,69,97,3,0,0,0,0,169
2560000,02C,false,Rx,0,8,0,120,164,0,0,0,0,28
2560000,050,false,Rx,0,8,64,1,0,0,0,0,0,65
2560000,0A6,false,Rx,0,8,7,79,7,79,7,79,7,79
2560000,251,false,Rx,0,8,0,69,220,0,0,0,0,33
2560000,260,false,Rx,0,8,0,111,241,0,0,0,0,96
2560000,316,false,Rx,0,8,64,1,0,0,0,0,0,65
2560000,544,false,Rx,0,8,0,0,0,0,0,0,0,0
2570000,018,false,Rx,0,8,69,100,0,0,0,0,0,169
2570000,02C,false,Rx,0,8,16,122,243,0,0,0,0,125
2570000,050,false,Rx,0,8,64,1,0,0,0,0,0,65
2570000,251,false,Rx,0,8,16,68,69,0,0,0,0,153
2570000,260,false,Rx,0,8,16,113,65,0,0,0,0,194
2580000,018,false,Rx,0,8,69,104,0,0,0,0,0,173
2580000,02C,false,Rx,0,8,32,124,77,0,0,0,0,233
2580000,050,false,Rx,0,8,64,1,0,0,0,0,0,65
2580000,0A6,false,Rx,0,8,7,63,7,63,7,63,7,63
2580000,251,false,Rx,0,8,32,68,153,0,0,0,0,253
2580000,260,false,Rx,0,8,32,115,132,0,0,0,0,23
2580000,316,false,Rx,0,8,64,1,0,0,0,0,0,65
2580000,544,false,Rx,0,8,16,0,0,0,0,0,0,0
2590000,018,false,Rx,0,8,69,108,1,0,0,0,0,178
2590000,02C,false,Rx,0,8,48,126,31,0,0,0,0,205
2590000,050,false,Rx,0,8,64,1,0,0,0,0,0,65
2590000,251,false,Rx,0,8,48,68,164,0,0,0,0,24
2590000,260,false,Rx,0,8,48,117,93,0,0,0,0,2
2600000,018,false,Rx,0,8,69,113,2,0,0,0,0,184
2600000,02C,false,Rx,0,8,64,128,230,0,0,0,0,166
2600000,050,false,Rx,0,8,64,1,0,0,0,0,0,65
2600000,0A6,false,Rx,0,8,7,47,7,47,7,47,7,47
2600000,251,false,Rx,0,8,64,68,102,0,0,0,0,234
2600000,260,false,Rx,0,8,64,119,171,0,0,0,0,98
2600000,316,false,Rx,0,8,64,1,0,0,0,0,0,65
2600000,544,false,Rx,0,8,32,0,0,0,0,0,0,0
2600000,4F1,false,Rx,0,8,160,0,0,0,0,0,0,160
2610000,018,false,Rx,0,8,69,117,1,0,0,0,0,187
2610000,02C,false,Rx,0,8,80,129,52,0,0,0,0,5
2610000,050,false,Rx,0,8,64,1,0,0,0,0,0,65
2610000,251,false,Rx,0,8,80,68,245,0,0,0,0,137
2610000,260,false,Rx,0,8,80,121,45,0,0,0,0,246
2620000,018,false,Rx,0,8,69,121,2,0,0,0,0,192
2620000,02C,false,Rx,0,8,96,131,175,0,0,0,0,146
2620000,050,false,Rx,0,8,64,1,0,0,0,0,0,65
2620000,0A6,false,Rx,0,8,7,31,7,31,7,31,7,31
2620000,251,false,Rx,0,8,96,68,160,0,0,0,0,68
2620000,260,false,Rx,0,8,96,122,113,0,0,0,0,75
2620000,316,false,Rx,0,8,64,1,0,0,0,0,0,65
2620000,544,false,Rx,0,8,48,0,0,0,0,0,0,0
2630000,018,false,Rx,0,8,69,126,0,0,0,0,0,195
2630000,02C,false,Rx,0,8,112,133,43,0,0,0,0,32
2630000,050,false,Rx,0,8,64,1,0,0,0,0,0,65
2630000,251,false,Rx,0,8,112,68,90,0,0,0,0,14
2630000,260,false,Rx,0,8,112,124,181,0,0,0,0,161
2640000,018,false,Rx,0,8,69,130,1,0,0,0,0,200
2640000,02C,false,Rx,0,8,128,135,88,0,0,0,0,95
2640000,050,false,Rx,0,8,64,1,0,0,0,0,0,65
2640000,0A6,false,Rx,0,8,7,15,7,15,7,15,7,15
2640000,251,false,Rx,0,8,128,68,203,0,0,0,0,143
2640000,260,false,Rx,0,8,128,126,114,0,0,0,0,112
2640000,316,false,Rx,0,8,64,1,0,0,0,0,0,65
2640000,544,false,Rx,0,8,64,0,0,0,0,0,0,0
2650000,018,false,Rx,0,8,69,135,2,0,0,0,0,206
2650000,02C,false,Rx,0,8,144,137,20,0,0,0,0,45
2650000,050,false,Rx,0,8,64,1,0,0,0,0,0,65
2650000,251,false,Rx,0,8,144,68,163,0,0,0,0,119
2650000,260,false,Rx,0,8,144,128,157,0,0,0,0,173
2660000,018,false,Rx,0,8,69,139,2,0,0,0,0,210
2660000,02C,false,Rx,0,8,160,139,126,0,0,0,0,169
2660000,050,false,Rx,0,8,64,1,0,0,0,0,0,65
2660000,0A6,false,Rx,0,8,7,0,7,0,7,0,7,0
2660000,251,false,Rx,0,8,160,68,149,0,0,0,0,121
2660000,260,false,Rx,0,8,160,130,215,0,0,0,0,249
2660000,316,false,Rx,0,8,64,1,0,0,0,0,0,65
2660000,544,false,Rx,0,8,80,0,0,0,0,0,0,0
2670000,018,false,Rx,0,8,69,144,1,0,0,0,0,214
2670000,02C,false,Rx,0,8,176,141,224,0,0,0,0,29
2670000,050,false,Rx,0,8,64,1,0,0,0,0,0,65
2670000,251,false,Rx,0,8,176,68,251,0,0,0,0,239
2670000,260,false,Rx,0,8,176,132,169,0,0,0,0,221
2680000,018,false,Rx,0,8,69,149,3,0,0,0,0,221
2680000,02C,false,Rx,0,8,192,143,224,0,0,0,0,47
2680000,050,false,Rx,0,8,64,1,0,0,0,0,0,65
2680000,0A6,false,Rx,0,8,6,240,6,240,6,240,6,240
2680000,251,false,Rx,0,8,192,68,124,0,0,0,0,128
2680000,260,false,Rx,0,8,192,134,190,0,0,0,0,4
2680000,316,false,Rx,0,8,64,1,0,0,0,0,0,65
2680000,544,false,Rx,0,8,96,0,0,0,0,0,0,0
2690000,018,false,Rx,0,8,69,154,2,0,0,0,0,225
2690000,02C,false,Rx,0,8,208,144,81,0,0,0,0,177
2690000,050,false,Rx,0,8,64,1,0,0,0,0,0,65
2690000,251,false,Rx,0,8,208,69,166,0,0,0,0,187
2690000,260,false,Rx,0,8,208,136,133,0,0,0,0,221
2700000,018,false,Rx,0,8,69,159,0,0,0,0,0,228
2700000,02C,false,Rx,0,8,224,146,186,0,0,0,0,44
2700000,050,false,Rx,0,8,64,1,0,0,0,0,0,65
2700000,0A6,false,Rx,0,8,6,224,6,224,6,224,6,224
2700000,251,false,Rx,0,8,224,69,192,0,0,0,0,229
2700000,260,false,Rx,0,8,224,137,150,0,0,0,0,255
2700000,316,false,Rx,0,8,64,1,0,0,0,0,0,65
2700000,544,false,Rx,0,8,112,0,0,0,0,0,0,0
2700000,4F1,false,Rx,0,8,176,0,0,0,0,0,0,176
2710000,018,false,Rx,0,8,69,164,2,0,0,0,0,235
2710000,02C,false,Rx,0,8,240,148,190,0,0,0,0,66
2710000,050,false,Rx,0,8,64,1,0,0,0,0,0,65
2710000,251,false,Rx,0,8,240,70,143,0,0,0,0,197
2710000,260,false,Rx,0,8,240,139,237,0,0,0,0,104
2720000,018,false,Rx,0,8,69,169,0,0,0,0,0,238
2720000,02C,false,Rx,0,8,0,150,144,0,0,0,0,38
2720000,050,false,Rx,0,8,64,1,0,0,0,0,0,65
2720000,0A6,false,Rx,0,8,6,209,6,209,6,209,6,209
2720000,251,false,Rx,0,8,0,70,201,0,0,0,0,15
2720000,260,false,Rx,0,8,0,141,60,0,0,0,0,201
2720000,316,false,Rx,0,8,64,1,0,0,0,0,0,65
2720000,544,false,Rx,0,8,128,0,0,0,0,0,0,0
2730000,018,false,Rx,0,8,69,175,1,0,0,0,0,245
2730000,02C,false,Rx,0,8,16,151,198,0,0,0,0,109
2730000,050,false,Rx,0,8,64,1,0,0,0,0,0,65
2730000,251,false,Rx,0,8,16,71,186,0,0,0,0,17
2730000,260,false,Rx,0,8,16,143,240,0,0,0,0,143
2740000,018,false,Rx,0,8,69,180,2,0,0,0,0,251
2740000,02C,false,Rx,0,8,32,153,209,0,0,0,0,138
2740000,050,false,Rx,0,8,64,1,0,0,0,0,0,65
2740000,0A6,false,Rx,0,8,6,193,6,193,6,193,6,193
2740000,251,false,Rx,0,8,32,71,58,0,0,0,0,161
2740000,260,false,Rx,0,8,32,145,27,0,0,0,0,204
2740000,316,false,Rx,0,8,64,1,0,0,0,0,0,65
2740000,544,false,Rx,0,8,144,0,0,0,0,0,0,0
2750000,018,false,Rx,0,8,69,186,0,0,0,0,0,255
2750000,02C,false,Rx,0,8,48,155,173,0,0,0,0,120
2750000,050,false,Rx,0,8,64,1,0,0,0,0,0,65
2750000,251,false,Rx,0,8,48,72,102,0,0,0,0,222
2750000,260,false,Rx,0,8,48,147,36,0,0,0,0,231
2760000,018,false,Rx,0,8,69,191,0,0,0,0,0,4
2760000,02C,false,Rx,0,8,64,156,26,0,0,0,0,246
2760000,050,false,Rx,0,8,64,1,0,0,0,0,0,65
2760000,0A6,false,Rx,0,8,6,178,6,178,6,178,6,178
2760000,251,false,Rx,0,8,64,73,92,0,0,0,0,229
2760000,260,false,Rx,0,8,64,148,241,0,0,0,0,197
2760000,316,false,Rx,0,8,64,1,0,0,0,0,0,65
2760000,544,false,Rx,0,8,160,0,0,0,0,0,0,0
2770000,018,false,Rx,0,8,69,197,1,0,0,0,0,11
2770000,02C,false,Rx,0,8,80,158,171,0,0,0,0,153
2770000,050,false,Rx,0,8,64,1,0,0,0,0,0,65
2770000,251,false,Rx,0,8,80,74,13,0,0,0,0,167
2770000,260,false,Rx,0,8,80,150,99,0,0,0,0,73
2780000,018,false,Rx,0,8,69,202,2,0,0,0,0,17
2780000,02C,false,Rx,0,8,96,160,33,0,0,0,0,33
2780000,050,false,Rx,0,8,64,1,0,0,0,0,0,65
2780000,0A6,false,Rx,0,8,6,163,6,163,6,163,6,163
2780000,251,false,Rx,0,8,96,75,236,0,0,0,0,151
2780000,260,false,Rx,0,8,96,152,61,0,0,0,0,53
2780000,316,false,Rx,0,8,64,1,0,0,0,0,0,65
2780000,544,false,Rx,0,8,176,0,0,0,0,0,0,0
2790000,018,false,Rx,0,8,69,208,2,0,0,0,0,23
2790000,02C,false,Rx,0,8,112,161,168,0,0,0,0,185
2790000,050,false,Rx,0,8,64,1,0,0,0,0,0,65
2790000,251,false,Rx,0,8,112,75,107,0,0,0,0,38
2790000,260,false,Rx,0,8,112,154,195,0,0,0,0,205
2800000,018,false,Rx,0,8,69,213,1,0,0,0,0,27
2800000,02C,false,Rx,0,8,128,163,48,0,0,0,0,83
2800000,050,false,Rx,0,8,64,1,0,0,0,0,0,65
2800000,0A6,false,Rx,0,8,6,148,6,148,6,148,6,148
2800000,251,false,Rx,0,8,128,76,224,0,0,0,0,172
2800000,260,false,Rx,0,8,128,155,152,0,0,0,0,179
2800000,316,false,Rx,0,8,64,1,0,0,0,0,0,65
2800000,544,false,Rx,0,8,192,0,0,0,0,0,0,0
2800000,4F1,false,Rx,0,8,192,0,0,0,0,0,0,192
2810000,018,false,Rx,0,8,69,219,2,0,0,0,0,34
2810000,02C,false,Rx,0,8,144,164,197,0,0,0,0,249
2810000,050,false,Rx,0,8,64,1,0,0,0,0,0,65
2810000,251,false,Rx,0,8,144,77,149,0,0,0,0,114
2810000,260,false,Rx,0,8,144,157,211,0,0,0,0,0
2820000,018,false,Rx,0,8,69,225,1,0,0,0,0,39
2820000,02C,false,Rx,0,8,160,166,145,0,0,0,0,215
2820000,050,false,Rx,0,8,64,1,0,0,0,0,0,65
2820000,0A6,false,Rx,0,8,6,133,6,133,6,133,6,133
2820000,251,false,Rx,0,8,160,78,35,0,0,0,0,17
2820000,260,false,Rx,0,8,160,159,27,0,0,0,0,90
2820000,316,false,Rx,0,8,64,1,0,0,0,0,0,65
2820000,544,false,Rx,0,8,208,0,0,0,0,0,0,0
2830000,018,false,Rx,0,8,69,231,2,0,0,0,0,46
2830000,02C,false,Rx,0,8,176,167,129,0,0,0,0,216
2830000,050,false,Rx,0,8,64,1,0,0,0,0,0,65
2830000,251,false,Rx,0,8,176,80,209,0,0,0,0,209
2830000,260,false,Rx,0,8,176,160,77,0,0,0,0,157
2840000,018,false,Rx,0,8,69,237,3,0,0,0,0,53
2840000,02C,false,Rx,0,8,192,169,76,0,0,0,0,181
2840000,050,false,Rx,0,8,64,1,0,0,0,0,0,65
2840000,0A6,false,Rx,0,8,6,118,6,118,6,118,6,118
2840000,251,false,Rx,0,8,192,81,255,0,0,0,0,16
2840000,260,false,Rx,0,8,192,162,70,0,0,0,0,168
2840000,316,false,Rx,0,8,64,1,0,0,0,0,0,65
2840000,544,false,Rx,0,8,224,0,0,0,0,0,0,0
2850000,018,false,Rx,0,8,69,243,2,0,0,0,0,58
2850000,02C,false,Rx,0,8,208,170,170,0,0,0,0,36
2850000,050,false,Rx,0,8,64,1,0,0,0,0,0,65
2850000,251,false,Rx,0,8,208,82,71,0,0,0,0,105
2850000,260,false,Rx,0,8,208,163,102,0,0,0,0,217
2860000,018,false,Rx,0,8,69,249,0,0,0,0,0,62
2860000,02C,false,Rx,0,8,224,171,41,0,0,0,0,180
2860000,050,false,Rx,0,8,64,1,0,0,0,0,0,65
2860000,0A6,false,Rx,0,8,6,104,6,104,6,104,6,104
2860000,251,false,Rx,0,8,224,83,155,0,0,0,0,206
2860000,260,false,Rx,0,8,224,165,175,0,0,0,0,52
2860000,316,false,Rx,0,8,64,1,0,0,0,0,0,65
2860000,544,false,Rx,0,8,240,0,0,0,0,0,0,0
2870000,018,false,Rx,0,8,69,255,0,0,0,0,0,68
2870000,02C,false,Rx,0,8,240,173,72,0,0,0,0,229
2870000,050,false,Rx,0,8,64,1,0,0,0,0,0,65
2870000,251,false,Rx,0,8,240,85,123,0,0,0,0,192
2870000,260,false,Rx,0,8,240,166,209,0,0,0,0,103
2880000,018,false,Rx,0,8,70,5,3,0,0,0,0,78
2880000,02C,false,Rx,0,8,0,174,179,0,0,0,0,97
2880000,050,false,Rx,0,8,64,1,0,0,0,0,0,65
2880000,0A6,false,Rx,0,8,6,89,6,89,6,89,6,89
2880000,251,false,Rx,0,8,0,86,129,0,0,0,0,215
2880000,260,false,Rx,0,8,0,168,234,0,0,0,0,146
2880000,316,false,Rx,0,8,64,1,0,0,0,0,0,65
2880000,544,false,Rx,0,8,0,0,0,0,0,0,0,0
2890000,018,false,Rx,0,8,70,11,2,0,0,0,0,83
2890000,02C,false,Rx,0,8,16,175,158,0,0,0,0,93
2890000,050,false,Rx,0,8,64,1,0,0,0,0,0,65
2890000,251,false,Rx,0,8,16,87,78,0,0,0,0,181
2890000,260,false,Rx,0,8,16,169,73,0,0,0,0,2
2900000,018,false,Rx,0,8,70,17,0,0,0,0,0,87
2900000,02C,false,Rx,0,8,32,176,200,0,0,0,0,152
2900000,050,false,Rx,0,8,64,1,0,0,0,0,0,65
2900000,0A6,false,Rx,0,8,6,75,6,75,6,75,6,75
2900000,251,false,Rx,0,8,32,89,216,0,0,0,0,81
2900000,260,false,Rx,0,8,32,170,161,0,0,0,0,107
2900000,316,false,Rx,0,8,64,1,0,0,0,0,0,65
2900000,544,false,Rx,0,8,16,0,0,0,0,0,0,0
2900000,4F1,false,Rx,0,8,208,0,0,0,0,0,0,208
2910000,018,false,Rx,0,8,70,23,0,0,0,0,0,93
2910000,02C,false,Rx,0,8,48,177,66,0,0,0,0,35
2910000,050,false,Rx,0,8,64,1,0,0,0,0,0,65
2910000,251,false,Rx,0,8,48,90,193,0,0,0,0,75
2910000,260,false,Rx,0,8,48,172,92,0,0,0,0,56
2920000,018,false,Rx,0,8,70,29,2,0,0,0,0,101
2920000,02C,false,Rx,0,8,64,178,43,0,0,0,0,29
2920000,050,false,Rx,0,8,64,1,0,0,0,0,0,65
2920000,0A6,false,Rx,0,8,6,61,6,61,6,61,6,61
2920000,251,false,Rx,0,8,64,92,37,0,0,0,0,193
2920000,260,false,Rx,0,8,64,173,41,0,0,0,0,22
2920000,316,false,Rx,0,8,64,1,0,0,0,0,0,65
2920000,544,false,Rx,0,8,32,0,0,0,0,0,0,0
2930000,018,false,Rx,0,8,70,36,1,0,0,0,0,107
2930000,02C,false,Rx,0,8,80,179,158,0,0,0,0,161
2930000,050,false,Rx,0,8,64,1,0,0,0,0,0,65
2930000,251,false,Rx,0,8,80,93,229,0,0,0,0,146
2930000,260,false,Rx,0,8,80,174,249,0,0,0,0,247
2940000,018,false,Rx,0,8,70,42,2,0,0,0,0,114
2940000,02C,false,Rx,0,8,96,180,192,0,0,0,0,212
2940000,050,false,Rx,0,8,64,1,0,0,0,0,0,65
2940000,0A6,false,Rx,0,8,6,47,6,47,6,47,6,47
2940000,251,false,Rx,0,8,96,95,245,0,0,0,0,180
2940000,260,false,Rx,0,8,96,175,170,0,0,0,0,185
2940000,316,false,Rx,0,8,64,1,0,0,0,0,0,65
2940000,544,false,Rx,0,8,48,0,0,0,0,0,0,0
2950000,018,false,Rx,0,8,70,48,1,0,0,0,0,119
2950000,02C,false,Rx,0,8,112,181,168,0,0,0,0,205
2950000,050,false,Rx,0,8,64,1,0,0,0,0,0,65
2950000,251,false,Rx,0,8,112,96,205,0,0,0,0,157
2950000,260,false,Rx,0,8,112,176,90,0,0,0,0,122
2960000,018,false,Rx,0,8,70,54,3,0,0,0,0,127
2960000,02C,false,Rx,0,8,128,182,65,0,0,0,0,119
2960000,050,false,Rx,0,8,64,1,0,0,0,0,0,65
2960000,0A6,false,Rx,0,8,6,34,6,34,6,34,6,34
2960000,251,false,Rx,0,8,128,98,214,0,0,0,0,184
2960000,260,false,Rx,0,8,128,177,160,0,0,0,0,209
2960000,316,false,Rx,0,8,64,1,0,0,0,0,0,65
2960000,544,false,Rx,0,8,64,0,0,0,0,0,0,0
2970000,018,false,Rx,0,8,70,61,3,0,0,0,0,134
2970000,02C,false,Rx,0,8,144,183,47,0,0,0,0,118
2970000,050,false,Rx,0,8,64,1,0,0,0,0,0,65
2970000,251,false,Rx,0,8,144,100,18,0,0,0,0,6
2970000,260,false,Rx,0,8,144,178,29,0,0,0,0,95
2980000,018,false,Rx,0,8,70,67,0,0,0,0,0,137
2980000,02C,false,Rx,0,8,160,183,216,0,0,0,0,47
2980000,050,false,Rx,0,8,64,1,0,0,0,0,0,65
2980000,0A6,false,Rx,0,8,6,20,6,20,6,20,6,20
2980000,251,false,Rx,0,8,160,101,184,0,0,0,0,189
2980000,260,false,Rx,0,8,160,179,2,0,0,0,0,85
2980000,316,false,Rx,0,8,64,1,0,0,0,0,0,65
2980000,544,false,Rx,0,8,80,0,0,0,0,0,0,0
2990000,018,false,Rx,0,8,70,73,0,0,0,0,0,143
2990000,02C,false,Rx,0,8,176,184,185,0,0,0,0,33
2990000,050,false,Rx,0,8,64,1,0,0,0,0,0,65
2990000,251,false,Rx,0,8,176,103,43,0,0,0,0,66
2990000,260,false,Rx,0,8,176,180,231,0,0,0,0,75
3000000,018,false,Rx,0,8,70,80,0,0,0,0,0,150
3000000,02C,false,Rx,0,8,192,185,9,0,0,0,0,130
3000000,050,false,Rx,0,8,64,1,0,0,0,0,0,65
3000000,0A6,false,Rx,0,8,6,7,6,7,6,7,6,7
3000000,251,false,Rx,0,8,192,105,55,0,0,0,0,96
3000000,260,false,Rx,0,8,192,181,140,0,0,0,0,1
3000000,316,false,Rx,0,8,64,1,0,0,0,0,0,65
3000000,544,false,Rx,0,8,96,0,0,0,0,0,0,0
3000000,593,false,Rx,0,8,178,180,179,181,0,0,0,0
3000000,4F1,false,Rx,0,8,224,0,0,0,0,0,0,224
3010000,018,false,Rx,0,8,70,86,1,0,0,0,0,157
3010000,02C,false,Rx,0,8,208,185,185,0,0,0,0,66
3010000,050,false,Rx,0,8,64,1,0,0,0,0,0,65
3010000,251,false,Rx,0,8,208,106,127,0,0,0,0,185
3010000,260,false,Rx,0,8,208,182,107,0,0,0,0,241
3020000,018,false,Rx,0,8,70,92,0,0,0,0,0,162
3020000,02C,false,Rx,0,8,224,186,158,0,0,0,0,56
3020000,050,false,Rx,0,8,64,1,0,0,0,0,0,65
3020000,0A6,false,Rx,0,8,5,250,5,250,5,250,5,250
3020000,251,false,Rx,0,8,224,108,181,0,0,0,0,1
3020000,260,false,Rx,0,8,224,183,86,0,0,0,0,237
3020000,316,false,Rx,0,8,64,1,0,0,0,0,0,65
3020000,544,false,Rx,0,8,112,0,0,0,0,0,0,0
3030000,018,false,Rx,0,8,70,98,2,0,0,0,0,170
3030000,02C,false,Rx,0,8,240,186,92,0,0,0,0,6
3030000,050,false,Rx,0,8,64,1,0,0,0,0,0,65
3030000,251,false,Rx,0,8,240,110,85,0,0,0,0,179
3030000,260,false,Rx,0,8,240,184,81,0,0,0,0,249
3040000,018,false,Rx,0,8,70,105,1,0,0,0,0,176
3040000,02C,false,Rx,0,8,0,186,109,0,0,0,0,39
3040000,050,false,Rx,0,8,64,1,0,0,0,0,0,65
3040000,0A6,false,Rx,0,8,5,238,5,238,5,238,5,238
3040000,251,false,Rx,0,8,0,112,22,0,0,0,0,134
3040000,260,false,Rx,0,8,0,184,250,0,0,0,0,178
3040000,316,false,Rx,0,8,64,1,0,0,0,0,0,65
3040000,544,false,Rx,0,8,128,0,0,0,0,0,0,0
3050000,018,false,Rx,0,8,70,111,3,0,0,0,0,184
3050000,02C,false,Rx,0,8,16,187,174,0,0,0,0,121
3050000,050,false,Rx,0,8,64,1,0,0,0,0,0,65
3050000,251,false,Rx,0,8,16,114,204,0,0,0,0,78
3050000,260,false,Rx,0,8,16,185,45,0,0,0,0,246
3060000,018,false,Rx,0,8,70,117,1,0,0,0,0,188
3060000,02C,false,Rx,0,8,32,187,248,0,0,0,0,211
3060000,050,false,Rx,0,8,64,1,0,0,0,0,0,65
3060000,0A6,false,Rx,0,8,5,225,5,225,5,225,5,225
3060000,251,false,Rx,0,8,32,115,169,0,0,0,0,60
3060000,260,false,Rx,0,8,32,185,66,0,0,0,0,27
3060000,316,false,Rx,0,8,64,1,0,0,0,0,0,65
3060000,544,false,Rx,0,8,144,0,0,0,0,0,0,0
3070000,018,false,Rx,0,8,70,123,0,0,0,0,0,193
3070000,02C,false,Rx,0,8,48,187,98,0,0,0,0,77
3070000,050,false,Rx,0,8,64,1,0,0,0,0,0,65
3070000,251,false,Rx,0,8,48,117,220,0,0,0,0,129
3070000,260,false,Rx,0,8,48,186,222,0,0,0,0,200
3080000,018,false,Rx,0,8,70,130,2,0,0,0,0,202
3080000,02C,false,Rx,0,8,64,187,115,0,0,0,0,110
3080000,050,false,Rx,0,8,64,1,0,0,0,0,0,65
3080000,0A6,false,Rx,0,8,5,213,5,213,5,213,5,213
3080000,251,false,Rx,0,8,64,119,54,0,0,0,0,237
3080000,260,false,Rx,0,8,64,186,219,0,0,0,0,213
3080000,316,false,Rx,0,8,64,1,0,0,0,0,0,65
3080000,544,false,Rx,0,8,160,0,0,0,0,0,0,0
3090000,018,false,Rx,0,8,70,136,2,0,0,0,0,208
3090000,02C,false,Rx,0,8,80,187,70,0,0,0,0,81
3090000,050,false,Rx,0,8,64,1,0,0,0,0,0,65
3090000,251,false,Rx,0,8,80,121,5,0,0,0,0,206
3090000,260,false,Rx,0,8,80,187,206,0,0,0,0,217
3100000,018,false,Rx,0,8,70,142,0,0,0,0,0,212
3100000,02C,false,Rx,0,8,96,187,79,0,0,0,0,106
3100000,050,false,Rx,0,8,64,1,0,0,0,0,0,65
3100000,0A6,false,Rx,0,8,5,201,5,201,5,201,5,201
3100000,251,false,Rx,0,8,96,123,50,0,0,0,0,13
3100000,260,false,Rx,0,8,96,187,219,0,0,0,0,246
3100000,316,false,Rx,0,8,64,1,0,0,0,0,0,65
3100000,544,false,Rx,0,8,176,0,0,0,0,0,0,0
3100000,4F1,false,Rx,0,8,240,0,0,0,0,0,0,240
3110000,018,false,Rx,0,8,70,148,2,0,0,0,0,220
3110000,02C,false,Rx,0,8,112,187,39,0,0,0,0,82
3110000,050,false,Rx,0,8,64,1,0,0,0,0,0,65
3110000,251,false,Rx,0,8,112,125,132,0,0,0,0,113
3110000,260,false,Rx,0,8,112,187,244,0,0,0,0,31
3120000,018,false,Rx,0,8,70,154,1,0,0,0,0,225
3120000,02C,false,Rx,0,8,128,187,151,0,0,0,0,210
3120000,050,false,Rx,0,8,64,1,0,0,0,0,0,65
3120000,0A6,false,Rx,0,8,5,190,5,190,5,190,5,190
3120000,251,false,Rx,0,8,128,127,113,0,0,0,0,112
3120000,260,false,Rx,0,8,128,187,196,0,0,0,0,255
3120000,316,false,Rx,0,8,64,1,0,0,0,0,0,65
3120000,544,false,Rx,0,8,192,0,0,0,0,0,0,0
3130000,018,false,Rx,0,8,70,160,1,0,0,0,0,231
3130000,02C,false,Rx,0,8,144,187,51,0,0,0,0,126
3130000,050,false,Rx,0,8,64,1,0,0,0,0,0,65
3130000,251,false,Rx,0,8,144,129,113,0,0,0,0,130
3130000,260,false,Rx,0,8,144,187,2,0,0,0,0,77
3140000,018,false,Rx,0,8,70,166,0,0,0,0,0,236
3140000,02C,false,Rx,0,8,160,187,19,0,0,0,0,110
3140000,050,false,Rx,0,8,64,1,0,0,0,0,0,65
3140000,0A6,false,Rx,0,8,5,179,5,179,5,179,5,179
3140000,251,false,Rx,0,8,160,130,228,0,0,0,0,6
3140000,260,false,Rx,0,8,160,187,19,0,0,0,0,110
3140000,316,false,Rx,0,8,64,1,0,0,0,0,0,65
3140000,544,false,Rx,0,8,208,0,0,0,0,0,0,0
3150000,018,false,Rx,0,8,70,172,2,0,0,0,0,244
3150000,02C,false,Rx,0,8,176,187,172,0,0,0,0,23
3150000,050,false,Rx,0,8,64,1,0,0,0,0,0,65
3150000,251,false,Rx,0,8,176,132,191,0,0,0,0,243
3150000,260,false,Rx,0,8,176,187,102,0,0,0,0,209
3160000,018,false,Rx,0,8,70,178,3,0,0,0,0,251
3160000,02C,false,Rx,0,8,192,186,67,0,0,0,0,189
3160000,050,false,Rx,0,8,64,1,0,0,0,0,0,65
3160000,0A6,false,Rx,0,8,5,167,5,167,5,167,5,167
3160000,251,false,Rx,0,8,192,134,200,0,0,0,0,14
3160000,260,false,Rx,0,8,192,187,191,0,0,0,0,58
3160000,316,false,Rx,0,8,64,1,0,0,0,0,0,65
3160000,544,false,Rx,0,8,224,0,0,0,0,0,0,0
3170000,018,false,Rx,0,8,70,184,1,0,0,0,0,255
3170000,02C,false,Rx,0,8,208,186,192,0,0,0,0,74
3170000,050,false,Rx,0,8,64,1,0,0,0,0,0,65
3170000,251,false,Rx,0,8,208,136,237,0,0,0,0,69
3170000,260,false,Rx,0,8,208,187,7,0,0,0,0,146
3180000,018,false,Rx,0,8,70,190,1,0,0,0,0,5
3180000,02C,false,Rx,0,8,224,186,78,0,0,0,0,232
3180000,050,false,Rx,0,8,64,1,0,0,0,0,0,65
3180000,0A6,false,Rx,0,8,5,157,5,157,5,157,5,157
3180000,251,false,Rx,0,8,224,138,77,0,0,0,0,183
3180000,260,false,Rx,0,8,224,187,164,0,0,0,0,63
3180000,316,false,Rx,0,8,64,1,0,0,0,0,0,65
3180000,544,false,Rx,0,8,240,0,0,0,0,0,0,0
3190000,018,false,Rx,0,8,70,196,1,0,0,0,0,11
3190000,02C,false,Rx,0,8,240,185,83,0,0,0,0,252
3190000,050,false,Rx,0,8,64,1,0,0,0,0,0,65
3190000,251,false,Rx,0,8,240,140,176,0,0,0,0,44
3190000,260,false,Rx,0,8,240,187,97,0,0,0,0,12
3200000,018,false,Rx,0,8,70,202,1,0,0,0,0,17
3200000,02C,false,Rx,0,8,0,185,92,0,0,0,0,21
3200000,050,false,Rx,0,8,64,1,0,0,0,0,0,65
3200000,0A6,false,Rx,0,8,5,146,5,146,5,146,5,146
3200000,251,false,Rx,0,8,0,142,12,0,0,0,0,154
3200000,260,false,Rx,0,8,0,187,9,0,0,0,0,196
3200000,316,false,Rx,0,8,64,1,0,0,0,0,0,65
3200000,544,false,Rx,0,8,0,0,0,0,0,0,0,0
3200000,4F1,false,Rx,0,8,0,0,0,0,0,0,0,0
3210000,018,false,Rx,0,8,70,207,3,0,0,0,0,24
3210000,02C,false,Rx,0,8,16,184,84,0,0,0,0,28
3210000,050,false,Rx,0,8,64,1,0,0,0,0,0,65
3210000,251,false,Rx,0,8,16,143,247,0,0,0,0,150
3210000,260,false,Rx,0,8,16,186,2,0,0,0,0,204
3220000,018,false,Rx,0,8,70,213,0,0,0,0,0,27
3220000,02C,false,Rx,0,8,32,183,224,0,0,0,0,183
3220000,050,false,Rx,0,8,64,1,0,0,0,0,0,65
3220000,0A6,false,Rx,0,8,5,136,5,136,5,136,5,136
3220000,251,false,Rx,0,8,32,145,53,0,0,0,0,230
3220000,260,false,Rx,0,8,32,186,127,0,0,0,0,89
3220000,316,false,Rx,0,8,64,1,0,0,0,0,0,65
3220000,544,false,Rx,0,8,16,0,0,0,0,0,0,0
3230000,018,false,Rx,0,8,70,218,1,0,0,0,0,33
3230000,02C,false,Rx,0,8,48,183,22,0,0,0,0,253
3230000,050,false,Rx,0,8,64,1,0,0,0,0,0,65
3230000,251,false,Rx,0,8,48,147,151,0,0,0,0,90
3230000,260,false,Rx,0,8,48,185,115,0,0,0,0,92
3240000,018,false,Rx,0,8,70,224,2,0,0,0,0,40
3240000,02C,false,Rx,0,8,64,182,210,0,0,0,0,200
3240000,050,false,Rx,0,8,64,1,0,0,0,0,0,65
3240000,0A6,false,Rx,0,8,5,126,5,126,5,126,5,126
3240000,251,false,Rx,0,8,64,149,212,0,0,0,0,169
3240000,260,false,Rx,0,8,64,185,176,0,0,0,0,169
3240000,316,false,Rx,0,8,64,1,0,0,0,0,0,65
3240000,544,false,Rx,0,8,32,0,0,0,0,0,0,0
3250000,018,false,Rx,0,8,70,230,3,0,0,0,0,47
3250000,02C,false,Rx,0,8,80,181,186,0,0,0,0,191
3250000,050,false,Rx,0,8,64,1,0,0,0,0,0,65
3250000,251,false,Rx,0,8,80,151,43,0,0,0,0,18
3250000,260,false,Rx,0,8,80,184,159,0,0,0,0,167
3260000,018,false,Rx,0,8,70,235,1,0,0,0,0,50
3260000,02C,false,Rx,0,8,96,180,121,0,0,0,0,141
3260000,050,false,Rx,0,8,64,1,0,0,0,0,0,65
3260000,0A6,false,Rx,0,8,5,117,5,117,5,117,5,117
3260000,251,false,Rx,0,8,96,152,59,0,0,0,0,51
3260000,260,false,Rx,0,8,96,184,66,0,0,0,0,90
3260000,316,false,Rx,0,8,64,1,0,0,0,0,0,65
3260000,544,false,Rx,0,8,48,0,0,0,0,0,0,0
3270000,018,false,Rx,0,8,70,240,2,0,0,0,0,56
3270000,02C,false,Rx,0,8,112,179,227,0,0,0,0,6
3270000,050,false,Rx,0,8,64,1,0,0,0,0,0,65
3270000,251,false,Rx,0,8,112,154,72,0,0,0,0,82
3270000,260,false,Rx,0,8,112,183,52,0,0,0,0,91
3280000,018,false,Rx,0,8,70,246,1,0,0,0,0,61
3280000,02C,false,Rx,0,8,128,178,145,0,0,0,0,195
3280000,050,false,Rx,0,8,64,1,0,0,0,0,0,65
3280000,0A6,false,Rx,0,8,5,108,5,108,5,108,5,108
3280000,251,false,Rx,0,8,128,156,178,0,0,0,0,206
3280000,260,false,Rx,0,8,128,182,196,0,0,0,0,250
3280000,316,false,Rx,0,8,64,1,0,0,0,0,0,65
3280000,544,false,Rx,0,8,64,0,0,0,0,0,0,0
3290000,018,false,Rx,0,8,70,251,0,0,0,0,0,65
3290000,02C,false,Rx,0,8,144,177,229,0,0,0,0,38
3290000,050,false,Rx,0,8,64,1,0,0,0,0,0,65
3290000,251,false,Rx,0,8,144,157,159,0,0,0,0,204
3290000,260,false,Rx,0,8,144,182,156,0,0,0,0,226
3300000,018,false,Rx,0,8,71,0,3,0,0,0,0,74
3300000,02C,false,Rx,0,8,160,176,119,0,0,0,0,199
3300000,050,false,Rx,0,8,64,1,0,0,0,0,0,65
3300000,0A6,false,Rx,0,8,5,99,5,99,5,99,5,99
3300000,251,false,Rx,0,8,160,159,175,0,0,0,0,238
3300000,260,false,Rx,0,8,160,181,85,0,0,0,0,170
3300000,316,false,Rx,0,8,64,1,0,0,0,0,0,65
3300000,544,false,Rx,0,8,80,0,0,0,0,0,0,0
3300000,4F1,false,Rx,0,8,16,0,0,0,0,0,0,16
3310000,018,false,Rx,0,8,71,5,0,0,0,0,0,76
3310000,02C,false,Rx,0,8,176,175,122,0,0,0,0,217
3310000,050,false,Rx,0,8,64,1,0,0,0,0,0,65
3310000,251,false,Rx,0,8,176,161,233,0,0,0,0,58
3310000,260,false,Rx,0,8,176,180,33,0,0,0,0,133
3320000,018,false,Rx,0,8,71,10,3,0,0,0,0,84
3320000,02C,false,Rx,0,8,192,174,158,0,0,0,0,12
3320000,050,false,Rx,0,8,64,1,0,0,0,0,0,65
3320000,0A6,false,Rx,0,8,5,91,5,91,5,91,5,91
3320000,251,false,Rx,0,8,192,162,105,0,0,0,0,203
3320000,260,false,Rx,0,8,192,179,23,0,0,0,0,138
3320000,316,false,Rx,0,8,64,1,0,0,0,0,0,65
3320000,544,false,Rx,0,8,96,0,0,0,0,0,0,0
3330000,018,false,Rx,0,8,71,15,1,0,0,0,0,87
3330000,02C,false,Rx,0,8,208,172,240,0,0,0,0,108
3330000,050,false,Rx,0,8,64,1,0,0,0,0,0,65
3330000,251,false,Rx,0,8,208,164,247,0,0,0,0,107
3330000,260,false,Rx,0,8,208,178,152,0,0,0,0,26
3340000,018,false,Rx,0,8,71,20,1,0,0,0,0,92
3340000,02C,false,Rx,0,8,224,171,99,0,0,0,0,238
3340000,050,false,Rx,0,8,64,1,0,0,0,0,0,65
3340000,0A6,false,Rx,0,8,5,83,5,83,5,83,5,83
3340000,251,false,Rx,0,8,224,165,178,0,0,0,0,55
3340000,260,false,Rx,0,8,224,177,148,0,0,0,0,37
3340000,316,false,Rx,0,8,64,1,0,0,0,0,0,65
3340000,544,false,Rx,0,8,112,0,0,0,0,0,0,0
3350000,018,false,Rx,0,8,71,24,3,0,0,0,0,98
3350000,02C,false,Rx,0,8,240,170,188,0,0,0,0,86
3350000,050,false,Rx,0,8,64,1,0,0,0,0,0,65
3350000,251,false,Rx,0,8,240,167,243,0,0,0,0,138
3350000,260,false,Rx,0,8,240,176,233,0,0,0,0,137
3360000,018,false,Rx,0,8,71,29,2,0,0,0,0,102
3360000,02C,false,Rx,0,8,0,168,225,0,0,0,0,137
3360000,050,false,Rx,0,8,64,1,0,0,0,0,0,65
3360000,0A6,false,Rx,0,8,5,75,5,75,5,75,5,75
3360000,251,false,Rx,0,8,0,168,49,0,0,0,0,217
3360000,260,false,Rx,0,8,0,175,172,0,0,0,0,91
3360000,316,false,Rx,0,8,64,1,0,0,0,0,0,65
3360000,544,false,Rx,0,8,128,0,0,0,0,0,0,0
3370000,018,false,Rx,0,8,71,33,2,0,0,0,0,106
3370000,02C,false,Rx,0,8,16,167,236,0,0,0,0,163
3370000,050,false,Rx,0,8,64,1,0,0,0,0,0,65
3370000,251,false,Rx,0,8,16,169,224,0,0,0,0,153
3370000,260,false,Rx,0,8,16,173,222,0,0,0,0,155
3380000,018,false,Rx,0,8,71,38,1,0,0,0,0,110
3380000,02C,false,Rx,0,8,32,166,144,0,0,0,0,86
3380000,050,false,Rx,0,8,64,1,0,0,0,0,0,65
3380000,0A6,false,Rx,0,8,5,67,5,67,5,67,5,67
3380000,251,false,Rx,0,8,32,171,231,0,0,0,0,178
3380000,260,false,Rx,0,8,32,172,68,0,0,0,0,16
3380000,316,false,Rx,0,8,64,1,0,0,0,0,0,65
3380000,544,false,Rx,0,8,144,0,0,0,0,0,0,0
3390000,018,false,Rx,0,8,71,42,1,0,0,0,0,114
3390000,02C,false,Rx,0,8,48,164,195,0,0,0,0,151
3390000,050,false,Rx,0,8,64,1,0,0,0,0,0,65
3390000,251,false,Rx,0,8,48,172,163,0,0,0,0,127
3390000,260,false,Rx,0,8,48,171,175,0,0,0,0,138
3400000,018,false,Rx,0,8,71,46,0,0,0,0,0,117
3400000,02C,false,Rx,0,8,64,163,214,0,0,0,0,185
3400000,050,false,Rx,0,8,64,1,0,0,0,0,0,65
3400000,0A6,false,Rx,0,8,5,60,5,60,5,60,5,60
3400000,251,false,Rx,0,8,64,173,34,0,0,0,0,15
3400000,260,false,Rx,0,8,64,169,250,0,0,0,0,227
3400000,316,false,Rx,0,8,64,1,0,0,0,0,0,65
3400000,544,false,Rx,0,8,160,0,0,0,0,0,0,0
3400000,4F1,false,Rx,0,8,32,0,0,0,0,0,0,32
3410000,018,false,Rx,0,8,71,51,1,0,0,0,0,123
3410000,02C,false,Rx,0,8,80,161,82,0,0,0,0,67
3410000,050,false,Rx,0,8,64,1,0,0,0,0,0,65
3410000,251,false,Rx,0,8,80,174,153,0,0,0,0,151
3410000,260,false,Rx,0,8,80,168,183,0,0,0,0,175
3420000,018,false,Rx,0,8,71,55,3,0,0,0,0,129
3420000,02C,false,Rx,0,8,96,160,102,0,0,0,0,102
3420000,050,false,Rx,0,8,64,1,0,0,0,0,0,65
3420000,0A6,false,Rx,0,8,5,54,5,54,5,54,5,54
3420000,251,false,Rx,0,8,96,176,22,0,0,0,0,38
3420000,260,false,Rx,0,8,96,167,96,0,0,0,0,103
3420000,316,false,Rx,0,8,64,1,0,0,0,0,0,65
3420000,544,false,Rx,0,8,176,0,0,0,0,0,0,0
3430000,018,false,Rx,0,8,71,59,2,0,0,0,0,132
3430000,02C,false,Rx,0,8,112,158,70,0,0,0,0,84
3430000,050,false,Rx,0,8,64,1,0,0,0,0,0,65
3430000,251,false,Rx,0,8,112,177,58,0,0,0,0,91
3430000,260,false,Rx,0,8,112,165,84,0,0,0,0,105
3440000,018,false,Rx,0,8,71,62,2,0,0,0,0,135
3440000,02C,false,Rx,0,8,128,156,128,0,0,0,0,156
3440000,050,false,Rx,0,8,64,1,0,0,0,0,0,65
3440000,0A6,false,Rx,0,8,5,47,5,47,5,47,5,47
3440000,251,false,Rx,0,8,128,178,11,0,0,0,0,61
3440000,260,false,Rx,0,8,128,164,206,0,0,0,0,242
3440000,316,false,Rx,0,8,64,1,0,0,0,0,0,65
3440000,544,false,Rx,0,8,192,0,0,0,0,0,0,0
3450000,018,false,Rx,0,8,71,66,0,0,0,0,0,137
3450000,02C,false,Rx,0,8,144,155,26,0,0,0,0,69
3450000,050,false,Rx,0,8,64,1,0,0,0,0,0,65
3450000,251,false,Rx,0,8,144,179,175,0,0,0,0,242
3450000,260,false,Rx,0,8,144,162,9,0,0,0,0,59
3460000,018,false,Rx,0,8,71,70,2,0,0,0,0,143
3460000,02C,false,Rx,0,8,160,153,246,0,0,0,0,47
3460000,050,false,Rx,0,8,64,1,0,0,0,0,0,65
3460000,0A6,false,Rx,0,8,5,42,5,42,5,42,5,42
3460000,251,false,Rx,0,8,160,180,55,0,0,0,0,139
3460000,260,false,Rx,0,8,160,161,116,0,0,0,0,181
3460000,316,false,Rx,0,8,64,1,0,0,0,0,0,65
3460000,544,false,Rx,0,8,208,0,0,0,0,0,0,0
3470000,018,false,Rx,0,8,71,73,2,0,0,0,0,146
3470000,02C,false,Rx,0,8,176,151,190,0,0,0,0,5
3470000,050,false,Rx,0,8,64,1,0,0,0,0,0,65
3470000,251,false,Rx,0,8,176,181,84,0,0,0,0,185
3470000,260,false,Rx,0,8,176,159,114,0,0,0,0,193
3480000,018,false,Rx,0,8,71,77,3,0,0,0,0,151
3480000,02C,false,Rx,0,8,192,149,52,0,0,0,0,137
3480000,050,false,Rx,0,8,64,1,0,0,0,0,0,65
3480000,0A6,false,Rx,0,8,5,36,5,36,5,36,5,36
3480000,251,false,Rx,0,8,192,181,124,0,0,0,0,241
3480000,260,false,Rx,0,8,192,158,67,0,0,0,0,161
3480000,316,false,Rx,0,8,64,1,0,0,0,0,0,65
3480000,544,false,Rx,0,8,224,0,0,0,0,0,0,0
3490000,018,false,Rx,0,8,71,80,2,0,0,0,0,153
3490000,02C,false,Rx,0,8,208,148,63,0,0,0,0,163
3490000,050,false,Rx,0,8,64,1,0,0,0,0,0,65
3490000,251,false,Rx,0,8,208,182,89,0,0,0,0,223
3490000,260,false,Rx,0,8,208,156,108,0,0,0,0,216
3500000,018,false,Rx,0,8,71,83,0,0,0,0,0,154
3500000,02C,false,Rx,0,8,224,146,145,0,0,0,0,3
3500000,050,false,Rx,0,8,64,1,0,0,0,0,0,65
3500000,0A6,false,Rx,0,8,5,31,5,31,5,31,5,31
3500000,251,false,Rx,0,8,224,183,81,0,0,0,0,232
3500000,260,false,Rx,0,8,224,154,11,0,0,0,0,133
3500000,316,false,Rx,0,8,64,1,0,0,0,0,0,65
3500000,544,false,Rx,0,8,240,0,0,0,0,0,0,0
3500000,4F1,false,Rx,0,8,48,0,0,0,0,0,0,48
3510000,018,false,Rx,0,8,71,86,0,0,0,0,0,157
3510000,02C,false,Rx,0,8,240,144,42,0,0,0,0,170
3510000,050,false,Rx,0,8,64,1,0,0,0,0,0,65
3510000,251,false,Rx,0,8,240,184,169,0,0,0,0,81
3510000,260,false,Rx,0,8,240,152,86,0,0,0,0,222
3520000,018,false,Rx,0,8,71,89,2,0,0,0,0,162
3520000,02C,false,Rx,0,8,0,142,82,0,0,0,0,224
3520000,050,false,Rx,0,8,64,1,0,0,0,0,0,65
3520000,0A6,false,Rx,0,8,5,26,5,26,5,26,5,26
3520000,251,false,Rx,0,8,0,184,218,0,0,0,0,146
3520000,260,false,Rx,0,8,0,151,63,0,0,0,0,214
3520000,316,false,Rx,0,8,64,1,0,0,0,0,0,65
3520000,544,false,Rx,0,8,0,0,0,0,0,0,0,0
3530000,018,false,Rx,0,8,71,92,1,0,0,0,0,164
3530000,02C,false,Rx,0,8,16,140,139,0,0,0,0,39
3530000,050,false,Rx,0,8,64,1,0,0,0,0,0,65
3530000,251,false,Rx,0,8,16,185,236,0,0,0,0,181
3530000,260,false,Rx,0,8,16,149,187,0,0,0,0,96
3540000,018,false,Rx,0,8,71,95,2,0,0,0,0,168
3540000,02C,false,Rx,0,8,32,139,230,0,0,0,0,145
3540000,050,false,Rx,0,8,64,1,0,0,0,0,0,65
3540000,0A6,false,Rx,0,8,5,22,5,22,5,22,5,22
3540000,251,false,Rx,0,8,32,185,118,0,0,0,0,79
3540000,260,false,Rx,0,8,32,147,19,0,0,0,0,198
3540000,316,false,Rx,0,8,64,1,0,0,0,0,0,65
3540000,544,false,Rx,0,8,16,0,0,0,0,0,0,0
3550000,018,false,Rx,0,8,71,98,0,0,0,0,0,169
3550000,02C,false,Rx,0,8,48,137,75,0,0,0,0,4
3550000,050,false,Rx,0,8,64,1,0,0,0,0,0,65
3550000,251,false,Rx,0,8,48,186,207,0,0,0,0,185
3550000,260,false,Rx,0,8,48,145,192,0,0,0,0,129
3560000,018,false,Rx,0,8,71,100,0,0,0,0,0,171
3560000,02C,false,Rx,0,8,64,135,223,0,0,0,0,166
3560000,050,false,Rx,0,8,64,1,0,0,0,0,0,65
3560000,0A6,false,Rx,0,8,5,18,5,18,5,18,5,18
3560000,251,false,Rx,0,8,64,186,94,0,0,0,0,88
3560000,260,false,Rx,0,8,64,144,130,0,0,0,0,82
3560000,316,false,Rx,0,8,64,1,0,0,0,0,0,65
3560000,544,false,Rx,0,8,32,0,0,0,0,0,0,0
3570000,018,false,Rx,0,8,71,102,3,0,0,0,0,176
3570000,02C,false,Rx,0,8,80,133,46,0,0,0,0,3
3570000,050,false,Rx,0,8,64,1,0,0,0,0,0,65
3570000,251,false,Rx,0,8,80,187,95,0,0,0,0,106
3570000,260,false,Rx,0,8,80,142,24,0,0,0,0,246
3580000,018,false,Rx,0,8,71,105,2,0,0,0,0,178
3580000,02C,false,Rx,0,8,96,131,113,0,0,0,0,84
3580000,050,false,Rx,0,8,64,1,0,0,0,0,0,65
3580000,0A6,false,Rx,0,8,5,14,5,14,5,14,5,14
3580000,251,false,Rx,0,8,96,187,221,0,0,0,0,248
3580000,260,false,Rx,0,8,96,140,24,0,0,0,0,4
3580000,316,false,Rx,0,8,64,1,0,0,0,0,0,65
3580000,544,false,Rx,0,8,48,0,0,0,0,0,0,0
3590000,018,false,Rx,0,8,71,107,2,0,0,0,0,180
3590000,02C,false,Rx,0,8,112,129,230,0,0,0,0,215
3590000,050,false,Rx,0,8,64,1,0,0,0,0,0,65
3590000,251,false,Rx,0,8,112,187,202,0,0,0,0,245
3590000,260,false,Rx,0,8,112,138,55,0,0,0,0,49
3600000,018,false,Rx,0,8,71,109,3,0,0,0,0,183
3600000,02C,false,Rx,0,8,128,127,178,0,0,0,0,177
3600000,050,false,Rx,0,8,64,1,0,0,0,0,0,65
3600000,0A6,false,Rx,0,8,5,11,5,11,5,11,5,11
3600000,251,false,Rx,0,8,128,187,14,0,0,0,0,73
3600000,260,false,Rx,0,8,128,136,10,0,0,0,0,18
3600000,316,false,Rx,0,8,64,1,0,0,0,0,0,65
3600000,544,false,Rx,0,8,64,0,0,0,0,0,0,0
3600000,4F1,false,Rx,0,8,64,0,0,0,0,0,0,64
3610000,018,false,Rx,0,8,71,111,0,0,0,0,0,182
3610000,02C,false,Rx,0,8,144,126,13,0,0,0,0,27
3610000,050,false,Rx,0,8,64,1,0,0,0,0,0,65
3610000,251,false,Rx,0,8,144,187,101,0,0,0,0,176
3610000,260,false,Rx,0,8,144,134,24,0,0,0,0,46
3620000,018,false,Rx,0,8,71,112,3,0,0,0,0,186
3620000,02C,false,Rx,0,8,160,124,212,0,0,0,0,240
3620000,050,false,Rx,0,8,64,1,0,0,0,0,0,65
3620000,0A6,false,Rx,0,8,5,8,5,8,5,8,5,8
3620000,251,false,Rx,0,8,160,187,230,0,0,0,0,65
3620000,260,false,Rx,0,8,160,133,59,0,0,0,0,96
3620000,316,false,Rx,0,8,64,1,0,0,0,0,0,65
3620000,544,false,Rx,0,8,80,0,0,0,0,0,0,0
3630000,018,false,Rx,0,8,71,114,1,0,0,0,0,186
3630000,02C,false,Rx,0,8,176,122,27,0,0,0,0,69
3630000,050,false,Rx,0,8,64,1,0,0,0,0,0,65
3630000,251,false,Rx,0,8,176,187,219,0,0,0,0,70
3630000,260,false,Rx,0,8,176,131,213,0,0,0,0,8
3640000,018,false,Rx,0,8,71,116,2,0,0,0,0,189
3640000,02C,false,Rx,0,8,192,120,202,0,0,0,0,2
3640000,050,false,Rx,0,8,64,1,0,0,0,0,0,65
3640000,0A6,false,Rx,0,8,5,6,5,6,5,6,5,6
3640000,251,false,Rx,0,8,192,187,199,0,0,0,0,66
3640000,260,false,Rx,0,8,192,129,227,0,0,0,0,36
3640000,316,false,Rx,0,8,64,1,0,0,0,0,0,65
3640000,544,false,Rx,0,8,96,0,0,0,0,0,0,0
3650000,018,false,Rx,0,8,71,117,0,0,0,0,0,188
3650000,02C,false,Rx,0,8,208,118,191,0,0,0,0,5
3650000,050,false,Rx,0,8,64,1,0,0,0,0,0,65
3650000,251,false,Rx,0,8,208,187,2,0,0,0,0,141
3650000,260,false,Rx,0,8,208,127,194,0,0,0,0,17
3660000,018,false,Rx,0,8,71,118,3,0,0,0,0,192
3660000,02C,false,Rx,0,8,224,116,120,0,0,0,0,204
3660000,050,false,Rx,0,8,64,1,0,0,0,0,0,65
3660000,0A6,false,Rx,0,8,5,4,5,4,5,4,5,4
3660000,251,false,Rx,0,8,224,187,109,0,0,0,0,8
3660000,260,false,Rx,0,8,224,125,63,0,0,0,0,156
3660000,316,false,Rx,0,8,64,1,0,0,0,0,0,65
3660000,544,false,Rx,0,8,112,0,0,0,0,0,0,0
3670000,018,false,Rx,0,8,71,119,0,0,0,0,0,190
3670000,02C,false,Rx,0,8,240,114,197,0,0,0,0,39
3670000,050,false,Rx,0,8,64,1,0,0,0,0,0,65
3670000,251,false,Rx,0,8,240,187,105,0,0,0,0,20
3670000,260,false,Rx,0,8,240,123,129,0,0,0,0,236
3680000,018,false,Rx,0,8,71,120,1,0,0,0,0,192
3680000,02C,false,Rx,0,8,0,112,41,0,0,0,0,153
3680000,050,false,Rx,0,8,64,1,0,0,0,0,0,65
3680000,0A6,false,Rx,0,8,5,2,5,2,5,2,5,2
3680000,251,false,Rx,0,8,0,187,142,0,0,0,0,73
3680000,260,false,Rx,0,8,0,121,242,0,0,0,0,107
3680000,316,false,Rx,0,8,64,1,0,0,0,0,0,65
3680000,544,false,Rx,0,8,128,0,0,0,0,0,0,0
3690000,018,false,Rx,0,8,71,121,2,0,0,0,0,194
3690000,02C,false,Rx,0,8,16,111,191,0,0,0,0,62
3690000,050,false,Rx,0,8,64,1,0,0,0,0,0,65
3690000,251,false,Rx,0,8,16,186,32,0,0,0,0,234
3690000,260,false,Rx,0,8,16,119,78,0,0,0,0,213
3700000,018,false,Rx,0,8,71,122,3,0,0,0,0,196
3700000,02C,false,Rx,0,8,32,109,114,0,0,0,0,255
3700000,050,false,Rx,0,8,64,1,0,0,0,0,0,65
3700000,0A6,false,Rx,0,8,5,1,5,1,5,1,5,1
3700000,251,false,Rx,0,8,32,186,52,0,0,0,0,14
3700000,260,false,Rx,0,8,32,118,105,0,0,0,0,255
3700000,316,false,Rx,0,8,64,1,0,0,0,0,0,65
3700000,544,false,Rx,0,8,144,0,0,0,0,0,0,0
3700000,4F1,false,Rx,0,8,80,0,0,0,0,0,0,80
3710000,018,false,Rx,0,8,71,122,0,0,0,0,0,193
3710000,02C,false,Rx,0,8,48,107,14,0,0,0,0,169
3710000,050,false,Rx,0,8,64,1,0,0,0,0,0,65
3710000,251,false,Rx,0,8,48,185,95,0,0,0,0,72
3710000,260,false,Rx,0,8,48,116,4,0,0,0,0,168
3720000,018,false,Rx,0,8,71,123,2,0,0,0,0,196
3720000,02C,false,Rx,0,8,64,105,163,0,0,0,0,76
3720000,050,false,Rx,0,8,64,1,0,0,0,0,0,65
3720000,0A6,false,Rx,0,8,5,0,5,0,5,0,5,0
3720000,251,false,Rx,0,8,64,185,187,0,0,0,0,180
3720000,260,false,Rx,0,8,64,114,154,0,0,0,0,76
3720000,316,false,Rx,0,8,64,1,0,0,0,0,0,65
3720000,544,false,Rx,0,8,160,0,0,0,0,0,0,0
3730000,018,false,Rx,0,8,71,123,2,0,0,0,0,196
3730000,02C,false,Rx,0,8,80,104,50,0,0,0,0,234
3730000,050,false,Rx,0,8,64,1,0,0,0,0,0,65
3730000,251,false,Rx,0,8,80,184,166,0,0,0,0,174
3730000,260,false,Rx,0,8,80,112,215,0,0,0,0,151
3740000,018,false,Rx,0,8,71,123,0,0,0,0,0,194
3740000,02C,false,Rx,0,8,96,102,171,0,0,0,0,113
3740000,050,false,Rx,0,8,64,1,0,0,0,0,0,65
3740000,0A6,false,Rx,0,8,5,0,5,0,5,0,5,0
3740000,251,false,Rx,0,8,96,184,100,0,0,0,0,124
3740000,260,false,Rx,0,8,96,110,51,0,0,0,0,1
3740000,316,false,Rx,0,8,64,1,0,0,0,0,0,65
3740000,544,false,Rx,0,8,176,0,0,0,0,0,0,0
3750000,018,false,Rx,0,8,71,124,2,0,0,0,0,197
3750000,02C,false,Rx,0,8,112,100,74,0,0,0,0,30
3750000,050,false,Rx,0,8,64,1,0,0,0,0,0,65
3750000,251,false,Rx,0,8,112,183,234,0,0,0,0,17
3750000,260,false,Rx,0,8,112,108,138,0,0,0,0,102
3760000,018,false,Rx,0,8,71,123,2,0,0,0,0,196
3760000,02C,false,Rx,0,8,128,99,70,0,0,0,0,41
3760000,050,false,Rx,0,8,64,1,0,0,0,0,0,65
3760000,0A6,false,Rx,0,8,5,0,5,0,5,0,5,0
3760000,251,false,Rx,0,8,128,182,58,0,0,0,0,112
3760000,260,false,Rx,0,8,128,107,70,0,0,0,0,49
3760000,316,false,Rx,0,8,64,1,0,0,0,0,0,65
3760000,544,false,Rx,0,8,192,0,0,0,0,0,0,0
3770000,018,false,Rx,0,8,71,123,3,0,0,0,0,197
3770000,02C,false,Rx,0,8,144,97,19,0,0,0,0,4
3770000,050,false,Rx,0,8,64,1,0,0,0,0,0,65
3770000,251,false,Rx,0,8,144,181,134,0,0,0,0,203
3770000,260,false,Rx,0,8,144,105,214,0,0,0,0,207
3780000,018,false,Rx,0,8,71,123,2,0,0,0,0,196
3780000,02C,false,Rx,0,8,160,95,146,0,0,0,0,145
3780000,050,false,Rx,0,8,64,1,0,0,0,0,0,65
3780000,0A6,false,Rx,0,8,5,0,5,0,5,0,5,0
3780000,251,false,Rx,0,8,160,180,250,0,0,0,0,78
3780000,260,false,Rx,0,8,160,103,53,0,0,0,0,60
3780000,316,false,Rx,0,8,64,1,0,0,0,0,0,65
3780000,544,false,Rx,0,8,208,0,0,0,0,0,0,0
3790000,018,false,Rx,0,8,71,122,3,0,0,0,0,196
3790000,02C,false,Rx,0,8,176,94,241,0,0,0,0,255
3790000,050,false,Rx,0,8,64,1,0,0,0,0,0,65
3790000,251,false,Rx,0,8,176,180,160,0,0,0,0,4
3790000,260,false,Rx,0,8,176,101,60,0,0,0,0,81
3800000,018,false,Rx,0,8,71,122,2,0,0,0,0,195
3800000,02C,false,Rx,0,8,192,92,71,0,0,0,0,99
3800000,050,false,Rx,0,8,64,1,0,0,0,0,0,65
3800000,0A6,false,Rx,0,8,5,1,5,1,5,1,5,1
3800000,251,false,Rx,0,8,192,179,198,0,0,0,0,57
3800000,260,false,Rx,0,8,192,100,144,0,0,0,0,180
3800000,316,false,Rx,0,8,64,1,0,0,0,0,0,65
3800000,544,false,Rx,0,8,224,0,0,0,0,0,0,0
3800000,4F1,false,Rx,0,8,96,0,0,0,0,0,0,96
3810000,018,false,Rx,0,8,71,121,1,0,0,0,0,193
3810000,02C,false,Rx,0,8,208,91,240,0,0,0,0,27
3810000,050,false,Rx,0,8,64,1,0,0,0,0,0,65
3810000,251,false,Rx,0,8,208,178,200,0,0,0,0,74
3810000,260,false,Rx,0,8,208,98,58,0,0,0,0,108
3820000,018,false,Rx,0,8,71,120,1,0,0,0,0,192
3820000,02C,false,Rx,0,8,224,89,229,0,0,0,0,30
3820000,050,false,Rx,0,8,64,1,0,0,0,0,0,65
3820000,0A6,false,Rx,0,8,5,2,5,2,5,2,5,2
3820000,251,false,Rx,0,8,224,177,58,0,0,0,0,203
3820000,260,false,Rx,0,8,224,96,54,0,0,0,0,118
3820000,316,false,Rx,0,8,64,1,0,0,0,0,0,65
3820000,544,false,Rx,0,8,240,0,0,0,0,0,0,0
3830000,018,false,Rx,0,8,71,119,3,0,0,0,0,193
3830000,02C,false,Rx,0,8,240,88,2,0,0,0,0,74
3830000,050,false,Rx,0,8,64,1,0,0,0,0,0,65
3830000,251,false,Rx,0,8,240,175,178,0,0,0,0,81
3830000,260,false,Rx,0,8,240,95,254,0,0,0,0,77
3840000,018,false,Rx,0,8,71,118,3,0,0,0,0,192
3840000,02C,false,Rx,0,8,0,86,40,0,0,0,0,126
3840000,050,false,Rx,0,8,64,1,0,0,0,0,0,65
3840000,0A6,false,Rx,0,8,5,4,5,4,5,4,5,4
3840000,251,false,Rx,0,8,0,174,180,0,0,0,0,98
3840000,260,false,Rx,0,8,0,93,101,0,0,0,0,194
3840000,316,false,Rx,0,8,64,1,0,0,0,0,0,65
3840000,544,false,Rx,0,8,0,0,0,0,0,0,0,0
3850000,018,false,Rx,0,8,71,117,1,0,0,0,0,189
3850000,02C,false,Rx,0,8,16,85,9,0,0,0,0,110
3850000,050,false,Rx,0,8,64,1,0,0,0,0,0,65
3850000,251,false,Rx,0,8,16,173,234,0,0,0,0,167
3850000,260,false,Rx,0,8,16,92,102,0,0,0,0,210
3860000,018,false,Rx,0,8,71,116,2,0,0,0,0,189
3860000,02C,false,Rx,0,8,32,84,131,0,0,0,0,247
3860000,050,false,Rx,0,8,64,1,0,0,0,0,0,65
3860000,0A6,false,Rx,0,8,5,6,5,6,5,6,5,6
3860000,251,false,Rx,0,8,32,172,88,0,0,0,0,36
3860000,260,false,Rx,0,8,32,90,134,0,0,0,0,0
3860000,316,false,Rx,0,8,64,1,0,0,0,0,0,65
3860000,544,false,Rx,0,8,16,0,0,0,0,0,0,0
3870000,018,false,Rx,0,8,71,114,3,0,0,0,0,188
3870000,02C,false,Rx,0,8,48,82,110,0,0,0,0,240
3870000,050,false,Rx,0,8,64,1,0,0,0,0,0,65
3870000,251,false,Rx,0,8,48,170,152,0,0,0,0,114
3870000,260,false,Rx,0,8,48,89,103,0,0,0,0,240
3880000,018,false,Rx,0,8,71,112,0,0,0,0,0,183
3880000,02C,false,Rx,0,8,64,81,76,0,0,0,0,221
3880000,050,false,Rx,0,8,64,1,0,0,0,0,0,65
3880000,0A6,false,Rx,0,8,5,8,5,8,5,8,5,8
3880000,251,false,Rx,0,8,64,169,43,0,0,0,0,20
3880000,260,false,Rx,0,8,64,87,183,0,0,0,0,78
3880000,316,false,Rx,0,8,64,1,0,0,0,0,0,65
3880000,544,false,Rx,0,8,32,0,0,0,0,0,0,0
3890000,018,false,Rx,0,8,71,111,2,0,0,0,0,184
3890000,02C,false,Rx,0,8,80,80,216,0,0,0,0,120
3890000,050,false,Rx,0,8,64,1,0,0,0,0,0,65
3890000,251,false,Rx,0,8,80,168,68,0,0,0,0,60
3890000,260,false,Rx,0,8,80,86,209,0,0,0,0,119
3900000,018,false,Rx,0,8,71,109,2,0,0,0,0,182
3900000,02C,false,Rx,0,8,96,79,56,0,0,0,0,231
3900000,050,false,Rx,0,8,64,1,0,0,0,0,0,65
3900000,0A6,false,Rx,0,8,5,11,5,11,5,11,5,11
3900000,251,false,Rx,0,8,96,166,160,0,0,0,0,166
3900000,260,false,Rx,0,8,96,85,151,0,0,0,0,76
3900000,316,false,Rx,0,8,64,1,0,0,0,0,0,65
3900000,544,false,Rx,0,8,48,0,0,0,0,0,0,0
3900000,4F1,false,Rx,0,8,112,0,0,0,0,0,0,112
3910000,018,false,Rx,0,8,71,107,1,0,0,0,0,179
3910000,02C,false,Rx,0,8,112,78,147,0,0,0,0,81
3910000,050,false,Rx,0,8,64,1,0,0,0,0,0,65
3910000,251,false,Rx,0,8,112,165,60,0,0,0,0,81
3910000,260,false,Rx,0,8,112,83,82,0,0,0,0,21
3920000,018,false,Rx,0,8,71,105,3,0,0,0,0,179
3920000,02C,false,Rx,0,8,128,77,121,0,0,0,0,70
3920000,050,false,Rx,0,8,64,1,0,0,0,0,0,65
3920000,0A6,false,Rx,0,8,5,14,5,14,5,14,5,14
3920000,251,false,Rx,0,8,128,163,122,0,0,0,0,157
3920000,260,false,Rx,0,8,128,82,20,0,0,0,0,230
3920000,316,false,Rx,0,8,64,1,0,0,0,0,0,65
3920000,544,false,Rx,0,8,64,0,0,0,0,0,0,0
3930000,018,false,Rx,0,8,71,102,2,0,0,0,0,175
3930000,02C,false,Rx,0,8,144,76,154,0,0,0,0,118
3930000,050,false,Rx,0,8,64,1,0,0,0,0,0,65
3930000,251,false,Rx,0,8,144,162,156,0,0,0,0,206
3930000,260,false,Rx,0,8,144,81,254,0,0,0,0,223
3940000,018,false,Rx,0,8,71,100,3,0,0,0,0,174
3940000,02C,false,Rx,0,8,160,75,62,0,0,0,0,41
3940000,050,false,Rx,0,8,64,1,0,0,0,0,0,65
3940000,0A6,false,Rx,0,8,5,18,5,18,5,18,5,18
3940000,251,false,Rx,0,8,160,160,59,0,0,0,0,123
3940000,260,false,Rx,0,8,160,80,106,0,0,0,0,90
3940000,316,false,Rx,0,8,64,1,0,0,0,0,0,65
3940000,544,false,Rx,0,8,80,0,0,0,0,0,0,0
3950000,018,false,Rx,0,8,71,98,3,0,0,0,0,172
3950000,02C,false,Rx,0,8,176,74,24,0,0,0,0,18
3950000,050,false,Rx,0,8,64,1,0,0,0,0,0,65
3950000,251,false,Rx,0,8,176,159,93,0,0,0,0,172
3950000,260,false,Rx,0,8,176,79,246,0,0,0,0,245
3960000,018,false,Rx,0,8,71,95,3,0,0,0,0,169
3960000,02C,false,Rx,0,8,192,73,122,0,0,0,0,131
3960000,050,false,Rx,0,8,64,1,0,0,0,0,0,65
3960000,0A6,false,Rx,0,8,5,22,5,22,5,22,5,22
3960000,251,false,Rx,0,8,192,157,191,0,0,0,0,28
3960000,260,false,Rx,0,8,192,78,169,0,0,0,0,183
3960000,316,false,Rx,0,8,64,1,0,0,0,0,0,65
3960000,544,false,Rx,0,8,96,0,0,0,0,0,0,0
3970000,018,false,Rx,0,8,71,92,1,0,0,0,0,164
3970000,02C,false,Rx,0,8,208,72,214,0,0,0,0,238
3970000,050,false,Rx,0,8,64,1,0,0,0,0,0,65
3970000,251,false,Rx,0,8,208,155,72,0,0,0,0,179
3970000,260,false,Rx,0,8,208,77,120,0,0,0,0,149
3980000,018,false,Rx,0,8,71,89,3,0,0,0,0,163
3980000,02C,false,Rx,0,8,224,72,234,0,0,0,0,18
3980000,050,false,Rx,0,8,64,1,0,0,0,0,0,65
3980000,0A6,false,Rx,0,8,5,26,5,26,5,26,5,26
3980000,251,false,Rx,0,8,224,154,198,0,0,0,0,64
3980000,260,false,Rx,0,8,224,76,1,0,0,0,0,45
3980000,316,false,Rx,0,8,64,1,0,0,0,0,0,65
3980000,544,false,Rx,0,8,112,0,0,0,0,0,0,0
3990000,018,false,Rx,0,8,71,86,1,0,0,0,0,158
3990000,02C,false,Rx,0,8,240,71,32,0,0,0,0,87
3990000,050,false,Rx,0,8,64,1,0,0,0,0,0,65
3990000,251,false,Rx,0,8,240,152,214,0,0,0,0,94
3990000,260,false,Rx,0,8,240,75,6,0,0,0,0,65
4000000,018,false,Rx,0,8,71,83,0,0,0,0,0,154
4000000,02C,false,Rx,0,8,0,70,56,0,0,0,0,126
4000000,050,false,Rx,0,8,64,1,0,0,0,0,0,65
4000000,0A6,false,Rx,0,8,5,31,5,31,5,31,5,31
4000000,251,false,Rx,0,8,0,150,70,0,0,0,0,220
4000000,260,false,Rx,0,8,0,74,45,0,0,0,0,119
4000000,316,false,Rx,0,8,64,1,0,0,0,0,0,65
4000000,544,false,Rx,0,8,128,0,0,0,0,0,0,0
4000000,593,false,Rx,0,8,178,180,179,181,0,0,0,0
4000000,4F1,false,Rx,0,8,128,0,0,0,0,0,0,128
4010000,018,false,Rx,0,8,71,80,2,0,0,0,0,153
4010000,02C,false,Rx,0,8,16,70,255,0,0,0,0,85
4010000,050,false,Rx,0,8,64,1,0,0,0,0,0,65
4010000,251,false,Rx,0,8,16,149,196,0,0,0,0,105
4010000,260,false,Rx,0,8,16,73,56,0,0,0,0,145
4019999,018,false,Rx,0,8,71,77,2,0,0,0,0,150
4019999,02C,false,Rx,0,8,32,69,8,0,0,0,0,109
4019999,050,false,Rx,0,8,64,1,0,0,0,0,0,65
4019999,0A6,false,Rx,0,8,5,36,5,36,5,36,5,36
4019999,251,false,Rx,0,8,32,147,216,0,0,0,0,139
4019999,260,false,Rx,0,8,32,72,252,0,0,0,0,100
4019999,316,false,Rx,0,8,64,1,0,0,0,0,0,65
4019999,544,false,Rx,0,8,144,0,0,0,0,0,0,0
4030000,018,false,Rx,0,8,71,73,0,0,0,0,0,144
4030000,02C,false,Rx,0,8,48,69,123,0,0,0,0,240
4030000,050,false,Rx,0,8,64,1,0,0,0,0,0,65
4030000,251,false,Rx,0,8,48,145,95,0,0,0,0,32
4030000,260,false,Rx,0,8,48,71,76,0,0,0,0,195
4040000,018,false,Rx,0,8,71,70,1,0,0,0,0,142
4040000,02C,false,Rx,0,8,64,69,73,0,0,0,0,206
4040000,050,false,Rx,0,8,64,1,0,0,0,0,0,65
4040000,0A6,false,Rx,0,8,5,42,5,42,5,42,5,42
4040000,251,false,Rx,0,8,64,143,249,0,0,0,0,200
4040000,260,false,Rx,0,8,64,71,46,0,0,0,0,181
4040000,316,false,Rx,0,8,64,1,0,0,0,0,0,65
4040000,544,false,Rx,0,8,160,0,0,0,0,0,0,0
4050000,018,false,Rx,0,8,71,66,2,0,0,0,0,139
4050000,02C,false,Rx,0,8,80,68,149,0,0,0,0,41
4050000,050,false,Rx,0,8,64,1,0,0,0,0,0,65
4050000,251,false,Rx,0,8,80,141,88,0,0,0,0,53
4050000,260,false,Rx,0,8,80,70,38,0,0,0,0,188
4059999,018,false,Rx,0,8,71,62,1,0,0,0,0,134
4059999,02C,false,Rx,0,8,96,68,219,0,0,0,0,127
4059999,050,false,Rx,0,8,64,1,0,0,0,0,0,65
4059999,0A6,false,Rx,0,8,5,47,5,47,5,47,5,47
4059999,251,false,Rx,0,8,96,140,85,0,0,0,0,65
4059999,260,false,Rx,0,8,96,70,51,0,0,0,0,217
4059999,316,false,Rx,0,8,64,1,0,0,0,0,0,65
4059999,544,false,Rx,0,8,176,0,0,0,0,0,0,0
4070000,018,false,Rx,0,8,71,59,1,0,0,0,0,131
4070000,02C,false,Rx,0,8,112,68,0,0,0,0,0,180
4070000,050,false,Rx,0,8,64,1,0,0,0,0,0,65
4070000,251,false,Rx,0,8,112,138,250,0,0,0,0,244
4070000,260,false,Rx,0,8,112,69,131,0,0,0,0,56
4080000,018,false,Rx,0,8,71,55,1,0,0,0,0,127
4080000,02C,false,Rx,0,8,128,68,180,0,0,0,0,120
4080000,050,false,Rx,0,8,64,1,0,0,0,0,0,65
4080000,0A6,false,Rx,0,8,5,54,5,54,5,54,5,54
4080000,251,false,Rx,0,8,128,136,147,0,0,0,0,155
4080000,260,false,Rx,0,8,128,69,118,0,0,0,0,59
4080000,316,false,Rx,0,8,64,1,0,0,0,0,0,65
4080000,544,false,Rx,0,8,192,0,0,0,0,0,0,0
4090000,018,false,Rx,0,8,71,51,0,0,0,0,0,122
4090000,02C,false,Rx,0,8,144,68,123,0,0,0,0,79
4090000,050,false,Rx,0,8,64,1,0,0,0,0,0,65
4090000,251,false,Rx,0,8,144,134,71,0,0,0,0,93
4090000,260,false,Rx,0,8,144,68,233,0,0,0,0,189
4099999,018,false,Rx,0,8,71,46,0,0,0,0,0,117
4099999,02C,false,Rx,0,8,160,68,213,0,0,0,0,185
4099999,050,false,Rx,0,8,64,1,0,0,0,0,0,65
4099999,0A6,false,Rx,0,8,5,60,5,60,5,60,5,60
4099999,251,false,Rx,0,8,160,132,95,0,0,0,0,131
4099999,260,false,Rx,0,8,160,68,151,0,0,0,0,123
4099999,316,false,Rx,0,8,64,1,0,0,0,0,0,65
4099999,544,false,Rx,0,8,208,0,0,0,0,0,0,0
4099999,4F1,false,Rx,0,8,144,0,0,0,0,0,0,144
4110000,018,false,Rx,0,8,71,42,1,0,0,0,0,114
4110000,02C,false,Rx,0,8,176,68,95,0,0,0,0,83
4110000,050,false,Rx,0,8,64,1,0,0,0,0,0,65
4110000,251,false,Rx,0,8,176,130,161,0,0,0,0,211
4110000,260,false,Rx,0,8,176,68,135,0,0,0,0,123
4120000,018,false,Rx,0,8,71,38,3,0,0,0,0,112
4120000,02C,false,Rx,0,8,192,68,43,0,0,0,0,47
4120000,050,false,Rx,0,8,64,1,0,0,0,0,0,65
4120000,0A6,false,Rx,0,8,5,67,5,67,5,67,5,67
4120000,251,false,Rx,0,8,192,128,230,0,0,0,0,38
4120000,260,false,Rx,0,8,192,68,237,0,0,0,0,241
4120000,316,false,Rx,0,8,64,1,0,0,0,0,0,65
4120000,544,false,Rx,0,8,224,0,0,0,0,0,0,0
4130000,018,false,Rx,0,8,71,33,0,0,0,0,0,104
4130000,02C,false,Rx,0,8,208,68,184,0,0,0,0,204
4130000,050,false,Rx,0,8,64,1,0,0,0,0,0,65
4130000,251,false,Rx,0,8,208,126,27,0,0,0,0,105
4130000,260,false,Rx,0,8,208,68,25,0,0,0,0,45
4139999,018,false,Rx,0,8,71,29,3,0,0,0,0,103
4139999,02C,false,Rx,0,8,224,68,34,0,0,0,0,70
4139999,050,false,Rx,0,8,64,1,0,0,0,0,0,65
4139999,0A6,false,Rx,0,8,5,75,5,75,5,75,5,75
4139999,251,false,Rx,0,8,224,125,183,0,0,0,0,20
4139999,260,false,Rx,0,8,224,68,51,0,0,0,0,87
4139999,316,false,Rx,0,8,64,1,0,0,0,0,0,65
4139999,544,false,Rx,0,8,240,0,0,0,0,0,0,0
4150000,018,false,Rx,0,8,71,24,3,0,0,0,0,98
4150000,02C,false,Rx,0,8,240,68,10,0,0,0,0,62
4150000,050,false,Rx,0,8,64,1,0,0,0,0,0,65
4150000,251,false,Rx,0,8,240,123,4,0,0,0,0,111
4150000,260,false,Rx,0,8,240,68,89,0,0,0,0,141
4160000,018,false,Rx,0,8,71,20,1,0,0,0,0,92
4160000,02C,false,Rx,0,8,0,69,199,0,0,0,0,12
4160000,050,false,Rx,0,8,64,1,0,0,0,0,0,65
4160000,0A6,false,Rx,0,8,5,83,5,83,5,83,5,83
4160000,251,false,Rx,0,8,0,121,248,0,0,0,0,113
4160000,260,false,Rx,0,8,0,68,20,0,0,0,0,88
4160000,316,false,Rx,0,8,64,1,0,0,0,0,0,65
4160000,544,false,Rx,0,8,0,0,0,0,0,0,0,0
4170000,018,false,Rx,0,8,71,15,3,0,0,0,0,89
4170000,02C,false,Rx,0,8,16,69,240,0,0,0,0,69
4170000,050,false,Rx,0,8,64,1,0,0,0,0,0,65
4170000,251,false,Rx,0,8,16,119,69,0,0,0,0,204
4170000,260,false,Rx,0,8,16,68,148,0,0,0,0,232
4179999,018,false,Rx,0,8,71,10,3,0,0,0,0,84
4179999,02C,false,Rx,0,8,32,69,22,0,0,0,0,123
4179999,050,false,Rx,0,8,64,1,0,0,0,0,0,65
4179999,0A6,false,Rx,0,8,5,91,5,91,5,91,5,91
4179999,251,false,Rx,0,8,32,117,99,0,0,0,0,248
4179999,260,false,Rx,0,8,32,68,184,0,0,0,0,28
4179999,316,false,Rx,0,8,64,1,0,0,0,0,0,65
4179999,544,false,Rx,0,8,16,0,0,0,0,0,0,0
4190000,018,false,Rx,0,8,71,5,3,0,0,0,0,79
4190000,02C,false,Rx,0,8,48,70,198,0,0,0,0,60
4190000,050,false,Rx,0,8,64,1,0,0,0,0,0,65
4190000,251,false,Rx,0,8,48,115,196,0,0,0,0,103
4190000,260,false,Rx,0,8,48,68,160,0,0,0,0,20
4200000,018,false,Rx,0,8,71,0,1,0,0,0,0,72
4200000,02C,false,Rx,0,8,64,70,191,0,0,0,0,69
4200000,050,false,Rx,0,8,64,1,0,0,0,0,0,65
4200000,0A6,false,Rx,0,8,5,99,5,99,5,99,5,99
4200000,251,false,Rx,0,8,64,113,253,0,0,0,0,174
4200000,260,false,Rx,0,8,64,68,218,0,0,0,0,94
4200000,316,false,Rx,0,8,64,1,0,0,0,0,0,65
4200000,544,false,Rx,0,8,32,0,0,0,0,0,0,0
4200000,4F1,false,Rx,0,8,160,0,0,0,0,0,0,160
4210000,018,false,Rx,0,8,70,251,1,0,0,0,0,66
4210000,02C,false,Rx,0,8,80,71,129,0,0,0,0,24
4210000,050,false,Rx,0,8,64,1,0,0,0,0,0,65
4210000,251,false,Rx,0,8,80,112,209,0,0,0,0,145
4210000,260,false,Rx,0,8,80,69,59,0,0,0,0,208
4220000,018,false,Rx,0,8,70,246,0,0,0,0,0,60
4220000,02C,false,Rx,0,8,96,72,8,0,0,0,0,176
4220000,050,false,Rx,0,8,64,1,0,0,0,0,0,65
4220000,0A6,false,Rx,0,8,5,108,5,108,5,108,5,108
4220000,251,false,Rx,0,8,96,110,251,0,0,0,0,201
4220000,260,false,Rx,0,8,96,69,48,0,0,0,0,213
4220000,316,false,Rx,0,8,64,1,0,0,0,0,0,65
4220000,544,false,Rx,0,8,48,0,0,0,0,0,0,0
4230000,018,false,Rx,0,8,70,240,0,0,0,0,0,54
4230000,02C,false,Rx,0,8,112,72,182,0,0,0,0,110
4230000,050,false,Rx,0,8,64,1,0,0,0,0,0,65
4230000,251,false,Rx,0,8,112,108,212,0,0,0,0,176
4230000,260,false,Rx,0,8,112,70,23,0,0,0,0,205
4240000,018,false,Rx,0,8,70,235,3,0,0,0,0,52
4240000,02C,false,Rx,0,8,128,73,34,0,0,0,0,235
4240000,050,false,Rx,0,8,64,1,0,0,0,0,0,65
4240000,0A6,false,Rx,0,8,5,117,5,117,5,117,5,117
4240000,251,false,Rx,0,8,128,106,227,0,0,0,0,205
4240000,260,false,Rx,0,8,128,70,4,0,0,0,0,202
4240000,316,false,Rx,0,8,64,1,0,0,0,0,0,65
4240000,544,false,Rx,0,8,64,0,0,0,0,0,0,0
4250000,018,false,Rx,0,8,70,230,1,0,0,0,0,45
4250000,02C,false,Rx,0,8,144,74,176,0,0,0,0,138
4250000,050,false,Rx,0,8,64,1,0,0,0,0,0,65
4250000,251,false,Rx,0,8,144,104,250,0,0,0,0,242
4250000,260,false,Rx,0,8,144,71,70,0,0,0,0,29
4260000,018,false,Rx,0,8,70,224,1,0,0,0,0,39
4260000,02C,false,Rx,0,8,160,75,123,0,0,0,0,102
4260000,050,false,Rx,0,8,64,1,0,0,0,0,0,65
4260000,0A6,false,Rx,0,8,5,126,5,126,5,126,5,126
4260000,251,false,Rx,0,8,160,103,85,0,0,0,0,92
4260000,260,false,Rx,0,8,160,71,87,0,0,0,0,62
4260000,316,false,Rx,0,8,64,1,0,0,0,0,0,65
4260000,544,false,Rx,0,8,80,0,0,0,0,0,0,0
4270000,018,false,Rx,0,8,70,218,3,0,0,0,0,35
4270000,02C,false,Rx,0,8,176,76,53,0,0,0,0,49
4270000,050,false,Rx,0,8,64,1,0,0,0,0,0,65
4270000,251,false,Rx,0,8,176,101,42,0,0,0,0,63
4270000,260,false,Rx,0,8,176,72,168,0,0,0,0,160
4280000,018,false,Rx,0,8,70,213,0,0,0,0,0,27
4280000,02C,false,Rx,0,8,192,77,170,0,0,0,0,183
4280000,050,false,Rx,0,8,64,1,0,0,0,0,0,65
4280000,0A6,false,Rx,0,8,5,136,5,136,5,136,5,136
4280000,251,false,Rx,0,8,192,99,15,0,0,0,0,50
4280000,260,false,Rx,0,8,192,73,183,0,0,0,0,192
4280000,316,false,Rx,0,8,64,1,0,0,0,0,0,65
4280000,544,false,Rx,0,8,96,0,0,0,0,0,0,0
4290000,018,false,Rx,0,8,70,207,1,0,0,0,0,22
4290000,02C,false,Rx,0,8,208,78,68,0,0,0,0,98
4290000,050,false,Rx,0,8,64,1,0,0,0,0,0,65
4290000,251,false,Rx,0,8,208,98,112,0,0,0,0,162
4290000,260,false,Rx,0,8,208,73,224,0,0,0,0,249
4300000,018,false,Rx,0,8,70,202,0,0,0,0,0,16
4300000,02C,false,Rx,0,8,224,79,22,0,0,0,0,69
4300000,050,false,Rx,0,8,64,1,0,0,0,0,0,65
4300000,0A6,false,Rx,0,8,5,146,5,146,5,146,5,146
4300000,251,false,Rx,0,8,224,96,149,0,0,0,0,213
4300000,260,false,Rx,0,8,224,74,137,0,0,0,0,179
4300000,316,false,Rx,0,8,64,1,0,0,0,0,0,65
4300000,544,false,Rx,0,8,112,0,0,0,0,0,0,0
4300000,4F1,false,Rx,0,8,176,0,0,0,0,0,0,176
4310000,018,false,Rx,0,8,70,196,3,0,0,0,0,13
4310000,02C,false,Rx,0,8,240,80,180,0,0,0,0,244
4310000,050,false,Rx,0,8,64,1,0,0,0,0,0,65
4310000,251,false,Rx,0,8,240,94,16,0,0,0,0,94
4310000,260,false,Rx,0,8,240,75,47,0,0,0,0,106
4320000,018,false,Rx,0,8,70,190,1,0,0,0,0,5
4320000,02C,false,Rx,0,8,0,81,173,0,0,0,0,254
4320000,050,false,Rx,0,8,64,1,0,0,0,0,0,65
4320000,0A6,false,Rx,0,8,5,157,5,157,5,157,5,157
4320000,251,false,Rx,0,8,0,93,140,0,0,0,0,233
4320000,260,false,Rx,0,8,0,76,190,0,0,0,0,10
4320000,316,false,Rx,0,8,64,1,0,0,0,0,0,65
4320000,544,false,Rx,0,8,128,0,0,0,0,0,0,0
4330000,018,false,Rx,0,8,70,184,3,0,0,0,0,1
4330000,02C,false,Rx,0,8,16,83,89,0,0,0,0,188
4330000,050,false,Rx,0,8,64,1,0,0,0,0,0,65
4330000,251,false,Rx,0,8,16,91,115,0,0,0,0,222
4330000,260,false,Rx,0,8,16,77,175,0,0,0,0,12
4340000,018,false,Rx,0,8,70,178,2,0,0,0,0,250
4340000,02C,false,Rx,0,8,32,84,237,0,0,0,0,97
4340000,050,false,Rx,0,8,64,1,0,0,0,0,0,65
4340000,0A6,false,Rx,0,8,5,167,5,167,5,167,5,167
4340000,251,false,Rx,0,8,32,90,147,0,0,0,0,13
4340000,260,false,Rx,0,8,32,78,93,0,0,0,0,203
4340000,316,false,Rx,0,8,64,1,0,0,0,0,0,65
4340000,544,false,Rx,0,8,144,0,0,0,0,0,0,0
4350000,018,false,Rx,0,8,70,172,3,0,0,0,0,245
4350000,02C,false,Rx,0,8,48,85,245,0,0,0,0,122
4350000,050,false,Rx,0,8,64,1,0,0,0,0,0,65
4350000,251,false,Rx,0,8,48,88,86,0,0,0,0,222
4350000,260,false,Rx,0,8,48,79,58,0,0,0,0,185
4360000,018,false,Rx,0,8,70,166,3,0,0,0,0,239
4360000,02C,false,Rx,0,8,64,87,93,0,0,0,0,244
4360000,050,false,Rx,0,8,64,1,0,0,0,0,0,65
4360000,0A6,false,Rx,0,8,5,179,5,179,5,179,5,179
4360000,251,false,Rx,0,8,64,87,234,0,0,0,0,129
4360000,260,false,Rx,0,8,64,80,205,0,0,0,0,93
4360000,316,false,Rx,0,8,64,1,0,0,0,0,0,65
4360000,544,false,Rx,0,8,160,0,0,0,0,0,0,0
4370000,018,false,Rx,0,8,70,160,3,0,0,0,0,233
4370000,02C,false,Rx,0,8,80,88,69,0,0,0,0,237
4370000,050,false,Rx,0,8,64,1,0,0,0,0,0,65
4370000,251,false,Rx,0,8,80,86,253,0,0,0,0,163
4370000,260,false,Rx,0,8,80,82,204,0,0,0,0,110
4380000,018,false,Rx,0,8,70,154,1,0,0,0,0,225
4380000,02C,false,Rx,0,8,96,89,32,0,0,0,0,217
4380000,050,false,Rx,0,8,64,1,0,0,0,0,0,65
4380000,0A6,false,Rx,0,8,5,190,5,190,5,190,5,190
4380000,251,false,Rx,0,8,96,84,57,0,0,0,0,237
4380000,260,false,Rx,0,8,96,83,233,0,0,0,0,156
4380000,316,false,Rx,0,8,64,1,0,0,0,0,0,65
4380000,544,false,Rx,0,8,176,0,0,0,0,0,0,0
4390000,018,false,Rx,0,8,70,148,3,0,0,0,0,221
4390000,02C,false,Rx,0,8,112,91,234,0,0,0,0,181
4390000,050,false,Rx,0,8,64,1,0,0,0,0,0,65
4390000,251,false,Rx,0,8,112,83,58,0,0,0,0,253
4390000,260,false,Rx,0,8,112,84,139,0,0,0,0,79
4400000,018,false,Rx,0,8,70,142,3,0,0,0,0,215
4400000,02C,false,Rx,0,8,128,92,18,0,0,0,0,238
4400000,050,false,Rx,0,8,64,1,0,0,0,0,0,65
4400000,0A6,false,Rx,0,8,5,201,5,201,5,201,5,201
4400000,251,false,Rx,0,8,128,82,137,0,0,0,0,91
4400000,260,false,Rx,0,8,128,86,197,0,0,0,0,155
4400000,316,false,Rx,0,8,64,1,0,0,0,0,0,65
4400000,544,false,Rx,0,8,192,0,0,0,0,0,0,0
4400000,4F1,false,Rx,0,8,192,0,0,0,0,0,0,192
4410000,018,false,Rx,0,8,70,136,2,0,0,0,0,208
4410000,02C,false,Rx,0,8,144,94,150,0,0,0,0,132
4410000,050,false,Rx,0,8,64,1,0,0,0,0,0,65
4410000,251,false,Rx,0,8,144,81,187,0,0,0,0,156
4410000,260,false,Rx,0,8,144,87,244,0,0,0,0,219
4420000,018,false,Rx,0,8,70,130,1,0,0,0,0,201
4420000,02C,false,Rx,0,8,160,95,103,0,0,0,0,102
4420000,050,false,Rx,0,8,64,1,0,0,0,0,0,65
4420000,0A6,false,Rx,0,8,5,213,5,213,5,213,5,213
4420000,251,false,Rx,0,8,160,79,21,0,0,0,0,4
4420000,260,false,Rx,0,8,160,88,215,0,0,0,0,207
4420000,316,false,Rx,0,8,64,1,0,0,0,0,0,65
4420000,544,false,Rx,0,8,208,0,0,0,0,0,0,0
4430000,018,false,Rx,0,8,70,123,2,0,0,0,0,195
4430000,02C,false,Rx,0,8,176,97,22,0,0,0,0,39
4430000,050,false,Rx,0,8,64,1,0,0,0,0,0,65
4430000,251,false,Rx,0,8,176,78,225,0,0,0,0,223
4430000,260,false,Rx,0,8,176,90,85,0,0,0,0,95
4440000,018,false,Rx,0,8,70,117,3,0,0,0,0,190
4440000,02C,false,Rx,0,8,192,99,102,0,0,0,0,137
4440000,050,false,Rx,0,8,64,1,0,0,0,0,0,65
4440000,0A6,false,Rx,0,8,5,225,5,225,5,225,5,225
4440000,251,false,Rx,0,8,192,77,111,0,0,0,0,124
4440000,260,false,Rx,0,8,192,91,57,0,0,0,0,84
4440000,316,false,Rx,0,8,64,1,0,0,0,0,0,65
4440000,544,false,Rx,0,8,224,0,0,0,0,0,0,0
4450000,018,false,Rx,0,8,70,111,1,0,0,0,0,182
4450000,02C,false,Rx,0,8,208,100,21,0,0,0,0,73
4450000,050,false,Rx,0,8,64,1,0,0,0,0,0,65
4450000,251,false,Rx,0,8,208,76,217,0,0,0,0,245
4450000,260,false,Rx,0,8,208,93,67,0,0,0,0,112
4460000,018,false,Rx,0,8,70,105,2,0,0,0,0,177
4460000,02C,false,Rx,0,8,224,102,161,0,0,0,0,231
4460000,050,false,Rx,0,8,64,1,0,0,0,0,0,65
4460000,0A6,false,Rx,0,8,5,238,5,238,5,238,5,238
4460000,251,false,Rx,0,8,224,75,52,0,0,0,0,95
4460000,260,false,Rx,0,8,224,94,30,0,0,0,0,92
4460000,316,false,Rx,0,8,64,1,0,0,0,0,0,65
4460000,544,false,Rx,0,8,240,0,0,0,0,0,0,0
4470000,018,false,Rx,0,8,70,98,3,0,0,0,0,171
4470000,02C,false,Rx,0,8,240,104,158,0,0,0,0,246
4470000,050,false,Rx,0,8,64,1,0,0,0,0,0,65
4470000,251,false,Rx,0,8,240,74,126,0,0,0,0,184
4470000,260,false,Rx,0,8,240,96,81,0,0,0,0,161
4480000,018,false,Rx,0,8,70,92,0,0,0,0,0,162
4480000,02C,false,Rx,0,8,0,106,203,0,0,0,0,53
4480000,050,false,Rx,0,8,64,1,0,0,0,0,0,65
4480000,0A6,false,Rx,0,8,5,250,5,250,5,250,5,250
4480000,251,false,Rx,0,8,0,74,152,0,0,0,0,226
4480000,260,false,Rx,0,8,0,97,53,0,0,0,0,150
4480000,316,false,Rx,0,8,64,1,0,0,0,0,0,65
4480000,544,false,Rx,0,8,0,0,0,0,0,0,0,0
4490000,018,false,Rx,0,8,70,86,2,0,0,0,0,158
4490000,02C,false,Rx,0,8,16,107,242,0,0,0,0,109
4490000,050,false,Rx,0,8,64,1,0,0,0,0,0,65
4490000,251,false,Rx,0,8,16,73,16,0,0,0,0,105
4490000,260,false,Rx,0,8,16,99,213,0,0,0,0,72
4500000,018,false,Rx,0,8,70,80,1,0,0,0,0,151
4500000,02C,false,Rx,0,8,32,109,129,0,0,0,0,14
4500000,050,false,Rx,0,8,64,1,0,0,0,0,0,65
4500000,0A6,false,Rx,0,8,6,7,6,7,6,7,6,7
4500000,251,false,Rx,0,8,32,72,230,0,0,0,0,78
4500000,260,false,Rx,0,8,32,101,247,0,0,0,0,124
4500000,316,false,Rx,0,8,64,1,0,0,0,0,0,65
4500000,544,false,Rx,0,8,16,0,0,0,0,0,0,0
4500000,4F1,false,Rx,0,8,208,0,0,0,0,0,0,208
4510000,018,false,Rx,0,8,70,73,2,0,0,0,0,145
4510000,02C,false,Rx,0,8,48,111,18,0,0,0,0,177
4510000,050,false,Rx,0,8,64,1,0,0,0,0,0,65
4510000,251,false,Rx,0,8,48,71,134,0,0,0,0,253
4510000,260,false,Rx,0,8,48,103,224,0,0,0,0,119
4520000,018,false,Rx,0,8,70,67,2,0,0,0,0,139
4520000,02C,false,Rx,0,8,64,113,97,0,0,0,0,18
4520000,050,false,Rx,0,8,64,1,0,0,0,0,0,65
4520000,0A6,false,Rx,0,8,6,20,6,20,6,20,6,20
4520000,251,false,Rx,0,8,64,71,178,0,0,0,0,57
4520000,260,false,Rx,0,8,64,104,92,0,0,0,0,4
4520000,316,false,Rx,0,8,64,1,0,0,0,0,0,65
4520000,544,false,Rx,0,8,32,0,0,0,0,0,0,0
4530000,018,false,Rx,0,8,70,61,2,0,0,0,0,133
4530000,02C,false,Rx,0,8,80,115,146,0,0,0,0,85
4530000,050,false,Rx,0,8,64,1,0,0,0,0,0,65
4530000,251,false,Rx,0,8,80,70,44,0,0,0,0,194
4530000,260,false,Rx,0,8,80,106,194,0,0,0,0,124
4540000,018,false,Rx,0,8,70,54,0,0,0,0,0,124
4540000,02C,false,Rx,0,8,96,116,182,0,0,0,0,138
4540000,050,false,Rx,0,8,64,1,0,0,0,0,0,65
4540000,0A6,false,Rx,0,8,6,34,6,34,6,34,6,34
4540000,251,false,Rx,0,8,96,70,224,0,0,0,0,134
4540000,260,false,Rx,0,8,96,108,183,0,0,0,0,131
4540000,316,false,Rx,0,8,64,1,0,0,0,0,0,65
4540000,544,false,Rx,0,8,48,0,0,0,0,0,0,0
4550000,018,false,Rx,0,8,70,48,1,0,0,0,0,119
4550000,02C,false,Rx,0,8,112,118,24,0,0,0,0,254
4550000,050,false,Rx,0,8,64,1,0,0,0,0,0,65
4550000,251,false,Rx,0,8,112,69,60,0,0,0,0,241
4550000,260,false,Rx,0,8,112,110,14,0,0,0,0,236
4560000,018,false,Rx,0,8,70,42,1,0,0,0,0,113
4560000,02C,false,Rx,0,8,128,120,169,0,0,0,0,161
4560000,050,false,Rx,0,8,64,1,0,0,0,0,0,65
4560000,0A6,false,Rx,0,8,6,47,6,47,6,47,6,47
4560000,251,false,Rx,0,8,128,69,121,0,0,0,0,62
4560000,260,false,Rx,0,8,128,111,66,0,0,0,0,49
4560000,316,false,Rx,0,8,64,1,0,0,0,0,0,65
4560000,544,false,Rx,0,8,64,0,0,0,0,0,0,0
4570000,018,false,Rx,0,8,70,36,1,0,0,0,0,107
4570000,02C,false,Rx,0,8,144,122,139,0,0,0,0,149
4570000,050,false,Rx,0,8,64,1,0,0,0,0,0,65
4570000,251,false,Rx,0,8,144,68,107,0,0,0,0,63
4570000,260,false,Rx,0,8,144,113,247,0,0,0,0,248
4580000,018,false,Rx,0,8,70,29,3,0,0,0,0,102
4580000,02C,false,Rx,0,8,160,124,63,0,0,0,0,91
4580000,050,false,Rx,0,8,64,1,0,0,0,0,0,65
4580000,0A6,false,Rx,0,8,6,61,6,61,6,61,6,61
4580000,251,false,Rx,0,8,160,68,179,0,0,0,0,151
4580000,260,false,Rx,0,8,160,115,249,0,0,0,0,12
4580000,316,false,Rx,0,8,64,1,0,0,0,0,0,65
4580000,544,false,Rx,0,8,80,0,0,0,0,0,0,0
4590000,018,false,Rx,0,8,70,23,1,0,0,0,0,94
4590000,02C,false,Rx,0,8,176,126,188,0,0,0,0,234
4590000,050,false,Rx,0,8,64,1,0,0,0,0,0,65
4590000,251,false,Rx,0,8,176,68,219,0,0,0,0,207
4590000,260,false,Rx,0,8,176,117,57,0,0,0,0,94
4600000,018,false,Rx,0,8,70,17,1,0,0,0,0,88
4600000,02C,false,Rx,0,8,192,128,223,0,0,0,0,31
4600000,050,false,Rx,0,8,64,1,0,0,0,0,0,65
4600000,0A6,false,Rx,0,8,6,75,6,75,6,75,6,75
4600000,251,false,Rx,0,8,192,68,84,0,0,0,0,88
4600000,260,false,Rx,0,8,192,119,210,0,0,0,0,9
4600000,316,false,Rx,0,8,64,1,0,0,0,0,0,65
4600000,544,false,Rx,0,8,96,0,0,0,0,0,0,0
4600000,4F1,false,Rx,0,8,224,0,0,0,0,0,0,224
4610000,018,false,Rx,0,8,70,11,0,0,0,0,0,81
4610000,02C,false,Rx,0,8,208,129,204,0,0,0,0,29
4610000,050,false,Rx,0,8,64,1,0,0,0,0,0,65
4610000,251,false,Rx,0,8,208,68,71,0,0,0,0,91
4610000,260,false,Rx,0,8,208,121,225,0,0,0,0,42
4620000,018,false,Rx,0,8,70,5,3,0,0,0,0,78
4620000,02C,false,Rx,0,8,224,131,225,0,0,0,0,68
4620000,050,false,Rx,0,8,64,1,0,0,0,0,0,65
4620000,0A6,false,Rx,0,8,6,89,6,89,6,89,6,89
4620000,251,false,Rx,0,8,224,68,105,0,0,0,0,141
4620000,260,false,Rx,0,8,224,122,23,0,0,0,0,113
4620000,316,false,Rx,0,8,64,1,0,0,0,0,0,65
4620000,544,false,Rx,0,8,112,0,0,0,0,0,0,0
4630000,018,false,Rx,0,8,69,255,3,0,0,0,0,71
4630000,02C,false,Rx,0,8,240,133,197,0,0,0,0,58
4630000,050,false,Rx,0,8,64,1,0,0,0,0,0,65
4630000,251,false,Rx,0,8,240,68,105,0,0,0,0,157
4630000,260,false,Rx,0,8,240,124,32,0,0,0,0,140
4640000,018,false,Rx,0,8,69,249,2,0,0,0,0,64
4640000,02C,false,Rx,0,8,0,135,173,0,0,0,0,52
4640000,050,false,Rx,0,8,64,1,0,0,0,0,0,65
4640000,0A6,false,Rx,0,8,6,104,6,104,6,104,6,104
4640000,251,false,Rx,0,8,0,68,30,0,0,0,0,98
4640000,260,false,Rx,0,8,0,126,133,0,0,0,0,3
4640000,316,false,Rx,0,8,64,1,0,0,0,0,0,65
4640000,544,false,Rx,0,8,128,0,0,0,0,0,0,0
4650000,018,false,Rx,0,8,69,243,3,0,0,0,0,59
4650000,02C,false,Rx,0,8,16,137,95,0,0,0,0,248
4650000,050,false,Rx,0,8,64,1,0,0,0,0,0,65
4650000,251,false,Rx,0,8,16,68,179,0,0,0,0,7
4650000,260,false,Rx,0,8,16,128,160,0,0,0,0,48
4660000,018,false,Rx,0,8,69,237,3,0,0,0,0,53
4660000,02C,false,Rx,0,8,32,139,254,0,0,0,0,169
4660000,050,false,Rx,0,8,64,1,0,0,0,0,0,65
4660000,0A6,false,Rx,0,8,6,118,6,118,6,118,6,118
4660000,251,false,Rx,0,8,32,68,143,0,0,0,0,243
4660000,260,false,Rx,0,8,32,130,6,0,0,0,0,168
4660000,316,false,Rx,0,8,64,1,0,0,0,0,0,65
4660000,544,false,Rx,0,8,144,0,0,0,0,0,0,0
4670000,018,false,Rx,0,8,69,231,0,0,0,0,0,44
4670000,02C,false,Rx,0,8,48,141,254,0,0,0,0,187
4670000,050,false,Rx,0,8,64,1,0,0,0,0,0,65
4670000,251,false,Rx,0,8,48,68,86,0,0,0,0,202
4670000,260,false,Rx,0,8,48,132,114,0,0,0,0,38
4680000,018,false,Rx,0,8,69,225,1,0,0,0,0,39
4680000,02C,false,Rx,0,8,64,143,188,0,0,0,0,139
4680000,050,false,Rx,0,8,64,1,0,0,0,0,0,65
4680000,0A6,false,Rx,0,8,6,133,6,133,6,133,6,133
4680000,251,false,Rx,0,8,64,68,165,0,0,0,0,41
4680000,260,false,Rx,0,8,64,134,173,0,0,0,0,115
4680000,316,false,Rx,0,8,64,1,0,0,0,0,0,65
4680000,544,false,Rx,0,8,160,0,0,0,0,0,0,0
4690000,018,false,Rx,0,8,69,219,3,0,0,0,0,35
4690000,02C,false,Rx,0,8,80,144,136,0,0,0,0,104
4690000,050,false,Rx,0,8,64,1,0,0,0,0,0,65
4690000,251,false,Rx,0,8,80,69,149,0,0,0,0,42
4690000,260,false,Rx,0,8,80,136,48,0,0,0,0,8
4700000,018,false,Rx,0,8,69,213,3,0,0,0,0,29
4700000,02C,false,Rx,0,8,96,146,42,0,0,0,0,28
4700000,050,false,Rx,0,8,64,1,0,0,0,0,0,65
4700000,0A6,false,Rx,0,8,6,148,6,148,6,148,6,148
4700000,251,false,Rx,0,8,96,69,148,0,0,0,0,57
4700000,260,false,Rx,0,8,96,137,221,0,0,0,0,198
4700000,316,false,Rx,0,8,64,1,0,0,0,0,0,65
4700000,544,false,Rx,0,8,176,0,0,0,0,0,0,0
4700000,4F1,false,Rx,0,8,240,0,0,0,0,0,0,240
4710000,018,false,Rx,0,8,69,208,0,0,0,0,0,21
4710000,02C,false,Rx,0,8,112,148,217,0,0,0,0,221
4710000,050,false,Rx,0,8,64,1,0,0,0,0,0,65
4710000,251,false,Rx,0,8,112,70,136,0,0,0,0,62
4710000,260,false,Rx,0,8,112,139,127,0,0,0,0,122
4720000,018,false,Rx,0,8,69,202,3,0,0,0,0,18
4720000,02C,false,Rx,0,8,128,150,40,0,0,0,0,62
4720000,050,false,Rx,0,8,64,1,0,0,0,0,0,65
4720000,0A6,false,Rx,0,8,6,163,6,163,6,163,6,163
4720000,251,false,Rx,0,8,128,70,48,0,0,0,0,246
4720000,260,false,Rx,0,8,128,141,246,0,0,0,0,3
4720000,316,false,Rx,0,8,64,1,0,0,0,0,0,65
4720000,544,false,Rx,0,8,192,0,0,0,0,0,0,0
4730000,018,false,Rx,0,8,69,197,3,0,0,0,0,13
4730000,02C,false,Rx,0,8,144,151,220,0,0,0,0,3
4730000,050,false,Rx,0,8,64,1,0,0,0,0,0,65
4730000,251,false,Rx,0,8,144,71,69,0,0,0,0,28
4730000,260,false,Rx,0,8,144,143,177,0,0,0,0,208
4740000,018,false,Rx,0,8,69,191,0,0,0,0,0,4
4740000,02C,false,Rx,0,8,160,153,92,0,0,0,0,149
4740000,050,false,Rx,0,8,64,1,0,0,0,0,0,65
4740000,0A6,false,Rx,0,8,6,178,6,178,6,178,6,178
4740000,251,false,Rx,0,8,160,71,210,0,0,0,0,185
4740000,260,false,Rx,0,8,160,145,197,0,0,0,0,246
4740000,316,false,Rx,0,8,64,1,0,0,0,0,0,65
4740000,544,false,Rx,0,8,208,0,0,0,0,0,0,0
4750000,018,false,Rx,0,8,69,186,2,0,0,0,0,1
4750000,02C,false,Rx,0,8,176,155,150,0,0,0,0,225
4750000,050,false,Rx,0,8,64,1,0,0,0,0,0,65
4750000,251,false,Rx,0,8,176,72,30,0,0,0,0,22
4750000,260,false,Rx,0,8,176,147,76,0,0,0,0,143
4760000,018,false,Rx,0,8,69,180,2,0,0,0,0,251
4760000,02C,false,Rx,0,8,192,156,164,0,0,0,0,0
4760000,050,false,Rx,0,8,64,1,0,0,0,0,0,65
4760000,0A6,false,Rx,0,8,6,193,6,193,6,193,6,193
4760000,251,false,Rx,0,8,192,73,141,0,0,0,0,150
4760000,260,false,Rx,0,8,192,148,27,0,0,0,0,111
4760000,316,false,Rx,0,8,64,1,0,0,0,0,0,65
4760000,544,false,Rx,0,8,224,0,0,0,0,0,0,0
4770000,018,false,Rx,0,8,69,175,3,0,0,0,0,247
4770000,02C,false,Rx,0,8,208,158,52,0,0,0,0,162
4770000,050,false,Rx,0,8,64,1,0,0,0,0,0,65
4770000,251,false,Rx,0,8,208,74,64,0,0,0,0,90
4770000,260,false,Rx,0,8,208,150,5,0,0,0,0,107
4780000,018,false,Rx,0,8,69,169,3,0,0,0,0,241
4780000,02C,false,Rx,0,8,224,160,40,0,0,0,0,168
4780000,050,false,Rx,0,8,64,1,0,0,0,0,0,65
4780000,0A6,false,Rx,0,8,6,209,6,209,6,209,6,209
4780000,251,false,Rx,0,8,224,75,67,0,0,0,0,110
4780000,260,false,Rx,0,8,224,152,80,0,0,0,0,200
4780000,316,false,Rx,0,8,64,1,0,0,0,0,0,65
4780000,544,false,Rx,0,8,240,0,0,0,0,0,0,0
4790000,018,false,Rx,0,8,69,164,1,0,0,0,0,234
4790000,02C,false,Rx,0,8,240,161,167,0,0,0,0,56
4790000,050,false,Rx,0,8,64,1,0,0,0,0,0,65
4790000,251,false,Rx,0,8,240,75,127,0,0,0,0,186
4790000,260,false,Rx,0,8,240,154,240,0,0,0,0,122
4800000,018,false,Rx,0,8,69,159,3,0,0,0,0,231
4800000,02C,false,Rx,0,8,0,163,151,0,0,0,0,58
4800000,050,false,Rx,0,8,64,1,0,0,0,0,0,65
4800000,0A6,false,Rx,0,8,6,224,6,224,6,224,6,224
4800000,251,false,Rx,0,8,0,76,74,0,0,0,0,150
4800000,260,false,Rx,0,8,0,155,253,0,0,0,0,152
4800000,316,false,Rx,0,8,64,1,0,0,0,0,0,65
4800000,544,false,Rx,0,8,0,0,0,0,0,0,0,0
4800000,4F1,false,Rx,0,8,0,0,0,0,0,0,0,0
4810000,018,false,Rx,0,8,69,154,1,0,0,0,0,224
4810000,02C,false,Rx,0,8,16,164,156,0,0,0,0,80
4810000,050,false,Rx,0,8,64,1,0,0,0,0,0,65
4810000,251,false,Rx,0,8,16,77,164,0,0,0,0,1
4810000,260,false,Rx,0,8,16,157,84,0,0,0,0,1
4820000,018,false,Rx,0,8,69,149,2,0,0,0,0,220
4820000,02C,false,Rx,0,8,32,166,228,0,0,0,0,170
4820000,050,false,Rx,0,8,64,1,0,0,0,0,0,65
4820000,0A6,false,Rx,0,8,6,240,6,240,6,240,6,240
4820000,251,false,Rx,0,8,32,78,126,0,0,0,0,236
4820000,260,false,Rx,0,8,32,159,38,0,0,0,0,229
4820000,316,false,Rx,0,8,64,1,0,0,0,0,0,65
4820000,544,false,Rx,0,8,16,0,0,0,0,0,0,0
4830000,018,false,Rx,0,8,69,144,3,0,0,0,0,216
4830000,02C,false,Rx,0,8,48,167,218,0,0,0,0,177
4830000,050,false,Rx,0,8,64,1,0,0,0,0,0,65
4830000,251,false,Rx,0,8,48,80,201,0,0,0,0,73
4830000,260,false,Rx,0,8,48,160,251,0,0,0,0,203
4840000,018,false,Rx,0,8,69,139,3,0,0,0,0,211
4840000,02C,false,Rx,0,8,64,169,85,0,0,0,0,62
4840000,050,false,Rx,0,8,64,1,0,0,0,0,0,65
4840000,0A6,false,Rx,0,8,7,0,7,0,7,0,7,0
4840000,251,false,Rx,0,8,64,81,250,0,0,0,0,139
4840000,260,false,Rx,0,8,64,162,164,0,0,0,0,134
4840000,316,false,Rx,0,8,64,1,0,0,0,0,0,65
4840000,544,false,Rx,0,8,32,0,0,0,0,0,0,0
4850000,018,false,Rx,0,8,69,135,0,0,0,0,0,204
4850000,02C,false,Rx,0,8,80,170,227,0,0,0,0,221
4850000,050,false,Rx,0,8,64,1,0,0,0,0,0,65
4850000,251,false,Rx,0,8,80,82,72,0,0,0,0,234
4850000,260,false,Rx,0,8,80,163,123,0,0,0,0,110
4860000,018,false,Rx,0,8,69,130,3,0,0,0,0,202
4860000,02C,false,Rx,0,8,96,171,179,0,0,0,0,190
4860000,050,false,Rx,0,8,64,1,0,0,0,0,0,65
4860000,0A6,false,Rx,0,8,7,15,7,15,7,15,7,15
4860000,251,false,Rx,0,8,96,83,137,0,0,0,0,60
4860000,260,false,Rx,0,8,96,165,169,0,0,0,0,174
4860000,316,false,Rx,0,8,64,1,0,0,0,0,0,65
4860000,544,false,Rx,0,8,48,0,0,0,0,0,0,0
4870000,018,false,Rx,0,8,69,126,2,0,0,0,0,197
4870000,02C,false,Rx,0,8,112,173,228,0,0,0,0,1
4870000,050,false,Rx,0,8,64,1,0,0,0,0,0,65
4870000,251,false,Rx,0,8,112,85,212,0,0,0,0,153
4870000,260,false,Rx,0,8,112,166,142,0,0,0,0,164
4880000,018,false,Rx,0,8,69,121,3,0,0,0,0,193
4880000,02C,false,Rx,0,8,128,174,21,0,0,0,0,67
4880000,050,false,Rx,0,8,64,1,0,0,0,0,0,65
4880000,0A6,false,Rx,0,8,7,31,7,31,7,31,7,31
4880000,251,false,Rx,0,8,128,86,192,0,0,0,0,150
4880000,260,false,Rx,0,8,128,168,25,0,0,0,0,65
4880000,316,false,Rx,0,8,64,1,0,0,0,0,0,65
4880000,544,false,Rx,0,8,64,0,0,0,0,0,0,0
4890000,018,false,Rx,0,8,69,117,1,0,0,0,0,187
4890000,02C,false,Rx,0,8,144,175,180,0,0,0,0,243
4890000,050,false,Rx,0,8,64,1,0,0,0,0,0,65
4890000,251,false,Rx,0,8,144,87,231,0,0,0,0,206
4890000,260,false,Rx,0,8,144,169,114,0,0,0,0,171
4900000,018,false,Rx,0,8,69,113,3,0,0,0,0,185
4900000,02C,false,Rx,0,8,160,176,222,0,0,0,0,46
4900000,050,false,Rx,0,8,64,1,0,0,0,0,0,65
4900000,0A6,false,Rx,0,8,7,47,7,47,7,47,7,47
4900000,251,false,Rx,0,8,160,89,38,0,0,0,0,31
4900000,260,false,Rx,0,8,160,170,193,0,0,0,0,11
4900000,316,false,Rx,0,8,64,1,0,0,0,0,0,65
4900000,544,false,Rx,0,8,80,0,0,0,0,0,0,0
4900000,4F1,false,Rx,0,8,16,0,0,0,0,0,0,16
4910000,018,false,Rx,0,8,69,108,1,0,0,0,0,178
4910000,02C,false,Rx,0,8,176,177,140,0,0,0,0,237
4910000,050,false,Rx,0,8,64,1,0,0,0,0,0,65
4910000,251,false,Rx,0,8,176,90,47,0,0,0,0,57
4910000,260,false,Rx,0,8,176,172,206,0,0,0,0,42
4920000,018,false,Rx,0,8,69,104,0,0,0,0,0,173
4920000,02C,false,Rx,0,8,192,178,29,0,0,0,0,143
4920000,050,false,Rx,0,8,64,1,0,0,0,0,0,65
4920000,0A6,false,Rx,0,8,7,63,7,63,7,63,7,63
4920000,251,false,Rx,0,8,192,92,206,0,0,0,0,234
4920000,260,false,Rx,0,8,192,173,120,0,0,0,0,229
4920000,316,false,Rx,0,8,64,1,0,0,0,0,0,65
4920000,544,false,Rx,0,8,96,0,0,0,0,0,0,0
4930000,018,false,Rx,0,8,69,100,3,0,0,0,0,172
4930000,02C,false,Rx,0,8,208,179,38,0,0,0,0,169
4930000,050,false,Rx,0,8,64,1,0,0,0,0,0,65
4930000,251,false,Rx,0,8,208,93,142,0,0,0,0,187
4930000,260,false,Rx,0,8,208,174,40,0,0,0,0,166
4940000,018,false,Rx,0,8,69,97,0,0,0,0,0,166
4940000,02C,false,Rx,0,8,224,180,207,0,0,0,0,99
4940000,050,false,Rx,0,8,64,1,0,0,0,0,0,65
4940000,0A6,false,Rx,0,8,7,79,7,79,7,79,7,79
4940000,251,false,Rx,0,8,224,95,188,0,0,0,0,251
4940000,260,false,Rx,0,8,224,175,235,0,0,0,0,122
4940000,316,false,Rx,0,8,64,1,0,0,0,0,0,65
4940000,544,false,Rx,0,8,112,0,0,0,0,0,0,0
4950000,018,false,Rx,0,8,69,93,0,0,0,0,0,162
4950000,02C,false,Rx,0,8,240,181,186,0,0,0,0,95
4950000,050,false,Rx,0,8,64,1,0,0,0,0,0,65
4950000,251,false,Rx,0,8,240,96,232,0,0,0,0,56
4950000,260,false,Rx,0,8,240,176,227,0,0,0,0,131
4960000,018,false,Rx,0,8,69,89,3,0,0,0,0,161
4960000,02C,false,Rx,0,8,0,182,81,0,0,0,0,7
4960000,050,false,Rx,0,8,64,1,0,0,0,0,0,65
4960000,0A6,false,Rx,0,8,7,95,7,95,7,95,7,95
4960000,251,false,Rx,0,8,0,98,249,0,0,0,0,91
4960000,260,false,Rx,0,8,0,177,229,0,0,0,0,150
4960000,316,false,Rx,0,8,64,1,0,0,0,0,0,65
4960000,544,false,Rx,0,8,128,0,0,0,0,0,0,0
4970000,018,false,Rx,0,8,69,86,1,0,0,0,0,156
4970000,02C,false,Rx,0,8,16,183,15,0,0,0,0,214
4970000,050,false,Rx,0,8,64,1,0,0,0,0,0,65
4970000,251,false,Rx,0,8,16,100,167,0,0,0,0,27
4970000,260,false,Rx,0,8,16,178,45,0,0,0,0,239
4980000,018,false,Rx,0,8,69,82,3,0,0,0,0,154
4980000,02C,false,Rx,0,8,32,183,73,0,0,0,0,32
4980000,050,false,Rx,0,8,64,1,0,0,0,0,0,65
4980000,0A6,false,Rx,0,8,7,111,7,111,7,111,7,111
4980000,251,false,Rx,0,8,32,101,1,0,0,0,0,134
4980000,260,false,Rx,0,8,32,179,255,0,0,0,0,210
4980000,316,false,Rx,0,8,64,1,0,0,0,0,0,65
4980000,544,false,Rx,0,8,144,0,0,0,0,0,0,0
4990000,018,false,Rx,0,8,69,79,1,0,0,0,0,149
4990000,02C,false,Rx,0,8,48,184,224,0,0,0,0,200
4990000,050,false,Rx,0,8,64,1,0,0,0,0,0,65
4990000,251,false,Rx,0,8,48,103,47,0,0,0,0,198
4990000,260,false,Rx,0,8,48,180,228,0,0,0,0,200
5000000,018,false,Rx,0,8,69,76,0,0,0,0,0,145
5000000,02C,false,Rx,0,8,64,185,17,0,0,0,0,10
5000000,050,false,Rx,0,8,64,1,0,0,0,0,0,65
5000000,0A6,false,Rx,0,8,7,127,7,127,7,127,7,127
5000000,251,false,Rx,0,8,64,105,234,0,0,0,0,147
5000000,260,false,Rx,0,8,64,181,161,0,0,0,0,150
5000000,316,false,Rx,0,8,64,1,0,0,0,0,0,65
5000000,544,false,Rx,0,8,160,0,0,0,0,0,0,0
5000000,593,false,Rx,0,8,178,180,179,181,0,0,0,0
5000000,4F1,false,Rx,0,8,32,0,0,0,0,0,0,32
5010000,018,false,Rx,0,8,69,73,2,0,0,0,0,144
5010000,02C,false,Rx,0,8,80,185,64,0,0,0,0,73
5010000,050,false,Rx,0,8,64,1,0,0,0,0,0,65
5010000,251,false,Rx,0,8,80,106,183,0,0,0,0,113
5010000,260,false,Rx,0,8,80,182,60,0,0,0,0,66
5020000,018,false,Rx,0,8,69,70,3,0,0,0,0,142
5020000,02C,false,Rx,0,8,96,186,34,0,0,0,0,60
5020000,050,false,Rx,0,8,64,1,0,0,0,0,0,65
5020000,0A6,false,Rx,0,8,7,144,7,144,7,144,7,144
5020000,251,false,Rx,0,8,96,108,32,0,0,0,0,236
5020000,260,false,Rx,0,8,96,183,254,0,0,0,0,21
5020000,316,false,Rx,0,8,64,1,0,0,0,0,0,65
5020000,544,false,Rx,0,8,176,0,0,0,0,0,0,0
5030000,018,false,Rx,0,8,69,67,2,0,0,0,0,138
5030000,02C,false,Rx,0,8,112,186,120,0,0,0,0,162
5030000,050,false,Rx,0,8,64,1,0,0,0,0,0,65
5030000,251,false,Rx,0,8,112,110,203,0,0,0,0,169
5030000,260,false,Rx,0,8,112,184,9,0,0,0,0,49
5040000,018,false,Rx,0,8,69,64,1,0,0,0,0,134
5040000,02C,false,Rx,0,8,128,186,187,0,0,0,0,245
5040000,050,false,Rx,0,8,64,1,0,0,0,0,0,65
5040000,0A6,false,Rx,0,8,7,160,7,160,7,160,7,160
5040000,251,false,Rx,0,8,128,112,111,0,0,0,0,95
5040000,260,false,Rx,0,8,128,184,52,0,0,0,0,108
5040000,316,false,Rx,0,8,64,1,0,0,0,0,0,65
5040000,544,false,Rx,0,8,192,0,0,0,0,0,0,0
5050000,018,false,Rx,0,8,69,61,3,0,0,0,0,133
5050000,02C,false,Rx,0,8,144,187,185,0,0,0,0,4
5050000,050,false,Rx,0,8,64,1,0,0,0,0,0,65
5050000,251,false,Rx,0,8,144,114,219,0,0,0,0,221
5050000,260,false,Rx,0,8,144,185,206,0,0,0,0,23
5060000,018,false,Rx,0,8,69,59,2,0,0,0,0,130
5060000,02C,false,Rx,0,8,160,187,196,0,0,0,0,31
5060000,050,false,Rx,0,8,64,1,0,0,0,0,0,65
5060000,0A6,false,Rx,0,8,7,176,7,176,7,176,7,176
5060000,251,false,Rx,0,8,160,115,108,0,0,0,0,127
5060000,260,false,Rx,0,8,160,185,211,0,0,0,0,44
5060000,316,false,Rx,0,8,64,1,0,0,0,0,0,65
5060000,544,false,Rx,0,8,208,0,0,0,0,0,0,0
5070000,018,false,Rx,0,8,69,57,2,0,0,0,0,128
5070000,02C,false,Rx,0,8,176,187,16,0,0,0,0,123
5070000,050,false,Rx,0,8,64,1,0,0,0,0,0,65
5070000,251,false,Rx,0,8,176,117,253,0,0,0,0,34
5070000,260,false,Rx,0,8,176,186,18,0,0,0,0,124
5080000,018,false,Rx,0,8,69,54,3,0,0,0,0,126
5080000,02C,false,Rx,0,8,192,187,78,0,0,0,0,201
5080000,050,false,Rx,0,8,64,1,0,0,0,0,0,65
5080000,0A6,false,Rx,0,8,7,192,7,192,7,192,7,192
5080000,251,false,Rx,0,8,192,119,137,0,0,0,0,192
5080000,260,false,Rx,0,8,192,186,0,0,0,0,0,122
5080000,316,false,Rx,0,8,64,1,0,0,0,0,0,65
5080000,544,false,Rx,0,8,224,0,0,0,0,0,0,0
5090000,018,false,Rx,0,8,69,52,2,0,0,0,0,123
5090000,02C,false,Rx,0,8,208,187,230,0,0,0,0,113
5090000,050,false,Rx,0,8,64,1,0,0,0,0,0,65
5090000,251,false,Rx,0,8,208,121,165,0,0,0,0,238
5090000,260,false,Rx,0,8,208,187,46,0,0,0,0,185
5100000,018,false,Rx,0,8,69,50,3,0,0,0,0,122
5100000,02C,false,Rx,0,8,224,187,189,0,0,0,0,88
5100000,050,false,Rx,0,8,64,1,0,0,0,0,0,65
5100000,0A6,false,Rx,0,8,7,208,7,208,7,208,7,208
5100000,251,false,Rx,0,8,224,123,145,0,0,0,0,236
5100000,260,false,Rx,0,8,224,187,155,0,0,0,0,54
5100000,316,false,Rx,0,8,64,1,0,0,0,0,0,65
5100000,544,false,Rx,0,8,240,0,0,0,0,0,0,0
5100000,4F1,false,Rx,0,8,48,0,0,0,0,0,0,48
5110000,018,false,Rx,0,8,69,48,2,0,0,0,0,119
5110000,02C,false,Rx,0,8,240,187,190,0,0,0,0,105
5110000,050,false,Rx,0,8,64,1,0,0,0,0,0,65
5110000,251,false,Rx,0,8,240,125,172,0,0,0,0,25
5110000,260,false,Rx,0,8,240,187,105,0,0,0,0,20
5120000,018,false,Rx,0,8,69,47,0,0,0,0,0,116
5120000,02C,false,Rx,0,8,0,187,227,0,0,0,0,158
5120000,050,false,Rx,0,8,64,1,0,0,0,0,0,65
5120000,0A6,false,Rx,0,8,7,224,7,224,7,224,7,224
5120000,251,false,Rx,0,8,0,127,66,0,0,0,0,193
5120000,260,false,Rx,0,8,0,187,233,0,0,0,0,164
5120000,316,false,Rx,0,8,64,1,0,0,0,0,0,65
5120000,544,false,Rx,0,8,0,0,0,0,0,0,0,0
5130000,018,false,Rx,0,8,69,45,3,0,0,0,0,117
5130000,02C,false,Rx,0,8,16,187,39,0,0,0,0,242
5130000,050,false,Rx,0,8,64,1,0,0,0,0,0,65
5130000,251,false,Rx,0,8,16,129,248,0,0,0,0,137
5130000,260,false,Rx,0,8,16,187,174,0,0,0,0,121
5140000,018,false,Rx,0,8,69,43,0,0,0,0,0,112
5140000,02C,false,Rx,0,8,32,187,70,0,0,0,0,33
5140000,050,false,Rx,0,8,64,1,0,0,0,0,0,65
5140000,0A6,false,Rx,0,8,7,240,7,240,7,240,7,240
5140000,251,false,Rx,0,8,32,130,175,0,0,0,0,81
5140000,260,false,Rx,0,8,32,187,186,0,0,0,0,149
5140000,316,false,Rx,0,8,64,1,0,0,0,0,0,65
5140000,544,false,Rx,0,8,16,0,0,0,0,0,0,0
5150000,018,false,Rx,0,8,69,42,0,0,0,0,0,111
5150000,02C,false,Rx,0,8,48,187,187,0,0,0,0,166
5150000,050,false,Rx,0,8,64,1,0,0,0,0,0,65
5150000,251,false,Rx,0,8,48,132,24,0,0,0,0,204
5150000,260,false,Rx,0,8,48,187,27,0,0,0,0,6
5160000,018,false,Rx,0,8,69,41,2,0,0,0,0,112
5160000,02C,false,Rx,0,8,64,186,203,0,0,0,0,197
5160000,050,false,Rx,0,8,64,1,0,0,0,0,0,65
5160000,0A6,false,Rx,0,8,7,255,7,255,7,255,7,255
5160000,251,false,Rx,0,8,64,134,23,0,0,0,0,221
5160000,260,false,Rx,0,8,64,187,114,0,0,0,0,109
5160000,316,false,Rx,0,8,64,1,0,0,0,0,0,65
5160000,544,false,Rx,0,8,32,0,0,0,0,0,0,0
5170000,018,false,Rx,0,8,69,40,1,0,0,0,0,110
5170000,02C,false,Rx,0,8,80,186,160,0,0,0,0,170
5170000,050,false,Rx,0,8,64,1,0,0,0,0,0,65
5170000,251,false,Rx,0,8,80,136,50,0,0,0,0,10
5170000,260,false,Rx,0,8,80,187,232,0,0,0,0,243
5180000,018,false,Rx,0,8,69,39,0,0,0,0,0,108
5180000,02C,false,Rx,0,8,96,186,142,0,0,0,0,168
5180000,050,false,Rx,0,8,64,1,0,0,0,0,0,65
5180000,0A6,false,Rx,0,8,8,15,8,15,8,15,8,15
5180000,251,false,Rx,0,8,96,138,235,0,0,0,0,213
5180000,260,false,Rx,0,8,96,187,169,0,0,0,0,196
5180000,316,false,Rx,0,8,64,1,0,0,0,0,0,65
5180000,544,false,Rx,0,8,48,0,0,0,0,0,0,0
5190000,018,false,Rx,0,8,69,38,0,0,0,0,0,107
5190000,02C,false,Rx,0,8,112,185,127,0,0,0,0,168
5190000,050,false,Rx,0,8,64,1,0,0,0,0,0,65
5190000,251,false,Rx,0,8,112,140,8,0,0,0,0,4
5190000,260,false,Rx,0,8,112,187,242,0,0,0,0,29
5200000,018,false,Rx,0,8,69,37,0,0,0,0,0,106
5200000,02C,false,Rx,0,8,128,185,58,0,0,0,0,115
5200000,050,false,Rx,0,8,64,1,0,0,0,0,0,65
5200000,0A6,false,Rx,0,8,8,31,8,31,8,31,8,31
5200000,251,false,Rx,0,8,128,142,63,0,0,0,0,77
5200000,260,false,Rx,0,8,128,187,186,0,0,0,0,245
5200000,316,false,Rx,0,8,64,1,0,0,0,0,0,65
5200000,544,false,Rx,0,8,64,0,0,0,0,0,0,0
5200000,4F1,false,Rx,0,8,64,0,0,0,0,0,0,64
5210000,018,false,Rx,0,8,69,37,1,0,0,0,0,107
5210000,02C,false,Rx,0,8,144,184,13,0,0,0,0,85
5210000,050,false,Rx,0,8,64,1,0,0,0,0,0,65
5210000,251,false,Rx,0,8,144,143,80,0,0,0,0,111
5210000,260,false,Rx,0,8,144,186,231,0,0,0,0,49
5220000,018,false,Rx,0,8,69,36,1,0,0,0,0,106
5220000,02C,false,Rx,0,8,160,183,95,0,0,0,0,182
5220000,050,false,Rx,0,8,64,1,0,0,0,0,0,65
5220000,0A6,false,Rx,0,8,8,46,8,46,8,46,8,46
5220000,251,false,Rx,0,8,160,145,225,0,0,0,0,18
5220000,260,false,Rx,0,8,160,186,58,0,0,0,0,148
5220000,316,false,Rx,0,8,64,1,0,0,0,0,0,65
5220000,544,false,Rx,0,8,80,0,0,0,0,0,0,0
5230000,018,false,Rx,0,8,69,36,0,0,0,0,0,105
5230000,02C,false,Rx,0,8,176,183,255,0,0,0,0,102
5230000,050,false,Rx,0,8,64,1,0,0,0,0,0,65
5230000,251,false,Rx,0,8,176,147,233,0,0,0,0,44
5230000,260,false,Rx,0,8,176,185,49,0,0,0,0,154
5240000,018,false,Rx,0,8,69,36,1,0,0,0,0,106
5240000,02C,false,Rx,0,8,192,182,198,0,0,0,0,60
5240000,050,false,Rx,0,8,64,1,0,0,0,0,0,65
5240000,0A6,false,Rx,0,8,8,62,8,62,8,62,8,62
5240000,251,false,Rx,0,8,192,149,0,0,0,0,0,85
5240000,260,false,Rx,0,8,192,185,113,0,0,0,0,234
5240000,316,false,Rx,0,8,64,1,0,0,0,0,0,65
5240000,544,false,Rx,0,8,96,0,0,0,0,0,0,0
5250000,018,false,Rx,0,8,69,36,1,0,0,0,0,106
5250000,02C,false,Rx,0,8,208,181,60,0,0,0,0,193
5250000,050,false,Rx,0,8,64,1,0,0,0,0,0,65
5250000,251,false,Rx,0,8,208,151,219,0,0,0,0,66
5250000,260,false,Rx,0,8,208,184,1,0,0,0,0,137
5260000,018,false,Rx,0,8,69,36,1,0,0,0,0,106
5260000,02C,false,Rx,0,8,224,180,134,0,0,0,0,26
5260000,050,false,Rx,0,8,64,1,0,0,0,0,0,65
5260000,0A6,false,Rx,0,8,8,77,8,77,8,77,8,77
5260000,251,false,Rx,0,8,224,152,103,0,0,0,0,223
5260000,260,false,Rx,0,8,224,184,174,0,0,0,0,70
5260000,316,false,Rx,0,8,64,1,0,0,0,0,0,65
5260000,544,false,Rx,0,8,112,0,0,0,0,0,0,0
5270000,018,false,Rx,0,8,69,36,3,0,0,0,0,108
5270000,02C,false,Rx,0,8,240,179,133,0,0,0,0,40
5270000,050,false,Rx,0,8,64,1,0,0,0,0,0,65
5270000,251,false,Rx,0,8,240,154,67,0,0,0,0,205
5270000,260,false,Rx,0,8,240,183,181,0,0,0,0,92
5280000,018,false,Rx,0,8,69,36,0,0,0,0,0,105
5280000,02C,false,Rx,0,8,0,178,228,0,0,0,0,150
5280000,050,false,Rx,0,8,64,1,0,0,0,0,0,65
5280000,0A6,false,Rx,0,8,8,92,8,92,8,92,8,92
5280000,251,false,Rx,0,8,0,156,154,0,0,0,0,54
5280000,260,false,Rx,0,8,0,182,149,0,0,0,0,75
5280000,316,false,Rx,0,8,64,1,0,0,0,0,0,65
5280000,544,false,Rx,0,8,128,0,0,0,0,0,0,0
5290000,018,false,Rx,0,8,69,37,1,0,0,0,0,107
5290000,02C,false,Rx,0,8,16,177,109,0,0,0,0,46
5290000,050,false,Rx,0,8,64,1,0,0,0,0,0,65
5290000,251,false,Rx,0,8,16,157,81,0,0,0,0,254
5290000,260,false,Rx,0,8,16,182,191,0,0,0,0,133
5300000,018,false,Rx,0,8,69,37,3,0,0,0,0,109
5300000,02C,false,Rx,0,8,32,176,146,0,0,0,0,98
5300000,050,false,Rx,0,8,64,1,0,0,0,0,0,65
5300000,0A6,false,Rx,0,8,8,107,8,107,8,107,8,107
5300000,251,false,Rx,0,8,32,159,140,0,0,0,0,75
5300000,260,false,Rx,0,8,32,181,54,0,0,0,0,11
5300000,316,false,Rx,0,8,64,1,0,0,0,0,0,65
5300000,544,false,Rx,0,8,144,0,0,0,0,0,0,0
5300000,4F1,false,Rx,0,8,80,0,0,0,0,0,0,80
5310000,018,false,Rx,0,8,69,38,2,0,0,0,0,109
5310000,02C,false,Rx,0,8,48,175,251,0,0,0,0,218
5310000,050,false,Rx,0,8,64,1,0,0,0,0,0,65
5310000,251,false,Rx,0,8,48,161,47,0,0,0,0,0
5310000,260,false,Rx,0,8,48,180,23,0,0,0,0,251
5320000,018,false,Rx,0,8,69,39,2,0,0,0,0,110
5320000,02C,false,Rx,0,8,64,174,102,0,0,0,0,84
5320000,050,false,Rx,0,8,64,1,0,0,0,0,0,65
5320000,0A6,false,Rx,0,8,8,122,8,122,8,122,8,122
5320000,251,false,Rx,0,8,64,162,184,0,0,0,0,154
5320000,260,false,Rx,0,8,64,179,84,0,0,0,0,71
5320000,316,false,Rx,0,8,64,1,0,0,0,0,0,65
5320000,544,false,Rx,0,8,160,0,0,0,0,0,0,0
5330000,018,false,Rx,0,8,69,40,1,0,0,0,0,110
5330000,02C,false,Rx,0,8,80,172,62,0,0,0,0,58
5330000,050,false,Rx,0,8,64,1,0,0,0,0,0,65
5330000,251,false,Rx,0,8,80,164,128,0,0,0,0,116
5330000,260,false,Rx,0,8,80,178,252,0,0,0,0,254
5340000,018,false,Rx,0,8,69,41,0,0,0,0,0,110
5340000,02C,false,Rx,0,8,96,171,69,0,0,0,0,80
5340000,050,false,Rx,0,8,64,1,0,0,0,0,0,65
5340000,0A6,false,Rx,0,8,8,137,8,137,8,137,8,137
5340000,251,false,Rx,0,8,96,165,42,0,0,0,0,47
5340000,260,false,Rx,0,8,96,177,71,0,0,0,0,88
5340000,316,false,Rx,0,8,64,1,0,0,0,0,0,65
5340000,544,false,Rx,0,8,176,0,0,0,0,0,0,0
5350000,018,false,Rx,0,8,69,42,1,0,0,0,0,112
5350000,02C,false,Rx,0,8,112,170,37,0,0,0,0,63
5350000,050,false,Rx,0,8,64,1,0,0,0,0,0,65
5350000,251,false,Rx,0,8,112,167,190,0,0,0,0,213
5350000,260,false,Rx,0,8,112,176,209,0,0,0,0,241
5360000,018,false,Rx,0,8,69,43,2,0,0,0,0,114
5360000,02C,false,Rx,0,8,128,168,231,0,0,0,0,15
5360000,050,false,Rx,0,8,64,1,0,0,0,0,0,65
5360000,0A6,false,Rx,0,8,8,151,8,151,8,151,8,151
5360000,251,false,Rx,0,8,128,168,84,0,0,0,0,124
5360000,260,false,Rx,0,8,128,175,54,0,0,0,0,101
5360000,316,false,Rx,0,8,64,1,0,0,0,0,0,65
5360000,544,false,Rx,0,8,192,0,0,0,0,0,0,0
5370000,018,false,Rx,0,8,69,45,0,0,0,0,0,114
5370000,02C,false,Rx,0,8,144,167,88,0,0,0,0,143
5370000,050,false,Rx,0,8,64,1,0,0,0,0,0,65
5370000,251,false,Rx,0,8,144,169,26,0,0,0,0,83
5370000,260,false,Rx,0,8,144,173,130,0,0,0,0,191
5380000,018,false,Rx,0,8,69,47,0,0,0,0,0,116
5380000,02C,false,Rx,0,8,160,166,227,0,0,0,0,41
5380000,050,false,Rx,0,8,64,1,0,0,0,0,0,65
5380000,0A6,false,Rx,0,8,8,166,8,166,8,166,8,166
5380000,251,false,Rx,0,8,160,171,202,0,0,0,0,21
5380000,260,false,Rx,0,8,160,172,100,0,0,0,0,176
5380000,316,false,Rx,0,8,64,1,0,0,0,0,0,65
5380000,544,false,Rx,0,8,208,0,0,0,0,0,0,0
5390000,018,false,Rx,0,8,69,48,2,0,0,0,0,119
5390000,02C,false,Rx,0,8,176,164,44,0,0,0,0,128
5390000,050,false,Rx,0,8,64,1,0,0,0,0,0,65
5390000,251,false,Rx,0,8,176,172,156,0,0,0,0,248
5390000,260,false,Rx,0,8,176,171,96,0,0,0,0,187
5400000,018,false,Rx,0,8,69,50,3,0,0,0,0,122
5400000,02C,false,Rx,0,8,192,163,163,0,0,0,0,6
5400000,050,false,Rx,0,8,64,1,0,0,0,0,0,65
5400000,0A6,false,Rx,0,8,8,180,8,180,8,180,8,180
5400000,251,false,Rx,0,8,192,173,119,0,0,0,0,228
5400000,260,false,Rx,0,8,192,169,61,0,0,0,0,166
5400000,316,false,Rx,0,8,64,1,0,0,0,0,0,65
5400000,544,false,Rx,0,8,224,0,0,0,0,0,0,0
5400000,4F1,false,Rx,0,8,96,0,0,0,0,0,0,96
5410000,018,false,Rx,0,8,69,52,3,0,0,0,0,124
5410000,02C,false,Rx,0,8,208,161,177,0,0,0,0,34
5410000,050,false,Rx,0,8,64,1,0,0,0,0,0,65
5410000,251,false,Rx,0,8,208,174,219,0,0,0,0,89
5410000,260,false,Rx,0,8,208,168,201,0,0,0,0,65
5420000,018,false,Rx,0,8,69,54,1,0,0,0,0,124
5420000,02C,false,Rx,0,8,224,160,33,0,0,0,0,161
5420000,050,false,Rx,0,8,64,1,0,0,0,0,0,65
5420000,0A6,false,Rx,0,8,8,194,8,194,8,194,8,194
5420000,251,false,Rx,0,8,224,176,46,0,0,0,0,190
5420000,260,false,Rx,0,8,224,167,110,0,0,0,0,245
5420000,316,false,Rx,0,8,64,1,0,0,0,0,0,65
5420000,544,false,Rx,0,8,240,0,0,0,0,0,0,0
5430000,018,false,Rx,0,8,69,57,0,0,0,0,0,126
5430000,02C,false,Rx,0,8,240,158,148,0,0,0,0,34
5430000,050,false,Rx,0,8,64,1,0,0,0,0,0,65
5430000,251,false,Rx,0,8,240,177,48,0,0,0,0,209
5430000,260,false,Rx,0,8,240,165,234,0,0,0,0,127
5440000,018,false,Rx,0,8,69,59,1,0,0,0,0,129
5440000,02C,false,Rx,0,8,0,156,153,0,0,0,0,53
5440000,050,false,Rx,0,8,64,1,0,0,0,0,0,65
5440000,0A6,false,Rx,0,8,8,208,8,208,8,208,8,208
5440000,251,false,Rx,0,8,0,178,0,0,0,0,0,178
5440000,260,false,Rx,0,8,0,164,97,0,0,0,0,5
5440000,316,false,Rx,0,8,64,1,0,0,0,0,0,65
5440000,544,false,Rx,0,8,0,0,0,0,0,0,0,0
5450000,018,false,Rx,0,8,69,61,0,0,0,0,0,130
5450000,02C,false,Rx,0,8,16,155,80,0,0,0,0,251
5450000,050,false,Rx,0,8,64,1,0,0,0,0,0,65
5450000,251,false,Rx,0,8,16,179,109,0,0,0,0,48
5450000,260,false,Rx,0,8,16,162,173,0,0,0,0,95
5460000,018,false,Rx,0,8,69,64,2,0,0,0,0,135
5460000,02C,false,Rx,0,8,32,153,89,0,0,0,0,18
5460000,050,false,Rx,0,8,64,1,0,0,0,0,0,65
5460000,0A6,false,Rx,0,8,8,221,8,221,8,221,8,221
5460000,251,false,Rx,0,8,32,180,244,0,0,0,0,200
5460000,260,false,Rx,0,8,32,161,55,0,0,0,0,248
5460000,316,false,Rx,0,8,64,1,0,0,0,0,0,65
5460000,544,false,Rx,0,8,16,0,0,0,0,0,0,0
5470000,018,false,Rx,0,8,69,67,0,0,0,0,0,136
5470000,02C,false,Rx,0,8,48,151,185,0,0,0,0,128
5470000,050,false,Rx,0,8,64,1,0,0,0,0,0,65
5470000,251,false,Rx,0,8,48,181,39,0,0,0,0,12
5470000,260,false,Rx,0,8,48,159,212,0,0,0,0,163
5480000,018,false,Rx,0,8,69,70,0,0,0,0,0,139
5480000,02C,false,Rx,0,8,64,149,114,0,0,0,0,71
5480000,050,false,Rx,0,8,64,1,0,0,0,0,0,65
5480000,0A6,false,Rx,0,8,8,235,8,235,8,235,8,235
5480000,251,false,Rx,0,8,64,181,67,0,0,0,0,56
5480000,260,false,Rx,0,8,64,158,23,0,0,0,0,245
5480000,316,false,Rx,0,8,64,1,0,0,0,0,0,65
5480000,544,false,Rx,0,8,32,0,0,0,0,0,0,0
5490000,018,false,Rx,0,8,69,73,2,0,0,0,0,144
5490000,02C,false,Rx,0,8,80,148,62,0,0,0,0,34
5490000,050,false,Rx,0,8,64,1,0,0,0,0,0,65
5490000,251,false,Rx,0,8,80,182,115,0,0,0,0,121
5490000,260,false,Rx,0,8,80,156,63,0,0,0,0,43
5500000,018,false,Rx,0,8,69,76,3,0,0,0,0,148
5500000,02C,false,Rx,0,8,96,146,102,0,0,0,0,88
5500000,050,false,Rx,0,8,64,1,0,0,0,0,0,65
5500000,0A6,false,Rx,0,8,8,248,8,248,8,248,8,248
5500000,251,false,Rx,0,8,96,183,227,0,0,0,0,250
5500000,260,false,Rx,0,8,96,154,230,0,0,0,0,224
5500000,316,false,Rx,0,8,64,1,0,0,0,0,0,65
5500000,544,false,Rx,0,8,48,0,0,0,0,0,0,0
5500000,4F1,false,Rx,0,8,112,0,0,0,0,0,0,112
5510000,018,false,Rx,0,8,69,79,2,0,0,0,0,150
5510000,02C,false,Rx,0,8,112,144,71,0,0,0,0,71
5510000,050,false,Rx,0,8,64,1,0,0,0,0,0,65
5510000,251,false,Rx,0,8,112,184,4,0,0,0,0,44
5510000,260,false,Rx,0,8,112,152,234,0,0,0,0,242
5520000,018,false,Rx,0,8,69,82,0,0,0,0,0,151
5520000,02C,false,Rx,0,8,128,142,121,0,0,0,0,135
5520000,050,false,Rx,0,8,64,1,0,0,0,0,0,65
5520000,0A6,false,Rx,0,8,9,5,9,5,9,5,9,5
5520000,251,false,Rx,0,8,128,184,4,0,0,0,0,60
5520000,260,false,Rx,0,8,128,151,68,0,0,0,0,91
5520000,316,false,Rx,0,8,64,1,0,0,0,0,0,65
5520000,544,false,Rx,0,8,64,0,0,0,0,0,0,0
5530000,018,false,Rx,0,8,69,86,2,0,0,0,0,157
5530000,02C,false,Rx,0,8,144,140,252,0,0,0,0,24
5530000,050,false,Rx,0,8,64,1,0,0,0,0,0,65
5530000,251,false,Rx,0,8,144,185,175,0,0,0,0,248
5530000,260,false,Rx,0,8,144,149,255,0,0,0,0,36
5540000,018,false,Rx,0,8,69,89,0,0,0,0,0,158
5540000,02C,false,Rx,0,8,160,139,13,0,0,0,0,56
5540000,050,false,Rx,0,8,64,1,0,0,0,0,0,65
5540000,0A6,false,Rx,0,8,9,17,9,17,9,17,9,17
5540000,251,false,Rx,0,8,160,185,61,0,0,0,0,150
5540000,260,false,Rx,0,8,160,147,2,0,0,0,0,53
5540000,316,false,Rx,0,8,64,1,0,0,0,0,0,65
5540000,544,false,Rx,0,8,80,0,0,0,0,0,0,0
5550000,018,false,Rx,0,8,69,93,3,0,0,0,0,165
5550000,02C,false,Rx,0,8,176,137,184,0,0,0,0,241
5550000,050,false,Rx,0,8,64,1,0,0,0,0,0,65
5550000,251,false,Rx,0,8,176,186,216,0,0,0,0,66
5550000,260,false,Rx,0,8,176,145,24,0,0,0,0,89
5560000,018,false,Rx,0,8,69,97,3,0,0,0,0,169
5560000,02C,false,Rx,0,8,192,135,188,0,0,0,0,3
5560000,050,false,Rx,0,8,64,1,0,0,0,0,0,65
5560000,0A6,false,Rx,0,8,9,30,9,30,9,30,9,30
5560000,251,false,Rx,0,8,192,186,67,0,0,0,0,189
5560000,260,false,Rx,0,8,192,144,221,0,0,0,0,45
5560000,316,false,Rx,0,8,64,1,0,0,0,0,0,65
5560000,544,false,Rx,0,8,96,0,0,0,0,0,0,0
5570000,018,false,Rx,0,8,69,100,0,0,0,0,0,169
5570000,02C,false,Rx,0,8,208,133,239,0,0,0,0,68
5570000,050,false,Rx,0,8,64,1,0,0,0,0,0,65
5570000,251,false,Rx,0,8,208,187,244,0,0,0,0,127
5570000,260,false,Rx,0,8,208,142,247,0,0,0,0,85
5580000,018,false,Rx,0,8,69,104,3,0,0,0,0,176
5580000,02C,false,Rx,0,8,224,131,66,0,0,0,0,165
5580000,050,false,Rx,0,8,64,1,0,0,0,0,0,65
5580000,0A6,false,Rx,0,8,9,42,9,42,9,42,9,42
5580000,251,false,Rx,0,8,224,187,36,0,0,0,0,191
5580000,260,false,Rx,0,8,224,140,90,0,0,0,0,198
5580000,316,false,Rx,0,8,64,1,0,0,0,0,0,65
5580000,544,false,Rx,0,8,112,0,0,0,0,0,0,0
5590000,018,false,Rx,0,8,69,108,2,0,0,0,0,179
5590000,02C,false,Rx,0,8,240,129,44,0,0,0,0,157
5590000,050,false,Rx,0,8,64,1,0,0,0,0,0,65
5590000,251,false,Rx,0,8,240,187,117,0,0,0,0,32
5590000,260,false,Rx,0,8,240,138,88,0,0,0,0,210
5600000,018,false,Rx,0,8,69,113,3,0,0,0,0,185
5600000,02C,false,Rx,0,8,0,127,33,0,0,0,0,160
5600000,050,false,Rx,0,8,64,1,0,0,0,0,0,65
5600000,0A6,false,Rx,0,8,9,54,9,54,9,54,9,54
5600000,251,false,Rx,0,8,0,187,196,0,0,0,0,127
5600000,260,false,Rx,0,8,0,136,65,0,0,0,0,201
5600000,316,false,Rx,0,8,64,1,0,0,0,0,0,65
5600000,544,false,Rx,0,8,128,0,0,0,0,0,0,0
5600000,4F1,false,Rx,0,8,128,0,0,0,0,0,0,128
5610000,018,false,Rx,0,8,69,117,1,0,0,0,0,187
5610000,02C,false,Rx,0,8,16,126,158,0,0,0,0,44
5610000,050,false,Rx,0,8,64,1,0,0,0,0,0,65
5610000,251,false,Rx,0,8,16,187,45,0,0,0,0,248
5610000,260,false,Rx,0,8,16,134,53,0,0,0,0,203
5620000,018,false,Rx,0,8,69,121,3,0,0,0,0,193
5620000,02C,false,Rx,0,8,32,124,203,0,0,0,0,103
5620000,050,false,Rx,0,8,64,1,0,0,0,0,0,65
5620000,0A6,false,Rx,0,8,9,65,9,65,9,65,9,65
5620000,251,false,Rx,0,8,32,187,52,0,0,0,0,15
5620000,260,false,Rx,0,8,32,133,198,0,0,0,0,107
5620000,316,false,Rx,0,8,64,1,0,0,0,0,0,65
5620000,544,false,Rx,0,8,144,0,0,0,0,0,0,0
5630000,018,false,Rx,0,8,69,126,1,0,0,0,0,196
5630000,02C,false,Rx,0,8,48,122,245,0,0,0,0,159
5630000,050,false,Rx,0,8,64,1,0,0,0,0,0,65
5630000,251,false,Rx,0,8,48,187,52,0,0,0,0,31
5630000,260,false,Rx,0,8,48,131,164,0,0,0,0,87
5640000,018,false,Rx,0,8,69,130,2,0,0,0,0,201
5640000,02C,false,Rx,0,8,64,120,210,0,0,0,0,138
5640000,050,false,Rx,0,8,64,1,0,0,0,0,0,65
5640000,0A6,false,Rx,0,8,9,76,9,76,9,76,9,76
5640000,251,false,Rx,0,8,64,187,160,0,0,0,0,155
5640000,260,false,Rx,0,8,64,129,196,0,0,0,0,133
5640000,316,false,Rx,0,8,64,1,0,0,0,0,0,65
5640000,544,false,Rx,0,8,160,0,0,0,0,0,0,0
5650000,018,false,Rx,0,8,69,135,3,0,0,0,0,207
5650000,02C,false,Rx,0,8,80,118,209,0,0,0,0,151
5650000,050,false,Rx,0,8,64,1,0,0,0,0,0,65
5650000,251,false,Rx,0,8,80,187,188,0,0,0,0,199
5650000,260,false,Rx,0,8,80,127,214,0,0,0,0,165
5660000,018,false,Rx,0,8,69,139,3,0,0,0,0,211
5660000,02C,false,Rx,0,8,96,116,37,0,0,0,0,249
5660000,050,false,Rx,0,8,64,1,0,0,0,0,0,65
5660000,0A6,false,Rx,0,8,9,88,9,88,9,88,9,88
5660000,251,false,Rx,0,8,96,187,153,0,0,0,0,180
5660000,260,false,Rx,0,8,96,125,127,0,0,0,0,92
5660000,316,false,Rx,0,8,64,1,0,0,0,0,0,65
5660000,544,false,Rx,0,8,176,0,0,0,0,0,0,0
5670000,018,false,Rx,0,8,69,144,3,0,0,0,0,216
5670000,02C,false,Rx,0,8,112,114,64,0,0,0,0,34
5670000,050,false,Rx,0,8,64,1,0,0,0,0,0,65
5670000,251,false,Rx,0,8,112,187,70,0,0,0,0,113
5670000,260,false,Rx,0,8,112,123,140,0,0,0,0,119
5680000,018,false,Rx,0,8,69,149,2,0,0,0,0,220
5680000,02C,false,Rx,0,8,128,112,162,0,0,0,0,146
5680000,050,false,Rx,0,8,64,1,0,0,0,0,0,65
5680000,0A6,false,Rx,0,8,9,98,9,98,9,98,9,98
5680000,251,false,Rx,0,8,128,187,195,0,0,0,0,254
5680000,260,false,Rx,0,8,128,121,203,0,0,0,0,196
5680000,316,false,Rx,0,8,64,1,0,0,0,0,0,65
5680000,544,false,Rx,0,8,192,0,0,0,0,0,0,0
5690000,018,false,Rx,0,8,69,154,2,0,0,0,0,225
5690000,02C,false,Rx,0,8,144,111,37,0,0,0,0,36
5690000,050,false,Rx,0,8,64,1,0,0,0,0,0,65
5690000,251,false,Rx,0,8,144,186,68,0,0,0,0,142
5690000,260,false,Rx,0,8,144,119,175,0,0,0,0,182
5700000,018,false,Rx,0,8,69,159,1,0,0,0,0,229
5700000,02C,false,Rx,0,8,160,109,230,0,0,0,0,243
5700000,050,false,Rx,0,8,64,1,0,0,0,0,0,65
5700000,0A6,false,Rx,0,8,9,109,9,109,9,109,9,109
5700000,251,false,Rx,0,8,160,186,73,0,0,0,0,163
5700000,260,false,Rx,0,8,160,118,150,0,0,0,0,172
5700000,316,false,Rx,0,8,64,1,0,0,0,0,0,65
5700000,544,false,Rx,0,8,208,0,0,0,0,0,0,0
5700000,4F1,false,Rx,0,8,144,0,0,0,0,0,0,144
5710000,018,false,Rx,0,8,69,164,0,0,0,0,0,233
5710000,02C,false,Rx,0,8,176,107,238,0,0,0,0,9
5710000,050,false,Rx,0,8,64,1,0,0,0,0,0,65
5710000,251,false,Rx,0,8,176,185,35,0,0,0,0,140
5710000,260,false,Rx,0,8,176,116,231,0,0,0,0,11
5720000,018,false,Rx,0,8,69,169,2,0,0,0,0,240
5720000,02C,false,Rx,0,8,192,105,176,0,0,0,0,217
5720000,050,false,Rx,0,8,64,1,0,0,0,0,0,65
5720000,0A6,false,Rx,0,8,9,119,9,119,9,119,9,119
5720000,251,false,Rx,0,8,192,185,4,0,0,0,0,125
5720000,260,false,Rx,0,8,192,114,68,0,0,0,0,118
5720000,316,false,Rx,0,8,64,1,0,0,0,0,0,65
5720000,544,false,Rx,0,8,224,0,0,0,0,0,0,0
5730000,018,false,Rx,0,8,69,175,3,0,0,0,0,247
5730000,02C,false,Rx,0,8,208,104,65,0,0,0,0,121
5730000,050,false,Rx,0,8,64,1,0,0,0,0,0,65
5730000,251,false,Rx,0,8,208,184,84,0,0,0,0,220
5730000,260,false,Rx,0,8,208,112,70,0,0,0,0,134
5740000,018,false,Rx,0,8,69,180,1,0,0,0,0,250
5740000,02C,false,Rx,0,8,224,102,93,0,0,0,0,163
5740000,050,false,Rx,0,8,64,1,0,0,0,0,0,65
5740000,0A6,false,Rx,0,8,9,129,9,129,9,129,9,129
5740000,251,false,Rx,0,8,224,184,225,0,0,0,0,121
5740000,260,false,Rx,0,8,224,110,211,0,0,0,0,33
5740000,316,false,Rx,0,8,64,1,0,0,0,0,0,65
5740000,544,false,Rx,0,8,240,0,0,0,0,0,0,0
5750000,018,false,Rx,0,8,69,186,3,0,0,0,0,2
5750000,02C,false,Rx,0,8,240,100,66,0,0,0,0,150
5750000,050,false,Rx,0,8,64,1,0,0,0,0,0,65
5750000,251,false,Rx,0,8,240,183,179,0,0,0,0,90
5750000,260,false,Rx,0,8,240,108,153,0,0,0,0,245
5760000,018,false,Rx,0,8,69,191,3,0,0,0,0,7
5760000,02C,false,Rx,0,8,0,99,221,0,0,0,0,64
5760000,050,false,Rx,0,8,64,1,0,0,0,0,0,65
5760000,0A6,false,Rx,0,8,9,138,9,138,9,138,9,138
5760000,251,false,Rx,0,8,0,182,109,0,0,0,0,35
5760000,260,false,Rx,0,8,0,107,160,0,0,0,0,11
5760000,316,false,Rx,0,8,64,1,0,0,0,0,0,65
5760000,544,false,Rx,0,8,0,0,0,0,0,0,0,0
5770000,018,false,Rx,0,8,69,197,2,0,0,0,0,12
5770000,02C,false,Rx,0,8,16,97,28,0,0,0,0,141
5770000,050,false,Rx,0,8,64,1,0,0,0,0,0,65
5770000,251,false,Rx,0,8,16,181,77,0,0,0,0,18
5770000,260,false,Rx,0,8,16,105,111,0,0,0,0,232
5780000,018,false,Rx,0,8,69,202,0,0,0,0,0,15
5780000,02C,false,Rx,0,8,32,95,63,0,0,0,0,190
5780000,050,false,Rx,0,8,64,1,0,0,0,0,0,65
5780000,0A6,false,Rx,0,8,9,147,9,147,9,147,9,147
5780000,251,false,Rx,0,8,32,180,210,0,0,0,0,166
5780000,260,false,Rx,0,8,32,103,102,0,0,0,0,237
5780000,316,false,Rx,0,8,64,1,0,0,0,0,0,65
5780000,544,false,Rx,0,8,16,0,0,0,0,0,0,0
5790000,018,false,Rx,0,8,69,208,3,0,0,0,0,24
5790000,02C,false,Rx,0,8,48,94,78,0,0,0,0,220
5790000,050,false,Rx,0,8,64,1,0,0,0,0,0,65
5790000,251,false,Rx,0,8,48,180,226,0,0,0,0,198
5790000,260,false,Rx,0,8,48,101,107,0,0,0,0,0
5800000,018,false,Rx,0,8,69,213,2,0,0,0,0,28
5800000,02C,false,Rx,0,8,64,92,155,0,0,0,0,55
5800000,050,false,Rx,0,8,64,1,0,0,0,0,0,65
5800000,0A6,false,Rx,0,8,9,156,9,156,9,156,9,156
5800000,251,false,Rx,0,8,64,179,111,0,0,0,0,98
5800000,260,false,Rx,0,8,64,100,148,0,0,0,0,56
5800000,316,false,Rx,0,8,64,1,0,0,0,0,0,65
5800000,544,false,Rx,0,8,32,0,0,0,0,0,0,0
5800000,4F1,false,Rx,0,8,160,0,0,0,0,0,0,160
5810000,018,false,Rx,0,8,69,219,1,0,0,0,0,33
5810000,02C,false,Rx,0,8,80,91,84,0,0,0,0,255
5810000,050,false,Rx,0,8,64,1,0,0,0,0,0,65
5810000,251,false,Rx,0,8,80,178,44,0,0,0,0,46
5810000,260,false,Rx,0,8,80,98,176,0,0,0,0,98
5820000,018,false,Rx,0,8,69,225,3,0,0,0,0,41
5820000,02C,false,Rx,0,8,96,89,82,0,0,0,0,11
5820000,050,false,Rx,0,8,64,1,0,0,0,0,0,65
5820000,0A6,false,Rx,0,8,9,164,9,164,9,164,9,164
5820000,251,false,Rx,0,8,96,177,51,0,0,0,0,68
5820000,260,false,Rx,0,8,96,96,67,0,0,0,0,3
5820000,316,false,Rx,0,8,64,1,0,0,0,0,0,65
5820000,544,false,Rx,0,8,48,0,0,0,0,0,0,0
5830000,018,false,Rx,0,8,69,231,1,0,0,0,0,45
5830000,02C,false,Rx,0,8,112,88,165,0,0,0,0,109
5830000,050,false,Rx,0,8,64,1,0,0,0,0,0,65
5830000,251,false,Rx,0,8,112,175,71,0,0,0,0,102
5830000,260,false,Rx,0,8,112,95,91,0,0,0,0,42
5840000,018,false,Rx,0,8,69,237,2,0,0,0,0,52
5840000,02C,false,Rx,0,8,128,86,115,0,0,0,0,73
5840000,050,false,Rx,0,8,64,1,0,0,0,0,0,65
5840000,0A6,false,Rx,0,8,9,172,9,172,9,172,9,172
5840000,251,false,Rx,0,8,128,174,63,0,0,0,0,109
5840000,260,false,Rx,0,8,128,93,165,0,0,0,0,130
5840000,316,false,Rx,0,8,64,1,0,0,0,0,0,65
5840000,544,false,Rx,0,8,64,0,0,0,0,0,0,0
5850000,018,false,Rx,0,8,69,243,2,0,0,0,0,58
5850000,02C,false,Rx,0,8,144,85,177,0,0,0,0,150
5850000,050,false,Rx,0,8,64,1,0,0,0,0,0,65
5850000,251,false,Rx,0,8,144,173,196,0,0,0,0,1
5850000,260,false,Rx,0,8,144,92,59,0,0,0,0,39
5860000,018,false,Rx,0,8,69,249,2,0,0,0,0,64
5860000,02C,false,Rx,0,8,160,84,145,0,0,0,0,133
5860000,050,false,Rx,0,8,64,1,0,0,0,0,0,65
5860000,0A6,false,Rx,0,8,9,180,9,180,9,180,9,180
5860000,251,false,Rx,0,8,160,172,179,0,0,0,0,255
5860000,260,false,Rx,0,8,160,90,180,0,0,0,0,174
5860000,316,false,Rx,0,8,64,1,0,0,0,0,0,65
5860000,544,false,Rx,0,8,80,0,0,0,0,0,0,0
5870000,018,false,Rx,0,8,69,255,2,0,0,0,0,70
5870000,02C,false,Rx,0,8,176,82,40,0,0,0,0,42
5870000,050,false,Rx,0,8,64,1,0,0,0,0,0,65
5870000,251,false,Rx,0,8,176,170,219,0,0,0,0,53
5870000,260,false,Rx,0,8,176,89,245,0,0,0,0,254
5880000,018,false,Rx,0,8,70,5,2,0,0,0,0,77
5880000,02C,false,Rx,0,8,192,81,128,0,0,0,0,145
5880000,050,false,Rx,0,8,64,1,0,0,0,0,0,65
5880000,0A6,false,Rx,0,8,9,188,9,188,9,188,9,188
5880000,251,false,Rx,0,8,192,169,161,0,0,0,0,10
5880000,260,false,Rx,0,8,192,87,213,0,0,0,0,236
5880000,316,false,Rx,0,8,64,1,0,0,0,0,0,65
5880000,544,false,Rx,0,8,96,0,0,0,0,0,0,0
5890000,018,false,Rx,0,8,70,11,0,0,0,0,0,81
5890000,02C,false,Rx,0,8,208,80,100,0,0,0,0,132
5890000,050,false,Rx,0,8,64,1,0,0,0,0,0,65
5890000,251,false,Rx,0,8,208,168,71,0,0,0,0,191
5890000,260,false,Rx,0,8,208,86,146,0,0,0,0,184
5900000,018,false,Rx,0,8,70,17,1,0,0,0,0,88
5900000,02C,false,Rx,0,8,224,79,140,0,0,0,0,187
5900000,050,false,Rx,0,8,64,1,0,0,0,0,0,65
5900000,0A6,false,Rx,0,8,9,195,9,195,9,195,9,195
5900000,251,false,Rx,0,8,224,166,126,0,0,0,0,4
5900000,260,false,Rx,0,8,224,85,216,0,0,0,0,13
5900000,316,false,Rx,0,8,64,1,0,0,0,0,0,65
5900000,544,false,Rx,0,8,112,0,0,0,0,0,0,0
5900000,4F1,false,Rx,0,8,176,0,0,0,0,0,0,176
5910000,018,false,Rx,0,8,70,23,0,0,0,0,0,93
5910000,02C,false,Rx,0,8,240,78,64,0,0,0,0,126
5910000,050,false,Rx,0,8,64,1,0,0,0,0,0,65
5910000,251,false,Rx,0,8,240,165,141,0,0,0,0,34
5910000,260,false,Rx,0,8,240,83,6,0,0,0,0,73
5920000,018,false,Rx,0,8,70,29,1,0,0,0,0,100
5920000,02C,false,Rx,0,8,0,77,155,0,0,0,0,232
5920000,050,false,Rx,0,8,64,1,0,0,0,0,0,65
5920000,0A6,false,Rx,0,8,9,201,9,201,9,201,9,201
5920000,251,false,Rx,0,8,0,163,43,0,0,0,0,206
5920000,260,false,Rx,0,8,0,82,54,0,0,0,0,136
5920000,316,false,Rx,0,8,64,1,0,0,0,0,0,65
5920000,544,false,Rx,0,8,128,0,0,0,0,0,0,0
5930000,018,false,Rx,0,8,70,36,3,0,0,0,0,109
5930000,02C,false,Rx,0,8,16,76,47,0,0,0,0,139
5930000,050,false,Rx,0,8,64,1,0,0,0,0,0,65
5930000,251,false,Rx,0,8,16,162,127,0,0,0,0,49
5930000,260,false,Rx,0,8,16,81,12,0,0,0,0,109
5940000,018,false,Rx,0,8,70,42,3,0,0,0,0,115
5940000,02C,false,Rx,0,8,32,75,86,0,0,0,0,193
5940000,050,false,Rx,0,8,64,1,0,0,0,0,0,65
5940000,0A6,false,Rx,0,8,9,208,9,208,9,208,9,208
5940000,251,false,Rx,0,8,32,160,145,0,0,0,0,81
5940000,260,false,Rx,0,8,32,80,195,0,0,0,0,51
5940000,316,false,Rx,0,8,64,1,0,0,0,0,0,65
5940000,544,false,Rx,0,8,144,0,0,0,0,0,0,0
5950000,018,false,Rx,0,8,70,48,1,0,0,0,0,119
5950000,02C,false,Rx,0,8,48,74,78,0,0,0,0,200
5950000,050,false,Rx,0,8,64,1,0,0,0,0,0,65
5950000,251,false,Rx,0,8,48,159,13,0,0,0,0,220
5950000,260,false,Rx,0,8,48,79,74,0,0,0,0,201
5960000,018,false,Rx,0,8,70,54,3,0,0,0,0,127
5960000,02C,false,Rx,0,8,64,73,87,0,0,0,0,224
5960000,050,false,Rx,0,8,64,1,0,0,0,0,0,65
5960000,0A6,false,Rx,0,8,9,213,9,213,9,213,9,213
5960000,251,false,Rx,0,8,64,157,154,0,0,0,0,119
5960000,260,false,Rx,0,8,64,78,27,0,0,0,0,169
5960000,316,false,Rx,0,8,64,1,0,0,0,0,0,65
5960000,544,false,Rx,0,8,160,0,0,0,0,0,0,0
5970000,018,false,Rx,0,8,70,61,3,0,0,0,0,134
5970000,02C,false,Rx,0,8,80,72,172,0,0,0,0,68
5970000,050,false,Rx,0,8,64,1,0,0,0,0,0,65
5970000,251,false,Rx,0,8,80,155,105,0,0,0,0,84
5970000,260,false,Rx,0,8,80,77,28,0,0,0,0,185
5980000,018,false,Rx,0,8,70,67,3,0,0,0,0,140
5980000,02C,false,Rx,0,8,96,72,21,0,0,0,0,189
5980000,050,false,Rx,0,8,64,1,0,0,0,0,0,65
5980000,0A6,false,Rx,0,8,9,219,9,219,9,219,9,219
5980000,251,false,Rx,0,8,96,154,96,0,0,0,0,90
5980000,260,false,Rx,0,8,96,76,102,0,0,0,0,18
5980000,316,false,Rx,0,8,64,1,0,0,0,0,0,65
5980000,544,false,Rx,0,8,176,0,0,0,0,0,0,0
5990000,018,false,Rx,0,8,70,73,0,0,0,0,0,143
5990000,02C,false,Rx,0,8,112,71,14,0,0,0,0,197
5990000,050,false,Rx,0,8,64,1,0,0,0,0,0,65
5990000,251,false,Rx,0,8,112,152,200,0,0,0,0,208
5990000,260,false,Rx,0,8,112,75,136,0,0,0,0,67
6000000,018,false,Rx,0,8,70,80,0,0,0,0,0,150
6000000,02C,false,Rx,0,8,128,70,41,0,0,0,0,239
6000000,050,false,Rx,0,8,64,1,0,0,0,0,0,65
6000000,0A6,false,Rx,0,8,9,224,9,224,9,224,9,224
6000000,251,false,Rx,0,8,128,150,151,0,0,0,0,173
6000000,260,false,Rx,0,8,128,74,82,0,0,0,0,28
6000000,316,false,Rx,0,8,64,1,0,0,0,0,0,65
6000000,544,false,Rx,0,8,192,0,0,0,0,0,0,0
6000000,593,false,Rx,0,8,178,180,179,181,0,0,0,0
6000000,4F1,false,Rx,0,8,192,0,0,0,0,0,0,192
6010000,018,false,Rx,0,8,70,86,2,0,0,0,0,158
6010000,02C,false,Rx,0,8,144,70,23,0,0,0,0,237
6010000,050,false,Rx,0,8,64,1,0,0,0,0,0,65
6010000,251,false,Rx,0,8,144,149,27,0,0,0,0,64
6010000,260,false,Rx,0,8,144,73,146,0,0,0,0,107
6020000,018,false,Rx,0,8,70,92,1,0,0,0,0,163
6020000,02C,false,Rx,0,8,160,69,135,0,0,0,0,108
6020000,050,false,Rx,0,8,64,1,0,0,0,0,0,65
6020000,0A6,false,Rx,0,8,9,229,9,229,9,229,9,229
6020000,251,false,Rx,0,8,160,147,122,0,0,0,0,173
6020000,260,false,Rx,0,8,160,72,128,0,0,0,0,104
6020000,316,false,Rx,0,8,64,1,0,0,0,0,0,65
6020000,544,false,Rx,0,8,208,0,0,0,0,0,0,0
6030000,018,false,Rx,0,8,70,98,3,0,0,0,0,171
6030000,02C,false,Rx,0,8,176,69,107,0,0,0,0,96
6030000,050,false,Rx,0,8,64,1,0,0,0,0,0,65
6030000,251,false,Rx,0,8,176,145,253,0,0,0,0,62
6030000,260,false,Rx,0,8,176,71,74,0,0,0,0,65
6040000,018,false,Rx,0,8,70,105,1,0,0,0,0,176
6040000,02C,false,Rx,0,8,192,69,213,0,0,0,0,218
6040000,050,false,Rx,0,8,64,1,0,0,0,0,0,65
6040000,0A6,false,Rx,0,8,9,233,9,233,9,233,9,233
6040000,251,false,Rx,0,8,192,143,197,0,0,0,0,20
6040000,260,false,Rx,0,8,192,71,31,0,0,0,0,38
6040000,316,false,Rx,0,8,64,1,0,0,0,0,0,65
6040000,544,false,Rx,0,8,224,0,0,0,0,0,0,0
6050000,018,false,Rx,0,8,70,111,2,0,0,0,0,183
6050000,02C,false,Rx,0,8,208,68,15,0,0,0,0,35
6050000,050,false,Rx,0,8,64,1,0,0,0,0,0,65
6050000,251,false,Rx,0,8,208,141,57,0,0,0,0,150
6050000,260,false,Rx,0,8,208,70,151,0,0,0,0,173
6060000,018,false,Rx,0,8,70,117,2,0,0,0,0,189
6060000,02C,false,Rx,0,8,224,68,254,0,0,0,0,34
6060000,050,false,Rx,0,8,64,1,0,0,0,0,0,65
6060000,0A6,false,Rx,0,8,9,237,9,237,9,237,9,237
6060000,251,false,Rx,0,8,224,140,123,0,0,0,0,231
6060000,260,false,Rx,0,8,224,70,104,0,0,0,0,142
6060000,316,false,Rx,0,8,64,1,0,0,0,0,0,65
6060000,544,false,Rx,0,8,240,0,0,0,0,0,0,0
6070000,018,false,Rx,0,8,70,123,3,0,0,0,0,196
6070000,02C,false,Rx,0,8,240,68,148,0,0,0,0,200
6070000,050,false,Rx,0,8,64,1,0,0,0,0,0,65
6070000,251,false,Rx,0,8,240,138,255,0,0,0,0,121
6070000,260,false,Rx,0,8,240,69,16,0,0,0,0,69
6080000,018,false,Rx,0,8,70,130,2,0,0,0,0,202
6080000,02C,false,Rx,0,8,0,68,154,0,0,0,0,222
6080000,050,false,Rx,0,8,64,1,0,0,0,0,0,65
6080000,0A6,false,Rx,0,8,9,241,9,241,9,241,9,241
6080000,251,false,Rx,0,8,0,136,36,0,0,0,0,172
6080000,260,false,Rx,0,8,0,69,183,0,0,0,0,252
6080000,316,false,Rx,0,8,64,1,0,0,0,0,0,65
6080000,544,false,Rx,0,8,0,0,0,0,0,0,0,0
6090000,018,false,Rx,0,8,70,136,3,0,0,0,0,209
6090000,02C,false,Rx,0,8,16,68,247,0,0,0,0,75
6090000,050,false,Rx,0,8,64,1,0,0,0,0,0,65
6090000,251,false,Rx,0,8,16,134,6,0,0,0,0,156
6090000,260,false,Rx,0,8,16,68,231,0,0,0,0,59
6100000,018,false,Rx,0,8,70,142,2,0,0,0,0,214
6100000,02C,false,Rx,0,8,32,68,125,0,0,0,0,225
6100000,050,false,Rx,0,8,64,1,0,0,0,0,0,65
6100000,0A6,false,Rx,0,8,9,244,9,244,9,244,9,244
6100000,251,false,Rx,0,8,32,132,184,0,0,0,0,92
6100000,260,false,Rx,0,8,32,68,52,0,0,0,0,152
6100000,316,false,Rx,0,8,64,1,0,0,0,0,0,65
6100000,544,false,Rx,0,8,16,0,0,0,0,0,0,0
6100000,4F1,false,Rx,0,8,208,0,0,0,0,0,0,208
6110000,018,false,Rx,0,8,70,148,2,0,0,0,0,220
6110000,02C,false,Rx,0,8,48,68,207,0,0,0,0,67
6110000,050,false,Rx,0,8,64,1,0,0,0,0,0,65
6110000,251,false,Rx,0,8,48,130,162,0,0,0,0,84
6110000,260,false,Rx,0,8,48,68,114,0,0,0,0,230
6120000,018,false,Rx,0,8,70,154,3,0,0,0,0,227
6120000,02C,false,Rx,0,8,64,68,152,0,0,0,0,28
6120000,050,false,Rx,0,8,64,1,0,0,0,0,0,65
6120000,0A6,false,Rx,0,8,9,247,9,247,9,247,9,247
6120000,251,false,Rx,0,8,64,128,67,0,0,0,0,3
6120000,260,false,Rx,0,8,64,68,199,0,0,0,0,75
6120000,316,false,Rx,0,8,64,1,0,0,0,0,0,65
6120000,544,false,Rx,0,8,32,0,0,0,0,0,0,0
6130000,018,false,Rx,0,8,70,160,2,0,0,0,0,232
6130000,02C,false,Rx,0,8,80,68,232,0,0,0,0,124
6130000,050,false,Rx,0,8,64,1,0,0,0,0,0,65
6130000,251,false,Rx,0,8,80,126,198,0,0,0,0,148
6130000,260,false,Rx,0,8,80,68,121,0,0,0,0,13
6140000,018,false,Rx,0,8,70,166,2,0,0,0,0,238
6140000,02C,false,Rx,0,8,96,68,37,0,0,0,0,201
6140000,050,false,Rx,0,8,64,1,0,0,0,0,0,65
6140000,0A6,false,Rx,0,8,9,249,9,249,9,249,9,249
6140000,251,false,Rx,0,8,96,125,215,0,0,0,0,180
6140000,260,false,Rx,0,8,96,68,147,0,0,0,0,55
6140000,316,false,Rx,0,8,64,1,0,0,0,0,0,65
6140000,544,false,Rx,0,8,48,0,0,0,0,0,0,0
6150000,018,false,Rx,0,8,70,172,2,0,0,0,0,244
6150000,02C,false,Rx,0,8,112,68,30,0,0,0,0,210
6150000,050,false,Rx,0,8,64,1,0,0,0,0,0,65
6150000,251,false,Rx,0,8,112,123,187,0,0,0,0,166
6150000,260,false,Rx,0,8,112,68,24,0,0,0,0,204
6160000,018,false,Rx,0,8,70,178,1,0,0,0,0,249
6160000,02C,false,Rx,0,8,128,69,80,0,0,0,0,21
6160000,050,false,Rx,0,8,64,1,0,0,0,0,0,65
6160000,0A6,false,Rx,0,8,9,251,9,251,9,251,9,251
6160000,251,false,Rx,0,8,128,121,88,0,0,0,0,81
6160000,260,false,Rx,0,8,128,68,195,0,0,0,0,135
6160000,316,false,Rx,0,8,64,1,0,0,0,0,0,65
6160000,544,false,Rx,0,8,64,0,0,0,0,0,0,0
6170000,018,false,Rx,0,8,70,184,0,0,0,0,0,254
6170000,02C,false,Rx,0,8,144,69,225,0,0,0,0,182
6170000,050,false,Rx,0,8,64,1,0,0,0,0,0,65
6170000,251,false,Rx,0,8,144,119,241,0,0,0,0,248
6170000,260,false,Rx,0,8,144,68,198,0,0,0,0,154
6180000,018,false,Rx,0,8,70,190,1,0,0,0,0,5
6180000,02C,false,Rx,0,8,160,69,212,0,0,0,0,185
6180000,050,false,Rx,0,8,64,1,0,0,0,0,0,65
6180000,0A6,false,Rx,0,8,9,253,9,253,9,253,9,253
6180000,251,false,Rx,0,8,160,117,37,0,0,0,0,58
6180000,260,false,Rx,0,8,160,68,213,0,0,0,0,185
6180000,316,false,Rx,0,8,64,1,0,0,0,0,0,65
6180000,544,false,Rx,0,8,80,0,0,0,0,0,0,0
6190000,018,false,Rx,0,8,70,196,2,0,0,0,0,12
6190000,02C,false,Rx,0,8,176,70,247,0,0,0,0,237
6190000,050,false,Rx,0,8,64,1,0,0,0,0,0,65
6190000,251,false,Rx,0,8,176,115,8,0,0,0,0,43
6190000,260,false,Rx,0,8,176,68,160,0,0,0,0,148
6200000,018,false,Rx,0,8,70,202,0,0,0,0,0,16
6200000,02C,false,Rx,0,8,192,70,237,0,0,0,0,243
6200000,050,false,Rx,0,8,64,1,0,0,0,0,0,65
6200000,0A6,false,Rx,0,8,9,254,9,254,9,254,9,254
6200000,251,false,Rx,0,8,192,113,34,0,0,0,0,83
6200000,260,false,Rx,0,8,192,68,27,0,0,0,0,31
6200000,316,false,Rx,0,8,64,1,0,0,0,0,0,65
6200000,544,false,Rx,0,8,96,0,0,0,0,0,0,0
6200000,4F1,false,Rx,0,8,224,0,0,0,0,0,0,224
6210000,018,false,Rx,0,8,70,207,1,0,0,0,0,22
6210000,02C,false,Rx,0,8,208,71,104,0,0,0,0,127
6210000,050,false,Rx,0,8,64,1,0,0,0,0,0,65
6210000,251,false,Rx,0,8,208,112,7,0,0,0,0,71
6210000,260,false,Rx,0,8,208,69,6,0,0,0,0,27
6220000,018,false,Rx,0,8,70,213,1,0,0,0,0,28
6220000,02C,false,Rx,0,8,224,72,174,0,0,0,0,214
6220000,050,false,Rx,0,8,64,1,0,0,0,0,0,65
6220000,0A6,false,Rx,0,8,9,255,9,255,9,255,9,255
6220000,251,false,Rx,0,8,224,110,134,0,0,0,0,212
6220000,260,false,Rx,0,8,224,69,128,0,0,0,0,165
6220000,316,false,Rx,0,8,64,1,0,0,0,0,0,65
6220000,544,false,Rx,0,8,112,0,0,0,0,0,0,0
6230000,018,false,Rx,0,8,70,218,1,0,0,0,0,33
6230000,02C,false,Rx,0,8,240,72,73,0,0,0,0,129
6230000,050,false,Rx,0,8,64,1,0,0,0,0,0,65
6230000,251,false,Rx,0,8,240,108,110,0,0,0,0,202
6230000,260,false,Rx,0,8,240,70,103,0,0,0,0,157
6240000,018,false,Rx,0,8,70,224,3,0,0,0,0,41
6240000,02C,false,Rx,0,8,0,73,160,0,0,0,0,233
6240000,050,false,Rx,0,8,64,1,0,0,0,0,0,65
6240000,0A6,false,Rx,0,8,9,255,9,255,9,255,9,255
6240000,251,false,Rx,0,8,0,106,20,0,0,0,0,126
6240000,260,false,Rx,0,8,0,70,226,0,0,0,0,40
6240000,316,false,Rx,0,8,64,1,0,0,0,0,0,65
6240000,544,false,Rx,0,8,128,0,0,0,0,0,0,0
6250000,018,false,Rx,0,8,70,230,2,0,0,0,0,46
6250000,02C,false,Rx,0,8,16,74,163,0,0,0,0,253
6250000,050,false,Rx,0,8,64,1,0,0,0,0,0,65
6250000,251,false,Rx,0,8,16,104,30,0,0,0,0,150
6250000,260,false,Rx,0,8,16,71,115,0,0,0,0,202
6260000,018,false,Rx,0,8,70,235,2,0,0,0,0,51
6260000,02C,false,Rx,0,8,32,75,176,0,0,0,0,27
6260000,050,false,Rx,0,8,64,1,0,0,0,0,0,65
6260000,0A6,false,Rx,0,8,9,255,9,255,9,255,9,255
6260000,251,false,Rx,0,8,32,103,203,0,0,0,0,82
6260000,260,false,Rx,0,8,32,71,188,0,0,0,0,35
6260000,316,false,Rx,0,8,64,1,0,0,0,0,0,65
6260000,544,false,Rx,0,8,144,0,0,0,0,0,0,0
6270000,018,false,Rx,0,8,70,240,0,0,0,0,0,54
6270000,02C,false,Rx,0,8,48,76,204,0,0,0,0,72
6270000,050,false,Rx,0,8,64,1,0,0,0,0,0,65
6270000,251,false,Rx,0,8,48,101,146,0,0,0,0,39
6270000,260,false,Rx,0,8,48,72,100,0,0,0,0,220
6280000,018,false,Rx,0,8,70,246,1,0,0,0,0,61
6280000,02C,false,Rx,0,8,64,77,66,0,0,0,0,207
6280000,050,false,Rx,0,8,64,1,0,0,0,0,0,65
6280000,0A6,false,Rx,0,8,9,255,9,255,9,255,9,255
6280000,251,false,Rx,0,8,64,99,212,0,0,0,0,119
6280000,260,false,Rx,0,8,64,73,99,0,0,0,0,236
6280000,316,false,Rx,0,8,64,1,0,0,0,0,0,65
6280000,544,false,Rx,0,8,160,0,0,0,0,0,0,0
6290000,018,false,Rx,0,8,70,251,2,0,0,0,0,67
6290000,02C,false,Rx,0,8,80,78,189,0,0,0,0,91
6290000,050,false,Rx,0,8,64,1,0,0,0,0,0,65
6290000,251,false,Rx,0,8,80,98,216,0,0,0,0,138
6290000,260,false,Rx,0,8,80,73,150,0,0,0,0,47
6300000,018,false,Rx,0,8,71,0,1,0,0,0,0,72
6300000,02C,false,Rx,0,8,96,79,54,0,0,0,0,229
6300000,050,false,Rx,0,8,64,1,0,0,0,0,0,65
6300000,0A6,false,Rx,0,8,9,254,9,254,9,254,9,254
6300000,251,false,Rx,0,8,96,96,205,0,0,0,0,141
6300000,260,false,Rx,0,8,96,74,229,0,0,0,0,143
6300000,316,false,Rx,0,8,64,1,0,0,0,0,0,65
6300000,544,false,Rx,0,8,176,0,0,0,0,0,0,0
6300000,4F1,false,Rx,0,8,240,0,0,0,0,0,0,240
6310000,018,false,Rx,0,8,71,5,2,0,0,0,0,78
6310000,02C,false,Rx,0,8,112,80,163,0,0,0,0,99
6310000,050,false,Rx,0,8,64,1,0,0,0,0,0,65
6310000,251,false,Rx,0,8,112,94,42,0,0,0,0,248
6310000,260,false,Rx,0,8,112,75,90,0,0,0,0,21
6320000,018,false,Rx,0,8,71,10,1,0,0,0,0,82
6320000,02C,false,Rx,0,8,128,81,123,0,0,0,0,76
6320000,050,false,Rx,0,8,64,1,0,0,0,0,0,65
6320000,0A6,false,Rx,0,8,9,253,9,253,9,253,9,253
6320000,251,false,Rx,0,8,128,93,78,0,0,0,0,43
6320000,260,false,Rx,0,8,128,76,38,0,0,0,0,242
6320000,316,false,Rx,0,8,64,1,0,0,0,0,0,65
6320000,544,false,Rx,0,8,192,0,0,0,0,0,0,0
6330000,018,false,Rx,0,8,71,15,2,0,0,0,0,88
6330000,02C,false,Rx,0,8,144,83,238,0,0,0,0,209
6330000,050,false,Rx,0,8,64,1,0,0,0,0,0,65
6330000,251,false,Rx,0,8,144,91,142,0,0,0,0,121
6330000,260,false,Rx,0,8,144,77,95,0,0,0,0,60
6340000,018,false,Rx,0,8,71,20,0,0,0,0,0,91
6340000,02C,false,Rx,0,8,160,84,62,0,0,0,0,50
6340000,050,false,Rx,0,8,64,1,0,0,0,0,0,65
6340000,0A6,false,Rx,0,8,9,251,9,251,9,251,9,251
6340000,251,false,Rx,0,8,160,90,42,0,0,0,0,36
6340000,260,false,Rx,0,8,160,78,88,0,0,0,0,70
6340000,316,false,Rx,0,8,64,1,0,0,0,0,0,65
6340000,544,false,Rx,0,8,208,0,0,0,0,0,0,0
6350000,018,false,Rx,0,8,71,24,1,0,0,0,0,96
6350000,02C,false,Rx,0,8,176,85,136,0,0,0,0,141
6350000,050,false,Rx,0,8,64,1,0,0,0,0,0,65
6350000,251,false,Rx,0,8,176,88,158,0,0,0,0,166
6350000,260,false,Rx,0,8,176,79,61,0,0,0,0,60
6360000,018,false,Rx,0,8,71,29,2,0,0,0,0,102
6360000,02C,false,Rx,0,8,192,87,230,0,0,0,0,253
6360000,050,false,Rx,0,8,64,1,0,0,0,0,0,65
6360000,0A6,false,Rx,0,8,9,249,9,249,9,249,9,249
6360000,251,false,Rx,0,8,192,87,40,0,0,0,0,63
6360000,260,false,Rx,0,8,192,80,193,0,0,0,0,209
6360000,316,false,Rx,0,8,64,1,0,0,0,0,0,65
6360000,544,false,Rx,0,8,224,0,0,0,0,0,0,0
6370000,018,false,Rx,0,8,71,33,0,0,0,0,0,104
6370000,02C,false,Rx,0,8,208,88,126,0,0,0,0,166
6370000,050,false,Rx,0,8,64,1,0,0,0,0,0,65
6370000,251,false,Rx,0,8,208,86,104,0,0,0,0,142
6370000,260,false,Rx,0,8,208,82,20,0,0,0,0,54
6380000,018,false,Rx,0,8,71,38,0,0,0,0,0,109
6380000,02C,false,Rx,0,8,224,89,72,0,0,0,0,129
6380000,050,false,Rx,0,8,64,1,0,0,0,0,0,65
6380000,0A6,false,Rx,0,8,9,247,9,247,9,247,9,247
6380000,251,false,Rx,0,8,224,84,79,0,0,0,0,131
6380000,260,false,Rx,0,8,224,83,219,0,0,0,0,14
6380000,316,false,Rx,0,8,64,1,0,0,0,0,0,65
6380000,544,false,Rx,0,8,240,0,0,0,0,0,0,0
6390000,018,false,Rx,0,8,71,42,2,0,0,0,0,115
6390000,02C,false,Rx,0,8,240,91,49,0,0,0,0,124
6390000,050,false,Rx,0,8,64,1,0,0,0,0,0,65
6390000,251,false,Rx,0,8,240,83,167,0,0,0,0,234
6390000,260,false,Rx,0,8,240,84,142,0,0,0,0,210
6400000,018,false,Rx,0,8,71,46,1,0,0,0,0,118
6400000,02C,false,Rx,0,8,0,92,25,0,0,0,0,117
6400000,050,false,Rx,0,8,64,1,0,0,0,0,0,65
6400000,0A6,false,Rx,0,8,9,244,9,244,9,244,9,244
6400000,251,false,Rx,0,8,0,82,200,0,0,0,0,26
6400000,260,false,Rx,0,8,0,86,135,0,0,0,0,221
6400000,316,false,Rx,0,8,64,1,0,0,0,0,0,65
6400000,544,false,Rx,0,8,0,0,0,0,0,0,0,0
6400000,4F1,false,Rx,0,8,0,0,0,0,0,0,0,0
6410000,018,false,Rx,0,8,71,51,3,0,0,0,0,125
6410000,02C,false,Rx,0,8,16,94,148,0,0,0,0,2
6410000,050,false,Rx,0,8,64,1,0,0,0,0,0,65
6410000,251,false,Rx,0,8,16,81,33,0,0,0,0,130
6410000,260,false,Rx,0,8,16,87,66,0,0,0,0,169
6420000,018,false,Rx,0,8,71,55,0,0,0,0,0,126
6420000,02C,false,Rx,0,8,32,95,196,0,0,0,0,67
6420000,050,false,Rx,0,8,64,1,0,0,0,0,0,65
6420000,0A6,false,Rx,0,8,9,241,9,241,9,241,9,241
6420000,251,false,Rx,0,8,32,79,158,0,0,0,0,13
6420000,260,false,Rx,0,8,32,88,82,0,0,0,0,202
6420000,316,false,Rx,0,8,64,1,0,0,0,0,0,65
6420000,544,false,Rx,0,8,16,0,0,0,0,0,0,0
6430000,018,false,Rx,0,8,71,59,0,0,0,0,0,130
6430000,02C,false,Rx,0,8,48,97,214,0,0,0,0,103
6430000,050,false,Rx,0,8,64,1,0,0,0,0,0,65
6430000,251,false,Rx,0,8,48,78,223,0,0,0,0,93
6430000,260,false,Rx,0,8,48,90,130,0,0,0,0,12
6440000,018,false,Rx,0,8,71,62,2,0,0,0,0,135
6440000,02C,false,Rx,0,8,64,99,127,0,0,0,0,34
6440000,050,false,Rx,0,8,64,1,0,0,0,0,0,65
6440000,0A6,false,Rx,0,8,9,237,9,237,9,237,9,237
6440000,251,false,Rx,0,8,64,77,122,0,0,0,0,7
6440000,260,false,Rx,0,8,64,91,2,0,0,0,0,157
6440000,316,false,Rx,0,8,64,1,0,0,0,0,0,65
6440000,544,false,Rx,0,8,32,0,0,0,0,0,0,0
6450000,018,false,Rx,0,8,71,66,3,0,0,0,0,140
6450000,02C,false,Rx,0,8,80,100,81,0,0,0,0,5
6450000,050,false,Rx,0,8,64,1,0,0,0,0,0,65
6450000,251,false,Rx,0,8,80,76,29,0,0,0,0,185
6450000,260,false,Rx,0,8,80,93,169,0,0,0,0,86
6460000,018,false,Rx,0,8,71,70,3,0,0,0,0,144
6460000,02C,false,Rx,0,8,96,102,167,0,0,0,0,109
6460000,050,false,Rx,0,8,64,1,0,0,0,0,0,65
6460000,0A6,false,Rx,0,8,9,233,9,233,9,233,9,233
6460000,251,false,Rx,0,8,96,75,125,0,0,0,0,40
6460000,260,false,Rx,0,8,96,94,238,0,0,0,0,172
6460000,316,false,Rx,0,8,64,1,0,0,0,0,0,65
6460000,544,false,Rx,0,8,48,0,0,0,0,0,0,0
6470000,018,false,Rx,0,8,71,73,3,0,0,0,0,147
6470000,02C,false,Rx,0,8,112,104,160,0,0,0,0,120
6470000,050,false,Rx,0,8,64,1,0,0,0,0,0,65
6470000,251,false,Rx,0,8,112,74,44,0,0,0,0,230
6470000,260,false,Rx,0,8,112,96,79,0,0,0,0,31
6480000,018,false,Rx,0,8,71,77,2,0,0,0,0,150
6480000,02C,false,Rx,0,8,128,106,97,0,0,0,0,75
6480000,050,false,Rx,0,8,64,1,0,0,0,0,0,65
6480000,0A6,false,Rx,0,8,9,229,9,229,9,229,9,229
6480000,251,false,Rx,0,8,128,74,222,0,0,0,0,168
6480000,260,false,Rx,0,8,128,97,20,0,0,0,0,245
6480000,316,false,Rx,0,8,64,1,0,0,0,0,0,65
6480000,544,false,Rx,0,8,64,0,0,0,0,0,0,0
6490000,018,false,Rx,0,8,71,80,1,0,0,0,0,152
6490000,02C,false,Rx,0,8,144,107,81,0,0,0,0,76
6490000,050,false,Rx,0,8,64,1,0,0,0,0,0,65
6490000,251,false,Rx,0,8,144,73,59,0,0,0,0,20
6490000,260,false,Rx,0,8,144,99,78,0,0,0,0,65
6500000,018,false,Rx,0,8,71,83,0,0,0,0,0,154
6500000,02C,false,Rx,0,8,160,109,255,0,0,0,0,12
6500000,050,false,Rx,0,8,64,1,0,0,0,0,0,65
6500000,0A6,false,Rx,0,8,9,224,9,224,9,224,9,224
6500000,251,false,Rx,0,8,160,72,232,0,0,0,0,208
6500000,260,false,Rx,0,8,160,101,165,0,0,0,0,170
6500000,316,false,Rx,0,8,64,1,0,0,0,0,0,65
6500000,544,false,Rx,0,8,80,0,0,0,0,0,0,0
6500000,4F1,false,Rx,0,8,16,0,0,0,0,0,0,16
6510000,018,false,Rx,0,8,71,86,2,0,0,0,0,159
6510000,02C,false,Rx,0,8,176,111,239,0,0,0,0,14
6510000,050,false,Rx,0,8,64,1,0,0,0,0,0,65
6510000,251,false,Rx,0,8,176,71,28,0,0,0,0,19
6510000,260,false,Rx,0,8,176,103,26,0,0,0,0,49
6520000,018,false,Rx,0,8,71,89,3,0,0,0,0,163
6520000,02C,false,Rx,0,8,192,113,255,0,0,0,0,48
6520000,050,false,Rx,0,8,64,1,0,0,0,0,0,65
6520000,0A6,false,Rx,0,8,9,219,9,219,9,219,9,219
6520000,251,false,Rx,0,8,192,71,158,0,0,0,0,165
6520000,260,false,Rx,0,8,192,104,154,0,0,0,0,194
6520000,316,false,Rx,0,8,64,1,0,0,0,0,0,65
6520000,544,false,Rx,0,8,96,0,0,0,0,0,0,0
6530000,018,false,Rx,0,8,71,92,0,0,0,0,0,163
6530000,02C,false,Rx,0,8,208,115,157,0,0,0,0,224
6530000,050,false,Rx,0,8,64,1,0,0,0,0,0,65
6530000,251,false,Rx,0,8,208,70,89,0,0,0,0,111
6530000,260,false,Rx,0,8,208,106,251,0,0,0,0,53
6540000,018,false,Rx,0,8,71,95,0,0,0,0,0,166
6540000,02C,false,Rx,0,8,224,116,254,0,0,0,0,82
6540000,050,false,Rx,0,8,64,1,0,0,0,0,0,65
6540000,0A6,false,Rx,0,8,9,213,9,213,9,213,9,213
6540000,251,false,Rx,0,8,224,70,61,0,0,0,0,99
6540000,260,false,Rx,0,8,224,108,183,0,0,0,0,3
6540000,316,false,Rx,0,8,64,1,0,0,0,0,0,65
6540000,544,false,Rx,0,8,112,0,0,0,0,0,0,0
6550000,018,false,Rx,0,8,71,98,3,0,0,0,0,172
6550000,02C,false,Rx,0,8,240,118,11,0,0,0,0,113
6550000,050,false,Rx,0,8,64,1,0,0,0,0,0,65
6550000,251,false,Rx,0,8,240,69,6,0,0,0,0,59
6550000,260,false,Rx,0,8,240,110,37,0,0,0,0,131
6560000,018,false,Rx,0,8,71,100,3,0,0,0,0,174
6560000,02C,false,Rx,0,8,0,120,46,0,0,0,0,166
6560000,050,false,Rx,0,8,64,1,0,0,0,0,0,65
6560000,0A6,false,Rx,0,8,9,208,9,208,9,208,9,208
6560000,251,false,Rx,0,8,0,69,70,0,0,0,0,139
6560000,260,false,Rx,0,8,0,111,162,0,0,0,0,17
6560000,316,false,Rx,0,8,64,1,0,0,0,0,0,65
6560000,544,false,Rx,0,8,128,0,0,0,0,0,0,0
6570000,018,false,Rx,0,8,71,102,0,0,0,0,0,173
6570000,02C,false,Rx,0,8,16,122,201,0,0,0,0,83
6570000,050,false,Rx,0,8,64,1,0,0,0,0,0,65
6570000,251,false,Rx,0,8,16,68,5,0,0,0,0,89
6570000,260,false,Rx,0,8,16,113,112,0,0,0,0,241
6580000,018,false,Rx,0,8,71,105,0,0,0,0,0,176
6580000,02C,false,Rx,0,8,32,124,234,0,0,0,0,134
6580000,050,false,Rx,0,8,64,1,0,0,0,0,0,65
6580000,0A6,false,Rx,0,8,9,201,9,201,9,201,9,201
6580000,251,false,Rx,0,8,32,68,83,0,0,0,0,183
6580000,260,false,Rx,0,8,32,115,94,0,0,0,0,241
6580000,316,false,Rx,0,8,64,1,0,0,0,0,0,65
6580000,544,false,Rx,0,8,144,0,0,0,0,0,0,0
6590000,018,false,Rx,0,8,71,107,1,0,0,0,0,179
6590000,02C,false,Rx,0,8,48,126,123,0,0,0,0,41
6590000,050,false,Rx,0,8,64,1,0,0,0,0,0,65
6590000,251,false,Rx,0,8,48,68,254,0,0,0,0,114
6590000,260,false,Rx,0,8,48,117,34,0,0,0,0,199
6600000,018,false,Rx,0,8,71,109,1,0,0,0,0,181
6600000,02C,false,Rx,0,8,64,128,110,0,0,0,0,46
6600000,050,false,Rx,0,8,64,1,0,0,0,0,0,65
6600000,0A6,false,Rx,0,8,9,195,9,195,9,195,9,195
6600000,251,false,Rx,0,8,64,68,177,0,0,0,0,53
6600000,260,false,Rx,0,8,64,119,81,0,0,0,0,8
6600000,316,false,Rx,0,8,64,1,0,0,0,0,0,65
6600000,544,false,Rx,0,8,160,0,0,0,0,0,0,0
6600000,4F1,false,Rx,0,8,32,0,0,0,0,0,0,32
6610000,018,false,Rx,0,8,71,111,2,0,0,0,0,184
6610000,02C,false,Rx,0,8,80,129,180,0,0,0,0,133
6610000,050,false,Rx,0,8,64,1,0,0,0,0,0,65
6610000,251,false,Rx,0,8,80,68,132,0,0,0,0,24
6610000,260,false,Rx,0,8,80,121,212,0,0,0,0,157
6620000,018,false,Rx,0,8,71,112,0,0,0,0,0,183
6620000,02C,false,Rx,0,8,96,131,24,0,0,0,0,251
6620000,050,false,Rx,0,8,64,1,0,0,0,0,0,65
6620000,0A6,false,Rx,0,8,9,188,9,188,9,188,9,188
6620000,251,false,Rx,0,8,96,68,85,0,0,0,0,249
6620000,260,false,Rx,0,8,96,122,206,0,0,0,0,168
6620000,316,false,Rx,0,8,64,1,0,0,0,0,0,65
6620000,544,false,Rx,0,8,176,0,0,0,0,0,0,0
6630000,018,false,Rx,0,8,71,114,1,0,0,0,0,186
6630000,02C,false,Rx,0,8,112,133,25,0,0,0,0,14
6630000,050,false,Rx,0,8,64,1,0,0,0,0,0,65
6630000,251,false,Rx,0,8,112,68,190,0,0,0,0,114
6630000,260,false,Rx,0,8,112,124,47,0,0,0,0,27
6640000,018,false,Rx,0,8,71,116,0,0,0,0,0,187
6640000,02C,false,Rx,0,8,128,135,144,0,0,0,0,151
6640000,050,false,Rx,0,8,64,1,0,0,0,0,0,65
6640000,0A6,false,Rx,0,8,9,180,9,180,9,180,9,180
6640000,251,false,Rx,0,8,128,68,64,0,0,0,0,4
6640000,260,false,Rx,0,8,128,126,178,0,0,0,0,176
6640000,316,false,Rx,0,8,64,1,0,0,0,0,0,65
6640000,544,false,Rx,0,8,192,0,0,0,0,0,0,0
6650000,018,false,Rx,0,8,71,117,3,0,0,0,0,191
6650000,02C,false,Rx,0,8,144,137,253,0,0,0,0,22
6650000,050,false,Rx,0,8,64,1,0,0,0,0,0,65
6650000,251,false,Rx,0,8,144,68,137,0,0,0,0,93
6650000,260,false,Rx,0,8,144,128,113,0,0,0,0,129
6660000,018,false,Rx,0,8,71,118,1,0,0,0,0,190
6660000,02C,false,Rx,0,8,160,139,240,0,0,0,0,27
6660000,050,false,Rx,0,8,64,1,0,0,0,0,0,65
6660000,0A6,false,Rx,0,8,9,172,9,172,9,172,9,172
6660000,251,false,Rx,0,8,160,68,60,0,0,0,0,32
6660000,260,false,Rx,0,8,160,130,109,0,0,0,0,143
6660000,316,false,Rx,0,8,64,1,0,0,0,0,0,65
6660000,544,false,Rx,0,8,208,0,0,0,0,0,0,0
6670000,018,false,Rx,0,8,71,119,3,0,0,0,0,193
6670000,02C,false,Rx,0,8,176,141,146,0,0,0,0,207
6670000,050,false,Rx,0,8,64,1,0,0,0,0,0,65
6670000,251,false,Rx,0,8,176,68,15,0,0,0,0,3
6670000,260,false,Rx,0,8,176,132,169,0,0,0,0,221
6680000,018,false,Rx,0,8,71,120,3,0,0,0,0,194
6680000,02C,false,Rx,0,8,192,143,4,0,0,0,0,83
6680000,050,false,Rx,0,8,64,1,0,0,0,0,0,65
6680000,0A6,false,Rx,0,8,9,164,9,164,9,164,9,164
6680000,251,false,Rx,0,8,192,68,171,0,0,0,0,175
6680000,260,false,Rx,0,8,192,134,169,0,0,0,0,239
6680000,316,false,Rx,0,8,64,1,0,0,0,0,0,65
6680000,544,false,Rx,0,8,224,0,0,0,0,0,0,0
6690000,018,false,Rx,0,8,71,121,3,0,0,0,0,195
6690000,02C,false,Rx,0,8,208,144,55,0,0,0,0,151
6690000,050,false,Rx,0,8,64,1,0,0,0,0,0,65
6690000,251,false,Rx,0,8,208,69,219,0,0,0,0,240
6690000,260,false,Rx,0,8,208,136,184,0,0,0,0,16
6700000,018,false,Rx,0,8,71,122,2,0,0,0,0,195
6700000,02C,false,Rx,0,8,224,146,220,0,0,0,0,78
6700000,050,false,Rx,0,8,64,1,0,0,0,0,0,65
6700000,0A6,false,Rx,0,8,9,156,9,156,9,156,9,156
6700000,251,false,Rx,0,8,224,69,139,0,0,0,0,176
6700000,260,false,Rx,0,8,224,137,150,0,0,0,0,255
6700000,316,false,Rx,0,8,64,1,0,0,0,0,0,65
6700000,544,false,Rx,0,8,240,0,0,0,0,0,0,0
6700000,4F1,false,Rx,0,8,48,0,0,0,0,0,0,48
6710000,018,false,Rx,0,8,71,122,3,0,0,0,0,196
6710000,02C,false,Rx,0,8,240,148,68,0,0,0,0,200
6710000,050,false,Rx,0,8,64,1,0,0,0,0,0,65
6710000,251,false,Rx,0,8,240,70,32,0,0,0,0,86
6710000,260,false,Rx,0,8,240,139,111,0,0,0,0,234
6720000,018,false,Rx,0,8,71,123,2,0,0,0,0,196
6720000,02C,false,Rx,0,8,0,150,135,0,0,0,0,29
6720000,050,false,Rx,0,8,64,1,0,0,0,0,0,65
6720000,0A6,false,Rx,0,8,9,147,9,147,9,147,9,147
6720000,251,false,Rx,0,8,0,70,134,0,0,0,0,204
6720000,260,false,Rx,0,8,0,141,243,0,0,0,0,128
6720000,316,false,Rx,0,8,64,1,0,0,0,0,0,65
6720000,544,false,Rx,0,8,0,0,0,0,0,0,0,0
6730000,018,false,Rx,0,8,71,123,0,0,0,0,0,194
6730000,02C,false,Rx,0,8,16,151,187,0,0,0,0,98
6730000,050,false,Rx,0,8,64,1,0,0,0,0,0,65
6730000,251,false,Rx,0,8,16,71,39,0,0,0,0,126
6730000,260,false,Rx,0,8,16,143,4,0,0,0,0,163
6740000,018,false,Rx,0,8,71,123,0,0,0,0,0,194
6740000,02C,false,Rx,0,8,32,153,206,0,0,0,0,135
6740000,050,false,Rx,0,8,64,1,0,0,0,0,0,65
6740000,0A6,false,Rx,0,8,9,138,9,138,9,138,9,138
6740000,251,false,Rx,0,8,32,71,254,0,0,0,0,101
6740000,260,false,Rx,0,8,32,145,58,0,0,0,0,235
6740000,316,false,Rx,0,8,64,1,0,0,0,0,0,65
6740000,544,false,Rx,0,8,16,0,0,0,0,0,0,0
6750000,018,false,Rx,0,8,71,124,1,0,0,0,0,196
6750000,02C,false,Rx,0,8,48,155,187,0,0,0,0,134
6750000,050,false,Rx,0,8,64,1,0,0,0,0,0,65
6750000,251,false,Rx,0,8,48,72,233,0,0,0,0,97
6750000,260,false,Rx,0,8,48,147,177,0,0,0,0,116
6760000,018,false,Rx,0,8,71,123,1,0,0,0,0,195
6760000,02C,false,Rx,0,8,64,156,23,0,0,0,0,243
6760000,050,false,Rx,0,8,64,1,0,0,0,0,0,65
6760000,0A6,false,Rx,0,8,9,129,9,129,9,129,9,129
6760000,251,false,Rx,0,8,64,73,184,0,0,0,0,65
6760000,260,false,Rx,0,8,64,148,228,0,0,0,0,184
6760000,316,false,Rx,0,8,64,1,0,0,0,0,0,65
6760000,544,false,Rx,0,8,32,0,0,0,0,0,0,0
6770000,018,false,Rx,0,8,71,123,2,0,0,0,0,196
6770000,02C,false,Rx,0,8,80,158,205,0,0,0,0,187
6770000,050,false,Rx,0,8,64,1,0,0,0,0,0,65
6770000,251,false,Rx,0,8,80,74,28,0,0,0,0,182
6770000,260,false,Rx,0,8,80,150,123,0,0,0,0,97
6780000,018,false,Rx,0,8,71,123,0,0,0,0,0,194
6780000,02C,false,Rx,0,8,96,160,26,0,0,0,0,26
6780000,050,false,Rx,0,8,64,1,0,0,0,0,0,65
6780000,0A6,false,Rx,0,8,9,119,9,119,9,119,9,119
6780000,251,false,Rx,0,8,96,75,255,0,0,0,0,170
6780000,260,false,Rx,0,8,96,152,124,0,0,0,0,116
6780000,316,false,Rx,0,8,64,1,0,0,0,0,0,65
6780000,544,false,Rx,0,8,48,0,0,0,0,0,0,0
6790000,018,false,Rx,0,8,71,122,1,0,0,0,0,194
6790000,02C,false,Rx,0,8,112,161,99,0,0,0,0,116
6790000,050,false,Rx,0,8,64,1,0,0,0,0,0,65
6790000,251,false,Rx,0,8,112,75,85,0,0,0,0,16
6790000,260,false,Rx,0,8,112,154,20,0,0,0,0,30
6800000,018,false,Rx,0,8,71,122,1,0,0,0,0,194
6800000,02C,false,Rx,0,8,128,163,185,0,0,0,0,220
6800000,050,false,Rx,0,8,64,1,0,0,0,0,0,65
6800000,0A6,false,Rx,0,8,9,109,9,109,9,109,9,109
6800000,251,false,Rx,0,8,128,76,188,0,0,0,0,136
6800000,260,false,Rx,0,8,128,155,164,0,0,0,0,191
6800000,316,false,Rx,0,8,64,1,0,0,0,0,0,65
6800000,544,false,Rx,0,8,64,0,0,0,0,0,0,0
6800000,4F1,false,Rx,0,8,64,0,0,0,0,0,0,64
6810000,018,false,Rx,0,8,71,121,1,0,0,0,0,193
6810000,02C,false,Rx,0,8,144,164,147,0,0,0,0,199
6810000,050,false,Rx,0,8,64,1,0,0,0,0,0,65
6810000,251,false,Rx,0,8,144,77,80,0,0,0,0,45
6810000,260,false,Rx,0,8,144,157,195,0,0,0,0,240
6820000,018,false,Rx,0,8,71,120,0,0,0,0,0,191
6820000,02C,false,Rx,0,8,160,166,37,0,0,0,0,107
6820000,050,false,Rx,0,8,64,1,0,0,0,0,0,65
6820000,0A6,false,Rx,0,8,9,98,9,98,9,98,9,98
6820000,251,false,Rx,0,8,160,78,130,0,0,0,0,112
6820000,260,false,Rx,0,8,160,159,58,0,0,0,0,121
6820000,316,false,Rx,0,8,64,1,0,0,0,0,0,65
6820000,544,false,Rx,0,8,80,0,0,0,0,0,0,0
6830000,018,false,Rx,0,8,71,119,1,0,0,0,0,191
6830000,02C,false,Rx,0,8,176,167,197,0,0,0,0,28
6830000,050,false,Rx,0,8,64,1,0,0,0,0,0,65
6830000,251,false,Rx,0,8,176,80,52,0,0,0,0,52
6830000,260,false,Rx,0,8,176,160,197,0,0,0,0,21
6840000,018,false,Rx,0,8,71,118,0,0,0,0,0,189
6840000,02C,false,Rx,0,8,192,169,230,0,0,0,0,79
6840000,050,false,Rx,0,8,64,1,0,0,0,0,0,65
6840000,0A6,false,Rx,0,8,9,88,9,88,9,88,9,88
6840000,251,false,Rx,0,8,192,81,59,0,0,0,0,76
6840000,260,false,Rx,0,8,192,162,131,0,0,0,0,229
6840000,316,false,Rx,0,8,64,1,0,0,0,0,0,65
6840000,544,false,Rx,0,8,96,0,0,0,0,0,0,0
6850000,018,false,Rx,0,8,71,117,3,0,0,0,0,191
6850000,02C,false,Rx,0,8,208,170,143,0,0,0,0,9
6850000,050,false,Rx,0,8,64,1,0,0,0,0,0,65
6850000,251,false,Rx,0,8,208,82,116,0,0,0,0,150
6850000,260,false,Rx,0,8,208,163,144,0,0,0,0,3
6860000,018,false,Rx,0,8,71,116,3,0,0,0,0,190
6860000,02C,false,Rx,0,8,224,171,60,0,0,0,0,199
6860000,050,false,Rx,0,8,64,1,0,0,0,0,0,65
6860000,0A6,false,Rx,0,8,9,76,9,76,9,76,9,76
6860000,251,false,Rx,0,8,224,83,1,0,0,0,0,52
6860000,260,false,Rx,0,8,224,165,12,0,0,0,0,145
6860000,316,false,Rx,0,8,64,1,0,0,0,0,0,65
6860000,544,false,Rx,0,8,112,0,0,0,0,0,0,0
6870000,018,false,Rx,0,8,71,114,3,0,0,0,0,188
6870000,02C,false,Rx,0,8,240,173,65,0,0,0,0,222
6870000,050,false,Rx,0,8,64,1,0,0,0,0,0,65
6870000,251,false,Rx,0,8,240,85,22,0,0,0,0,91
6870000,260,false,Rx,0,8,240,166,191,0,0,0,0,85
6880000,018,false,Rx,0,8,71,112,2,0,0,0,0,185
6880000,02C,false,Rx,0,8,0,174,49,0,0,0,0,223
6880000,050,false,Rx,0,8,64,1,0,0,0,0,0,65
6880000,0A6,false,Rx,0,8,9,65,9,65,9,65,9,65
6880000,251,false,Rx,0,8,0,86,6,0,0,0,0,92
6880000,260,false,Rx,0,8,0,168,228,0,0,0,0,140
6880000,316,false,Rx,0,8,64,1,0,0,0,0,0,65
6880000,544,false,Rx,0,8,128,0,0,0,0,0,0,0
6890000,018,false,Rx,0,8,71,111,0,0,0,0,0,182
6890000,02C,false,Rx,0,8,16,175,201,0,0,0,0,136
6890000,050,false,Rx,0,8,64,1,0,0,0,0,0,65
6890000,251,false,Rx,0,8,16,87,125,0,0,0,0,228
6890000,260,false,Rx,0,8,16,169,249,0,0,0,0,178
6900000,018,false,Rx,0,8,71,109,1,0,0,0,0,181
6900000,02C,false,Rx,0,8,32,176,191,0,0,0,0,143
6900000,050,false,Rx,0,8,64,1,0,0,0,0,0,65
6900000,0A6,false,Rx,0,8,9,54,9,54,9,54,9,54
6900000,251,false,Rx,0,8,32,89,23,0,0,0,0,144
6900000,260,false,Rx,0,8,32,170,22,0,0,0,0,224
6900000,316,false,Rx,0,8,64,1,0,0,0,0,0,65
6900000,544,false,Rx,0,8,144,0,0,0,0,0,0,0
6900000,4F1,false,Rx,0,8,80,0,0,0,0,0,0,80
6910000,018,false,Rx,0,8,71,107,2,0,0,0,0,180
6910000,02C,false,Rx,0,8,48,177,173,0,0,0,0,142
6910000,050,false,Rx,0,8,64,1,0,0,0,0,0,65
6910000,251,false,Rx,0,8,48,90,241,0,0,0,0,123
6910000,260,false,Rx,0,8,48,172,151,0,0,0,0,115
6920000,018,false,Rx,0,8,71,105,2,0,0,0,0,178
6920000,02C,false,Rx,0,8,64,178,187,0,0,0,0,173
6920000,050,false,Rx,0,8,64,1,0,0,0,0,0,65
6920000,0A6,false,Rx,0,8,9,42,9,42,9,42,9,42
6920000,251,false,Rx,0,8,64,92,186,0,0,0,0,86
6920000,260,false,Rx,0,8,64,173,98,0,0,0,0,79
6920000,316,false,Rx,0,8,64,1,0,0,0,0,0,65
6920000,544,false,Rx,0,8,160,0,0,0,0,0,0,0
6930000,018,false,Rx,0,8,71,102,3,0,0,0,0,176
6930000,02C,false,Rx,0,8,80,179,73,0,0,0,0,76
6930000,050,false,Rx,0,8,64,1,0,0,0,0,0,65
6930000,251,false,Rx,0,8,80,93,196,0,0,0,0,113
6930000,260,false,Rx,0,8,80,174,164,0,0,0,0,162
6940000,018,false,Rx,0,8,71,100,0,0,0,0,0,171
6940000,02C,false,Rx,0,8,96,180,101,0,0,0,0,121
6940000,050,false,Rx,0,8,64,1,0,0,0,0,0,65
6940000,0A6,false,Rx,0,8,9,30,9,30,9,30,9,30
6940000,251,false,Rx,0,8,96,95,76,0,0,0,0,11
6940000,260,false,Rx,0,8,96,175,42,0,0,0,0,57
6940000,316,false,Rx,0,8,64,1,0,0,0,0,0,65
6940000,544,false,Rx,0,8,176,0,0,0,0,0,0,0
6950000,018,false,Rx,0,8,71,98,1,0,0,0,0,170
6950000,02C,false,Rx,0,8,112,181,205,0,0,0,0,242
6950000,050,false,Rx,0,8,64,1,0,0,0,0,0,65
6950000,251,false,Rx,0,8,112,96,91,0,0,0,0,43
6950000,260,false,Rx,0,8,112,176,49,0,0,0,0,81
6960000,018,false,Rx,0,8,71,95,2,0,0,0,0,168
6960000,02C,false,Rx,0,8,128,182,20,0,0,0,0,74
6960000,050,false,Rx,0,8,64,1,0,0,0,0,0,65
6960000,0A6,false,Rx,0,8,9,17,9,17,9,17,9,17
6960000,251,false,Rx,0,8,128,98,18,0,0,0,0,244
6960000,260,false,Rx,0,8,128,177,85,0,0,0,0,134
6960000,316,false,Rx,0,8,64,1,0,0,0,0,0,65
6960000,544,false,Rx,0,8,192,0,0,0,0,0,0,0
6970000,018,false,Rx,0,8,71,92,1,0,0,0,0,164
6970000,02C,false,Rx,0,8,144,183,23,0,0,0,0,94
6970000,050,false,Rx,0,8,64,1,0,0,0,0,0,65
6970000,251,false,Rx,0,8,144,100,214,0,0,0,0,202
6970000,260,false,Rx,0,8,144,178,3,0,0,0,0,69
6980000,018,false,Rx,0,8,71,89,3,0,0,0,0,163
6980000,02C,false,Rx,0,8,160,183,19,0,0,0,0,106
6980000,050,false,Rx,0,8,64,1,0,0,0,0,0,65
6980000,0A6,false,Rx,0,8,9,5,9,5,9,5,9,5
6980000,251,false,Rx,0,8,160,101,114,0,0,0,0,119
6980000,260,false,Rx,0,8,160,179,33,0,0,0,0,116
6980000,316,false,Rx,0,8,64,1,0,0,0,0,0,65
6980000,544,false,Rx,0,8,208,0,0,0,0,0,0,0
6990000,018,false,Rx,0,8,71,86,0,0,0,0,0,157
6990000,02C,false,Rx,0,8,176,184,70,0,0,0,0,174
6990000,050,false,Rx,0,8,64,1,0,0,0,0,0,65
6990000,251,false,Rx,0,8,176,103,164,0,0,0,0,187
6990000,260,false,Rx,0,8,176,180,107,0,0,0,0,207
7000000,018,false,Rx,0,8,71,83,1,0,0,0,0,155
7000000,02C,false,Rx,0,8,192,185,170,0,0,0,0,35
7000000,050,false,Rx,0,8,64,1,0,0,0,0,0,65
7000000,0A6,false,Rx,0,8,8,248,8,248,8,248,8,248
7000000,251,false,Rx,0,8,192,105,127,0,0,0,0,168
7000000,260,false,Rx,0,8,192,181,109,0,0,0,0,226
7000000,316,false,Rx,0,8,64,1,0,0,0,0,0,65
7000000,544,false,Rx,0,8,224,0,0,0,0,0,0,0
7000000,593,false,Rx,0,8,178,180,179,181,0,0,0,0
7000000,4F1,false,Rx,0,8,96,0,0,0,0,0,0,96
7010000,018,false,Rx,0,8,71,80,1,0,0,0,0,152
7010000,02C,false,Rx,0,8,208,185,242,0,0,0,0,123
7010000,050,false,Rx,0,8,64,1,0,0,0,0,0,65
7010000,251,false,Rx,0,8,208,106,213,0,0,0,0,15
7010000,260,false,Rx,0,8,208,182,217,0,0,0,0,95
7020000,018,false,Rx,0,8,71,77,2,0,0,0,0,150
7020000,02C,false,Rx,0,8,224,186,233,0,0,0,0,131
7020000,050,false,Rx,0,8,64,1,0,0,0,0,0,65
7020000,0A6,false,Rx,0,8,8,235,8,235,8,235,8,235
7020000,251,false,Rx,0,8,224,108,163,0,0,0,0,239
7020000,260,false,Rx,0,8,224,183,53,0,0,0,0,204
7020000,316,false,Rx,0,8,64,1,0,0,0,0,0,65
7020000,544,false,Rx,0,8,240,0,0,0,0,0,0,0
7030000,018,false,Rx,0,8,71,73,1,0,0,0,0,145
7030000,02C,false,Rx,0,8,240,186,76,0,0,0,0,246
7030000,050,false,Rx,0,8,64,1,0,0,0,0,0,65
7030000,251,false,Rx,0,8,240,110,138,0,0,0,0,232
7030000,260,false,Rx,0,8,240,184,105,0,0,0,0,17
7040000,018,false,Rx,0,8,71,70,0,0,0,0,0,141
7040000,02C,false,Rx,0,8,0,186,71,0,0,0,0,1
7040000,050,false,Rx,0,8,64,1,0,0,0,0,0,65
7040000,0A6,false,Rx,0,8,8,221,8,221,8,221,8,221
7040000,251,false,Rx,0,8,0,112,39,0,0,0,0,151
7040000,260,false,Rx,0,8,0,184,222,0,0,0,0,150
7040000,316,false,Rx,0,8,64,1,0,0,0,0,0,65
7040000,544,false,Rx,0,8,0,0,0,0,0,0,0,0
7050000,018,false,Rx,0,8,71,66,0,0,0,0,0,137
7050000,02C,false,Rx,0,8,16,187,167,0,0,0,0,114
7050000,050,false,Rx,0,8,64,1,0,0,0,0,0,65
7050000,251,false,Rx,0,8,16,114,190,0,0,0,0,64
7050000,260,false,Rx,0,8,16,185,36,0,0,0,0,237
7060000,018,false,Rx,0,8,71,62,1,0,0,0,0,134
7060000,02C,false,Rx,0,8,32,187,163,0,0,0,0,126
7060000,050,false,Rx,0,8,64,1,0,0,0,0,0,65
7060000,0A6,false,Rx,0,8,8,208,8,208,8,208,8,208
7060000,251,false,Rx,0,8,32,115,61,0,0,0,0,208
7060000,260,false,Rx,0,8,32,185,78,0,0,0,0,39
7060000,316,false,Rx,0,8,64,1,0,0,0,0,0,65
7060000,544,false,Rx,0,8,16,0,0,0,0,0,0,0
7070000,018,false,Rx,0,8,71,59,2,0,0,0,0,132
7070000,02C,false,Rx,0,8,48,187,83,0,0,0,0,62
7070000,050,false,Rx,0,8,64,1,0,0,0,0,0,65
7070000,251,false,Rx,0,8,48,117,26,0,0,0,0,191
7070000,260,false,Rx,0,8,48,186,12,0,0,0,0,246
7080000,018,false,Rx,0,8,71,55,2,0,0,0,0,128
7080000,02C,false,Rx,0,8,64,187,201,0,0,0,0,196
7080000,050,false,Rx,0,8,64,1,0,0,0,0,0,65
7080000,0A6,false,Rx,0,8,8,194,8,194,8,194,8,194
7080000,251,false,Rx,0,8,64,119,91,0,0,0,0,18
7080000,260,false,Rx,0,8,64,186,235,0,0,0,0,229
7080000,316,false,Rx,0,8,64,1,0,0,0,0,0,65
7080000,544,false,Rx,0,8,32,0,0,0,0,0,0,0
7090000,018,false,Rx,0,8,71,51,3,0,0,0,0,125
7090000,02C,false,Rx,0,8,80,187,153,0,0,0,0,164
7090000,050,false,Rx,0,8,64,1,0,0,0,0,0,65
7090000,251,false,Rx,0,8,80,121,114,0,0,0,0,59
7090000,260,false,Rx,0,8,80,187,169,0,0,0,0,180
7100000,018,false,Rx,0,8,71,46,0,0,0,0,0,117
7100000,02C,false,Rx,0,8,96,187,172,0,0,0,0,199
7100000,050,false,Rx,0,8,64,1,0,0,0,0,0,65
7100000,0A6,false,Rx,0,8,8,180,8,180,8,180,8,180
7100000,251,false,Rx,0,8,96,123,23,0,0,0,0,242
7100000,260,false,Rx,0,8,96,187,19,0,0,0,0,46
7100000,316,false,Rx,0,8,64,1,0,0,0,0,0,65
7100000,544,false,Rx,0,8,48,0,0,0,0,0,0,0
7100000,4F1,false,Rx,0,8,112,0,0,0,0,0,0,112
7110000,018,false,Rx,0,8,71,42,3,0,0,0,0,116
7110000,02C,false,Rx,0,8,112,187,250,0,0,0,0,37
7110000,050,false,Rx,0,8,64,1,0,0,0,0,0,65
7110000,251,false,Rx,0,8,112,125,205,0,0,0,0,186
7110000,260,false,Rx,0,8,112,187,44,0,0,0,0,87
7120000,018,false,Rx,0,8,71,38,2,0,0,0,0,111
7120000,02C,false,Rx,0,8,128,187,153,0,0,0,0,212
7120000,050,false,Rx,0,8,64,1,0,0,0,0,0,65
7120000,0A6,false,Rx,0,8,8,166,8,166,8,166,8,166
7120000,251,false,Rx,0,8,128,127,35,0,0,0,0,34
7120000,260,false,Rx,0,8,128,187,37,0,0,0,0,96
7120000,316,false,Rx,0,8,64,1,0,0,0,0,0,65
7120000,544,false,Rx,0,8,64,0,0,0,0,0,0,0
7130000,018,false,Rx,0,8,71,33,3,0,0,0,0,107
7130000,02C,false,Rx,0,8,144,187,243,0,0,0,0,62
7130000,050,false,Rx,0,8,64,1,0,0,0,0,0,65
7130000,251,false,Rx,0,8,144,129,238,0,0,0,0,255
7130000,260,false,Rx,0,8,144,187,27,0,0,0,0,102
7140000,018,false,Rx,0,8,71,29,2,0,0,0,0,102
7140000,02C,false,Rx,0,8,160,187,8,0,0,0,0,99
7140000,050,false,Rx,0,8,64,1,0,0,0,0,0,65
7140000,0A6,false,Rx,0,8,8,151,8,151,8,151,8,151
7140000,251,false,Rx,0,8,160,130,144,0,0,0,0,178
7140000,260,false,Rx,0,8,160,187,91,0,0,0,0,182
7140000,316,false,Rx,0,8,64,1,0,0,0,0,0,65
7140000,544,false,Rx,0,8,80,0,0,0,0,0,0,0
7150000,018,false,Rx,0,8,71,24,3,0,0,0,0,98
7150000,02C,false,Rx,0,8,176,187,188,0,0,0,0,39
7150000,050,false,Rx,0,8,64,1,0,0,0,0,0,65
7150000,251,false,Rx,0,8,176,132,159,0,0,0,0,211
7150000,260,false,Rx,0,8,176,187,128,0,0,0,0,235
7160000,018,false,Rx,0,8,71,20,3,0,0,0,0,94
7160000,02C,false,Rx,0,8,192,186,169,0,0,0,0,35
7160000,050,false,Rx,0,8,64,1,0,0,0,0,0,65
7160000,0A6,false,Rx,0,8,8,137,8,137,8,137,8,137
7160000,251,false,Rx,0,8,192,134,167,0,0,0,0,237
7160000,260,false,Rx,0,8,192,187,36,0,0,0,0,159
7160000,316,false,Rx,0,8,64,1,0,0,0,0,0,65
7160000,544,false,Rx,0,8,96,0,0,0,0,0,0,0
7170000,018,false,Rx,0,8,71,15,0,0,0,0,0,86
7170000,02C,false,Rx,0,8,208,186,56,0,0,0,0,194
7170000,050,false,Rx,0,8,64,1,0,0,0,0,0,65
7170000,251,false,Rx,0,8,208,136,44,0,0,0,0,132
7170000,260,false,Rx,0,8,208,187,116,0,0,0,0,255
7180000,018,false,Rx,0,8,71,10,0,0,0,0,0,81
7180000,02C,false,Rx,0,8,224,186,213,0,0,0,0,111
7180000,050,false,Rx,0,8,64,1,0,0,0,0,0,65
7180000,0A6,false,Rx,0,8,8,122,8,122,8,122,8,122
7180000,251,false,Rx,0,8,224,138,233,0,0,0,0,83
7180000,260,false,Rx,0,8,224,187,132,0,0,0,0,31
7180000,316,false,Rx,0,8,64,1,0,0,0,0,0,65
7180000,544,false,Rx,0,8,112,0,0,0,0,0,0,0
7190000,018,false,Rx,0,8,71,5,3,0,0,0,0,79
7190000,02C,false,Rx,0,8,240,185,157,0,0,0,0,70
7190000,050,false,Rx,0,8,64,1,0,0,0,0,0,65
7190000,251,false,Rx,0,8,240,140,4,0,0,0,0,128
7190000,260,false,Rx,0,8,240,187,208,0,0,0,0,123
7200000,018,false,Rx,0,8,71,0,2,0,0,0,0,73
7200000,02C,false,Rx,0,8,0,185,13,0,0,0,0,198
7200000,050,false,Rx,0,8,64,1,0,0,0,0,0,65
7200000,0A6,false,Rx,0,8,8,107,8,107,8,107,8,107
7200000,251,false,Rx,0,8,0,142,188,0,0,0,0,74
7200000,260,false,Rx,0,8,0,187,198,0,0,0,0,129
7200000,316,false,Rx,0,8,64,1,0,0,0,0,0,65
7200000,544,false,Rx,0,8,128,0,0,0,0,0,0,0
7200000,4F1,false,Rx,0,8,128,0,0,0,0,0,0,128
7210000,018,false,Rx,0,8,70,251,2,0,0,0,0,67
7210000,02C,false,Rx,0,8,16,184,242,0,0,0,0,186
7210000,050,false,Rx,0,8,64,1,0,0,0,0,0,65
7210000,251,false,Rx,0,8,16,143,102,0,0,0,0,5
7210000,260,false,Rx,0,8,16,186,230,0,0,0,0,176
7220000,018,false,Rx,0,8,70,246,0,0,0,0,0,60
7220000,02C,false,Rx,0,8,32,183,135,0,0,0,0,94
7220000,050,false,Rx,0,8,64,1,0,0,0,0,0,65
7220000,0A6,false,Rx,0,8,8,92,8,92,8,92,8,92
7220000,251,false,Rx,0,8,32,145,149,0,0,0,0,70
7220000,260,false,Rx,0,8,32,186,207,0,0,0,0,169
7220000,316,false,Rx,0,8,64,1,0,0,0,0,0,65
7220000,544,false,Rx,0,8,144,0,0,0,0,0,0,0
7230000,018,false,Rx,0,8,70,240,0,0,0,0,0,54
7230000,02C,false,Rx,0,8,48,183,116,0,0,0,0,91
7230000,050,false,Rx,0,8,64,1,0,0,0,0,0,65
7230000,251,false,Rx,0,8,48,147,155,0,0,0,0,94
7230000,260,false,Rx,0,8,48,185,221,0,0,0,0,198
7240000,018,false,Rx,0,8,70,235,1,0,0,0,0,50
7240000,02C,false,Rx,0,8,64,182,26,0,0,0,0,16
7240000,050,false,Rx,0,8,64,1,0,0,0,0,0,65
7240000,0A6,false,Rx,0,8,8,77,8,77,8,77,8,77
7240000,251,false,Rx,0,8,64,149,124,0,0,0,0,81
7240000,260,false,Rx,0,8,64,185,161,0,0,0,0,154
7240000,316,false,Rx,0,8,64,1,0,0,0,0,0,65
7240000,544,false,Rx,0,8,160,0,0,0,0,0,0,0
7250000,018,false,Rx,0,8,70,230,0,0,0,0,0,44
7250000,02C,false,Rx,0,8,80,181,245,0,0,0,0,250
7250000,050,false,Rx,0,8,64,1,0,0,0,0,0,65
7250000,251,false,Rx,0,8,80,151,237,0,0,0,0,212
7250000,260,false,Rx,0,8,80,184,8,0,0,0,0,16
7260000,018,false,Rx,0,8,70,224,2,0,0,0,0,40
7260000,02C,false,Rx,0,8,96,180,87,0,0,0,0,107
7260000,050,false,Rx,0,8,64,1,0,0,0,0,0,65
7260000,0A6,false,Rx,0,8,8,62,8,62,8,62,8,62
7260000,251,false,Rx,0,8,96,152,188,0,0,0,0,180
7260000,260,false,Rx,0,8,96,184,199,0,0,0,0,223
7260000,316,false,Rx,0,8,64,1,0,0,0,0,0,65
7260000,544,false,Rx,0,8,176,0,0,0,0,0,0,0
7270000,018,false,Rx,0,8,70,218,0,0,0,0,0,32
7270000,02C,false,Rx,0,8,112,179,194,0,0,0,0,229
7270000,050,false,Rx,0,8,64,1,0,0,0,0,0,65
7270000,251,false,Rx,0,8,112,154,252,0,0,0,0,6
7270000,260,false,Rx,0,8,112,183,60,0,0,0,0,99
7280000,018,false,Rx,0,8,70,213,1,0,0,0,0,28
7280000,02C,false,Rx,0,8,128,178,75,0,0,0,0,125
7280000,050,false,Rx,0,8,64,1,0,0,0,0,0,65
7280000,0A6,false,Rx,0,8,8,46,8,46,8,46,8,46
7280000,251,false,Rx,0,8,128,156,100,0,0,0,0,128
7280000,260,false,Rx,0,8,128,182,3,0,0,0,0,57
7280000,316,false,Rx,0,8,64,1,0,0,0,0,0,65
7280000,544,false,Rx,0,8,192,0,0,0,0,0,0,0
7290000,018,false,Rx,0,8,70,207,3,0,0,0,0,24
7290000,02C,false,Rx,0,8,144,177,124,0,0,0,0,189
7290000,050,false,Rx,0,8,64,1,0,0,0,0,0,65
7290000,251,false,Rx,0,8,144,157,125,0,0,0,0,170
7290000,260,false,Rx,0,8,144,182,32,0,0,0,0,102
7300000,018,false,Rx,0,8,70,202,3,0,0,0,0,19
7300000,02C,false,Rx,0,8,160,176,16,0,0,0,0,96
7300000,050,false,Rx,0,8,64,1,0,0,0,0,0,65
7300000,0A6,false,Rx,0,8,8,31,8,31,8,31,8,31
7300000,251,false,Rx,0,8,160,159,77,0,0,0,0,140
7300000,260,false,Rx,0,8,160,181,23,0,0,0,0,108
7300000,316,false,Rx,0,8,64,1,0,0,0,0,0,65
7300000,544,false,Rx,0,8,208,0,0,0,0,0,0,0
7300000,4F1,false,Rx,0,8,144,0,0,0,0,0,0,144
7310000,018,false,Rx,0,8,70,196,2,0,0,0,0,12
7310000,02C,false,Rx,0,8,176,175,56,0,0,0,0,151
7310000,050,false,Rx,0,8,64,1,0,0,0,0,0,65
7310000,251,false,Rx,0,8,176,161,3,0,0,0,0,84
7310000,260,false,Rx,0,8,176,180,37,0,0,0,0,137
7320000,018,false,Rx,0,8,70,190,1,0,0,0,0,5
7320000,02C,false,Rx,0,8,192,174,97,0,0,0,0,207
7320000,050,false,Rx,0,8,64,1,0,0,0,0,0,65
7320000,0A6,false,Rx,0,8,8,15,8,15,8,15,8,15
7320000,251,false,Rx,0,8,192,162,209,0,0,0,0,51
7320000,260,false,Rx,0,8,192,179,183,0,0,0,0,42
7320000,316,false,Rx,0,8,64,1,0,0,0,0,0,65
7320000,544,false,Rx,0,8,224,0,0,0,0,0,0,0
7330000,018,false,Rx,0,8,70,184,3,0,0,0,0,1
7330000,02C,false,Rx,0,8,208,172,9,0,0,0,0,133
7330000,050,false,Rx,0,8,64,1,0,0,0,0,0,65
7330000,251,false,Rx,0,8,208,164,12,0,0,0,0,128
7330000,260,false,Rx,0,8,208,178,54,0,0,0,0,184
7340000,018,false,Rx,0,8,70,178,3,0,0,0,0,251
7340000,02C,false,Rx,0,8,224,171,225,0,0,0,0,108
7340000,050,false,Rx,0,8,64,1,0,0,0,0,0,65
7340000,0A6,false,Rx,0,8,7,255,7,255,7,255,7,255
7340000,251,false,Rx,0,8,224,165,119,0,0,0,0,252
7340000,260,false,Rx,0,8,224,177,148,0,0,0,0,37
7340000,316,false,Rx,0,8,64,1,0,0,0,0,0,65
7340000,544,false,Rx,0,8,240,0,0,0,0,0,0,0
7350000,018,false,Rx,0,8,70,172,0,0,0,0,0,242
7350000,02C,false,Rx,0,8,240,170,160,0,0,0,0,58
7350000,050,false,Rx,0,8,64,1,0,0,0,0,0,65
7350000,251,false,Rx,0,8,240,167,177,0,0,0,0,72
7350000,260,false,Rx,0,8,240,176,154,0,0,0,0,58
7360000,018,false,Rx,0,8,70,166,3,0,0,0,0,239
7360000,02C,false,Rx,0,8,0,168,214,0,0,0,0,126
7360000,050,false,Rx,0,8,64,1,0,0,0,0,0,65
7360000,0A6,false,Rx,0,8,7,240,7,240,7,240,7,240
7360000,251,false,Rx,0,8,0,168,4,0,0,0,0,172
7360000,260,false,Rx,0,8,0,175,44,0,0,0,0,219
7360000,316,false,Rx,0,8,64,1,0,0,0,0,0,65
7360000,544,false,Rx,0,8,0,0,0,0,0,0,0,0
7370000,018,false,Rx,0,8,70,160,2,0,0,0,0,232
7370000,02C,false,Rx,0,8,16,167,77,0,0,0,0,4
7370000,050,false,Rx,0,8,64,1,0,0,0,0,0,65
7370000,251,false,Rx,0,8,16,169,171,0,0,0,0,100
7370000,260,false,Rx,0,8,16,173,144,0,0,0,0,77
7380000,018,false,Rx,0,8,70,154,3,0,0,0,0,227
7380000,02C,false,Rx,0,8,32,166,211,0,0,0,0,153
7380000,050,false,Rx,0,8,64,1,0,0,0,0,0,65
7380000,0A6,false,Rx,0,8,7,224,7,224,7,224,7,224
7380000,251,false,Rx,0,8,32,171,0,0,0,0,0,203
7380000,260,false,Rx,0,8,32,172,224,0,0,0,0,172
7380000,316,false,Rx,0,8,64,1,0,0,0,0,0,65
7380000,544,false,Rx,0,8,16,0,0,0,0,0,0,0
7390000,018,false,Rx,0,8,70,148,2,0,0,0,0,220
7390000,02C,false,Rx,0,8,48,164,104,0,0,0,0,60
7390000,050,false,Rx,0,8,64,1,0,0,0,0,0,65
7390000,251,false,Rx,0,8,48,172,192,0,0,0,0,156
7390000,260,false,Rx,0,8,48,171,195,0,0,0,0,158
7400000,018,false,Rx,0,8,70,142,2,0,0,0,0,214
7400000,02C,false,Rx,0,8,64,163,210,0,0,0,0,181
7400000,050,false,Rx,0,8,64,1,0,0,0,0,0,65
7400000,0A6,false,Rx,0,8,7,208,7,208,7,208,7,208
7400000,251,false,Rx,0,8,64,173,157,0,0,0,0,138
7400000,260,false,Rx,0,8,64,169,202,0,0,0,0,179
7400000,316,false,Rx,0,8,64,1,0,0,0,0,0,65
7400000,544,false,Rx,0,8,32,0,0,0,0,0,0,0
7400000,4F1,false,Rx,0,8,160,0,0,0,0,0,0,160
7410000,018,false,Rx,0,8,70,136,0,0,0,0,0,206
7410000,02C,false,Rx,0,8,80,161,241,0,0,0,0,226
7410000,050,false,Rx,0,8,64,1,0,0,0,0,0,65
7410000,251,false,Rx,0,8,80,174,53,0,0,0,0,51
7410000,260,false,Rx,0,8,80,168,15,0,0,0,0,7
7420000,018,false,Rx,0,8,70,130,1,0,0,0,0,201
7420000,02C,false,Rx,0,8,96,160,31,0,0,0,0,31
7420000,050,false,Rx,0,8,64,1,0,0,0,0,0,65
7420000,0A6,false,Rx,0,8,7,192,7,192,7,192,7,192
7420000,251,false,Rx,0,8,96,176,105,0,0,0,0,121
7420000,260,false,Rx,0,8,96,167,242,0,0,0,0,249
7420000,316,false,Rx,0,8,64,1,0,0,0,0,0,65
7420000,544,false,Rx,0,8,48,0,0,0,0,0,0,0
7430000,018,false,Rx,0,8,70,123,2,0,0,0,0,195
7430000,02C,false,Rx,0,8,112,158,70,0,0,0,0,84
7430000,050,false,Rx,0,8,64,1,0,0,0,0,0,65
7430000,251,false,Rx,0,8,112,177,121,0,0,0,0,154
7430000,260,false,Rx,0,8,112,165,80,0,0,0,0,101
7440000,018,false,Rx,0,8,70,117,3,0,0,0,0,190
7440000,02C,false,Rx,0,8,128,156,106,0,0,0,0,134
7440000,050,false,Rx,0,8,64,1,0,0,0,0,0,65
7440000,0A6,false,Rx,0,8,7,176,7,176,7,176,7,176
7440000,251,false,Rx,0,8,128,178,214,0,0,0,0,8
7440000,260,false,Rx,0,8,128,164,112,0,0,0,0,148
7440000,316,false,Rx,0,8,64,1,0,0,0,0,0,65
7440000,544,false,Rx,0,8,64,0,0,0,0,0,0,0
7450000,018,false,Rx,0,8,70,111,3,0,0,0,0,184
7450000,02C,false,Rx,0,8,144,155,166,0,0,0,0,209
7450000,050,false,Rx,0,8,64,1,0,0,0,0,0,65
7450000,251,false,Rx,0,8,144,179,251,0,0,0,0,62
7450000,260,false,Rx,0,8,144,162,69,0,0,0,0,119
7460000,018,false,Rx,0,8,70,105,2,0,0,0,0,177
7460000,02C,false,Rx,0,8,160,153,244,0,0,0,0,45
7460000,050,false,Rx,0,8,64,1,0,0,0,0,0,65
7460000,0A6,false,Rx,0,8,7,160,7,160,7,160,7,160
7460000,251,false,Rx,0,8,160,180,30,0,0,0,0,114
7460000,260,false,Rx,0,8,160,161,200,0,0,0,0,9
7460000,316,false,Rx,0,8,64,1,0,0,0,0,0,65
7460000,544,false,Rx,0,8,80,0,0,0,0,0,0,0
7470000,018,false,Rx,0,8,70,98,3,0,0,0,0,171
7470000,02C,false,Rx,0,8,176,151,192,0,0,0,0,7
7470000,050,false,Rx,0,8,64,1,0,0,0,0,0,65
7470000,251,false,Rx,0,8,176,181,72,0,0,0,0,173
7470000,260,false,Rx,0,8,176,159,151,0,0,0,0,230
7480000,018,false,Rx,0,8,70,92,0,0,0,0,0,162
7480000,02C,false,Rx,0,8,192,149,160,0,0,0,0,245
7480000,050,false,Rx,0,8,64,1,0,0,0,0,0,65
7480000,0A6,false,Rx,0,8,7,144,7,144,7,144,7,144
7480000,251,false,Rx,0,8,192,181,143,0,0,0,0,4
7480000,260,false,Rx,0,8,192,158,73,0,0,0,0,167
7480000,316,false,Rx,0,8,64,1,0,0,0,0,0,65
7480000,544,false,Rx,0,8,96,0,0,0,0,0,0,0
7490000,018,false,Rx,0,8,70,86,3,0,0,0,0,159
7490000,02C,false,Rx,0,8,208,148,88,0,0,0,0,188
7490000,050,false,Rx,0,8,64,1,0,0,0,0,0,65
7490000,251,false,Rx,0,8,208,182,47,0,0,0,0,181
7490000,260,false,Rx,0,8,208,156,152,0,0,0,0,4
7500000,018,false,Rx,0,8,70,80,0,0,0,0,0,150
7500000,02C,false,Rx,0,8,224,146,235,0,0,0,0,93
7500000,050,false,Rx,0,8,64,1,0,0,0,0,0,65
7500000,0A6,false,Rx,0,8,7,128,7,128,7,128,7,128
7500000,251,false,Rx,0,8,224,183,22,0,0,0,0,173
7500000,260,false,Rx,0,8,224,154,191,0,0,0,0,57
7500000,316,false,Rx,0,8,64,1,0,0,0,0,0,65
7500000,544,false,Rx,0,8,112,0,0,0,0,0,0,0
7500000,4F1,false,Rx,0,8,176,0,0,0,0,0,0,176
7510000,018,false,Rx,0,8,70,73,2,0,0,0,0,145
7510000,02C,false,Rx,0,8,240,144,175,0,0,0,0,47
7510000,050,false,Rx,0,8,64,1,0,0,0,0,0,65
7510000,251,false,Rx,0,8,240,184,118,0,0,0,0,30
7510000,260,false,Rx,0,8,240,152,5,0,0,0,0,141
7520000,018,false,Rx,0,8,70,67,2,0,0,0,0,139
7520000,02C,false,Rx,0,8,0,142,181,0,0,0,0,67
7520000,050,false,Rx,0,8,64,1,0,0,0,0,0,65
7520000,0A6,false,Rx,0,8,7,111,7,111,7,111,7,111
7520000,251,false,Rx,0,8,0,184,211,0,0,0,0,139
7520000,260,false,Rx,0,8,0,151,72,0,0,0,0,223
7520000,316,false,Rx,0,8,64,1,0,0,0,0,0,65
7520000,544,false,Rx,0,8,128,0,0,0,0,0,0,0
7530000,018,false,Rx,0,8,70,61,2,0,0,0,0,133
7530000,02C,false,Rx,0,8,16,140,135,0,0,0,0,35
7530000,050,false,Rx,0,8,64,1,0,0,0,0,0,65
7530000,251,false,Rx,0,8,16,185,190,0,0,0,0,135
7530000,260,false,Rx,0,8,16,149,63,0,0,0,0,228
7540000,018,false,Rx,0,8,70,54,0,0,0,0,0,124
7540000,02C,false,Rx,0,8,32,139,247,0,0,0,0,162
7540000,050,false,Rx,0,8,64,1,0,0,0,0,0,65
7540000,0A6,false,Rx,0,8,7,95,7,95,7,95,7,95
7540000,251,false,Rx,0,8,32,185,234,0,0,0,0,195
7540000,260,false,Rx,0,8,32,147,21,0,0,0,0,200
7540000,316,false,Rx,0,8,64,1,0,0,0,0,0,65
7540000,544,false,Rx,0,8,144,0,0,0,0,0,0,0
7550000,018,false,Rx,0,8,70,48,3,0,0,0,0,121
7550000,02C,false,Rx,0,8,48,137,98,0,0,0,0,27
7550000,050,false,Rx,0,8,64,1,0,0,0,0,0,65
7550000,251,false,Rx,0,8,48,186,43,0,0,0,0,21
7550000,260,false,Rx,0,8,48,145,2,0,0,0,0,195
7560000,018,false,Rx,0,8,70,42,0,0,0,0,0,112
7560000,02C,false,Rx,0,8,64,135,126,0,0,0,0,69
7560000,050,false,Rx,0,8,64,1,0,0,0,0,0,65
7560000,0A6,false,Rx,0,8,7,79,7,79,7,79,7,79
7560000,251,false,Rx,0,8,64,186,48,0,0,0,0,42
7560000,260,false,Rx,0,8,64,144,201,0,0,0,0,153
7560000,316,false,Rx,0,8,64,1,0,0,0,0,0,65
7560000,544,false,Rx,0,8,160,0,0,0,0,0,0,0
7570000,018,false,Rx,0,8,70,36,3,0,0,0,0,109
7570000,02C,false,Rx,0,8,80,133,142,0,0,0,0,99
7570000,050,false,Rx,0,8,64,1,0,0,0,0,0,65
7570000,251,false,Rx,0,8,80,187,68,0,0,0,0,79
7570000,260,false,Rx,0,8,80,142,43,0,0,0,0,9
7580000,018,false,Rx,0,8,70,29,3,0,0,0,0,102
7580000,02C,false,Rx,0,8,96,131,152,0,0,0,0,123
7580000,050,false,Rx,0,8,64,1,0,0,0,0,0,65
7580000,0A6,false,Rx,0,8,7,63,7,63,7,63,7,63
7580000,251,false,Rx,0,8,96,187,201,0,0,0,0,228
7580000,260,false,Rx,0,8,96,140,156,0,0,0,0,136
7580000,316,false,Rx,0,8,64,1,0,0,0,0,0,65
7580000,544,false,Rx,0,8,176,0,0,0,0,0,0,0
7590000,018,false,Rx,0,8,70,23,0,0,0,0,0,93
7590000,02C,false,Rx,0,8,112,129,115,0,0,0,0,100
7590000,050,false,Rx,0,8,64,1,0,0,0,0,0,65
7590000,251,false,Rx,0,8,112,187,38,0,0,0,0,81
7590000,260,false,Rx,0,8,112,138,107,0,0,0,0,101
7600000,018,false,Rx,0,8,70,17,1,0,0,0,0,88
7600000,02C,false,Rx,0,8,128,127,152,0,0,0,0,151
7600000,050,false,Rx,0,8,64,1,0,0,0,0,0,65
7600000,0A6,false,Rx,0,8,7,47,7,47,7,47,7,47
7600000,251,false,Rx,0,8,128,187,31,0,0,0,0,90
7600000,260,false,Rx,0,8,128,136,176,0,0,0,0,184
7600000,316,false,Rx,0,8,64,1,0,0,0,0,0,65
7600000,544,false,Rx,0,8,192,0,0,0,0,0,0,0
7600000,4F1,false,Rx,0,8,192,0,0,0,0,0,0,192
7610000,018,false,Rx,0,8,70,11,2,0,0,0,0,83
7610000,02C,false,Rx,0,8,144,126,147,0,0,0,0,161
7610000,050,false,Rx,0,8,64,1,0,0,0,0,0,65
7610000,251,false,Rx,0,8,144,187,222,0,0,0,0,41
7610000,260,false,Rx,0,8,144,134,108,0,0,0,0,130
7620000,018,false,Rx,0,8,70,5,3,0,0,0,0,78
7620000,02C,false,Rx,0,8,160,124,106,0,0,0,0,134
7620000,050,false,Rx,0,8,64,1,0,0,0,0,0,65
7620000,0A6,false,Rx,0,8,7,31,7,31,7,31,7,31
7620000,251,false,Rx,0,8,160,187,66,0,0,0,0,157
7620000,260,false,Rx,0,8,160,133,211,0,0,0,0,248
7620000,316,false,Rx,0,8,64,1,0,0,0,0,0,65
7620000,544,false,Rx,0,8,208,0,0,0,0,0,0,0
7630000,018,false,Rx,0,8,69,255,3,0,0,0,0,71
7630000,02C,false,Rx,0,8,176,122,250,0,0,0,0,36
7630000,050,false,Rx,0,8,64,1,0,0,0,0,0,65
7630000,251,false,Rx,0,8,176,187,121,0,0,0,0,228
7630000,260,false,Rx,0,8,176,131,72,0,0,0,0,123
7640000,018,false,Rx,0,8,69,249,0,0,0,0,0,62
7640000,02C,false,Rx,0,8,192,120,162,0,0,0,0,218
7640000,050,false,Rx,0,8,64,1,0,0,0,0,0,65
7640000,0A6,false,Rx,0,8,7,15,7,15,7,15,7,15
7640000,251,false,Rx,0,8,192,187,149,0,0,0,0,16
7640000,260,false,Rx,0,8,192,129,82,0,0,0,0,147
7640000,316,false,Rx,0,8,64,1,0,0,0,0,0,65
7640000,544,false,Rx,0,8,224,0,0,0,0,0,0,0
7650000,018,false,Rx,0,8,69,243,1,0,0,0,0,57
7650000,02C,false,Rx,0,8,208,118,245,0,0,0,0,59
7650000,050,false,Rx,0,8,64,1,0,0,0,0,0,65
7650000,251,false,Rx,0,8,208,187,133,0,0,0,0,16
7650000,260,false,Rx,0,8,208,127,94,0,0,0,0,173
7660000,018,false,Rx,0,8,69,237,2,0,0,0,0,52
7660000,02C,false,Rx,0,8,224,116,178,0,0,0,0,6
7660000,050,false,Rx,0,8,64,1,0,0,0,0,0,65
7660000,0A6,false,Rx,0,8,7,0,7,0,7,0,7,0
7660000,251,false,Rx,0,8,224,187,161,0,0,0,0,60
7660000,260,false,Rx,0,8,224,125,113,0,0,0,0,206
7660000,316,false,Rx,0,8,64,1,0,0,0,0,0,65
7660000,544,false,Rx,0,8,240,0,0,0,0,0,0,0
7670000,018,false,Rx,0,8,69,231,1,0,0,0,0,45
7670000,02C,false,Rx,0,8,240,114,140,0,0,0,0,238
7670000,050,false,Rx,0,8,64,1,0,0,0,0,0,65
7670000,251,false,Rx,0,8,240,187,201,0,0,0,0,116
7670000,260,false,Rx,0,8,240,123,129,0,0,0,0,236
7680000,018,false,Rx,0,8,69,225,2,0,0,0,0,40
7680000,02C,false,Rx,0,8,0,112,147,0,0,0,0,3
7680000,050,false,Rx,0,8,64,1,0,0,0,0,0,65
7680000,0A6,false,Rx,0,8,6,240,6,240,6,240,6,240
7680000,251,false,Rx,0,8,0,187,167,0,0,0,0,98
7680000,260,false,Rx,0,8,0,121,99,0,0,0,0,220
7680000,316,false,Rx,0,8,64,1,0,0,0,0,0,65
7680000,544,false,Rx,0,8,0,0,0,0,0,0,0,0
7690000,018,false,Rx,0,8,69,219,3,0,0,0,0,35
7690000,02C,false,Rx,0,8,16,111,62,0,0,0,0,189
7690000,050,false,Rx,0,8,64,1,0,0,0,0,0,65
7690000,251,false,Rx,0,8,16,186,162,0,0,0,0,108
7690000,260,false,Rx,0,8,16,119,58,0,0,0,0,193
7700000,018,false,Rx,0,8,69,213,3,0,0,0,0,29
7700000,02C,false,Rx,0,8,32,109,194,0,0,0,0,79
7700000,050,false,Rx,0,8,64,1,0,0,0,0,0,65
7700000,0A6,false,Rx,0,8,6,224,6,224,6,224,6,224
7700000,251,false,Rx,0,8,32,186,231,0,0,0,0,193
7700000,260,false,Rx,0,8,32,118,92,0,0,0,0,242
7700000,316,false,Rx,0,8,64,1,0,0,0,0,0,65
7700000,544,false,Rx,0,8,16,0,0,0,0,0,0,0
7700000,4F1,false,Rx,0,8,208,0,0,0,0,0,0,208
7710000,018,false,Rx,0,8,69,208,0,0,0,0,0,21
7710000,02C,false,Rx,0,8,48,107,202,0,0,0,0,101
7710000,050,false,Rx,0,8,64,1,0,0,0,0,0,65
7710000,251,false,Rx,0,8,48,185,139,0,0,0,0,116
7710000,260,false,Rx,0,8,48,116,27,0,0,0,0,191
7720000,018,false,Rx,0,8,69,202,0,0,0,0,0,15
7720000,02C,false,Rx,0,8,64,105,176,0,0,0,0,89
7720000,050,false,Rx,0,8,64,1,0,0,0,0,0,65
7720000,0A6,false,Rx,0,8,6,209,6,209,6,209,6,209
7720000,251,false,Rx,0,8,64,185,119,0,0,0,0,112
7720000,260,false,Rx,0,8,64,114,236,0,0,0,0,158
7720000,316,false,Rx,0,8,64,1,0,0,0,0,0,65
7720000,544,false,Rx,0,8,32,0,0,0,0,0,0,0
7730000,018,false,Rx,0,8,69,197,1,0,0,0,0,11
7730000,02C,false,Rx,0,8,80,104,74,0,0,0,0,2
7730000,050,false,Rx,0,8,64,1,0,0,0,0,0,65
7730000,251,false,Rx,0,8,80,184,38,0,0,0,0,46
7730000,260,false,Rx,0,8,80,112,37,0,0,0,0,229
7740000,018,false,Rx,0,8,69,191,1,0,0,0,0,5
7740000,02C,false,Rx,0,8,96,102,148,0,0,0,0,90
7740000,050,false,Rx,0,8,64,1,0,0,0,0,0,65
7740000,0A6,false,Rx,0,8,6,193,6,193,6,193,6,193
7740000,251,false,Rx,0,8,96,184,103,0,0,0,0,127
7740000,260,false,Rx,0,8,96,110,148,0,0,0,0,98
7740000,316,false,Rx,0,8,64,1,0,0,0,0,0,65
7740000,544,false,Rx,0,8,48,0,0,0,0,0,0,0
7750000,018,false,Rx,0,8,69,186,2,0,0,0,0,1
7750000,02C,false,Rx,0,8,112,100,21,0,0,0,0,233
7750000,050,false,Rx,0,8,64,1,0,0,0,0,0,65
7750000,251,false,Rx,0,8,112,183,69,0,0,0,0,108
7750000,260,false,Rx,0,8,112,108,34,0,0,0,0,254
7760000,018,false,Rx,0,8,69,180,0,0,0,0,0,249
7760000,02C,false,Rx,0,8,128,99,147,0,0,0,0,118
7760000,050,false,Rx,0,8,64,1,0,0,0,0,0,65
7760000,0A6,false,Rx,0,8,6,178,6,178,6,178,6,178
7760000,251,false,Rx,0,8,128,182,55,0,0,0,0,109
7760000,260,false,Rx,0,8,128,107,128,0,0,0,0,107
7760000,316,false,Rx,0,8,64,1,0,0,0,0,0,65
7760000,544,false,Rx,0,8,64,0,0,0,0,0,0,0
7770000,018,false,Rx,0,8,69,175,3,0,0,0,0,247
7770000,02C,false,Rx,0,8,144,97,40,0,0,0,0,25
7770000,050,false,Rx,0,8,64,1,0,0,0,0,0,65
7770000,251,false,Rx,0,8,144,181,79,0,0,0,0,148
7770000,260,false,Rx,0,8,144,105,50,0,0,0,0,43
7780000,018,false,Rx,0,8,69,169,0,0,0,0,0,238
7780000,02C,false,Rx,0,8,160,95,177,0,0,0,0,176
7780000,050,false,Rx,0,8,64,1,0,0,0,0,0,65
7780000,0A6,false,Rx,0,8,6,163,6,163,6,163,6,163
7780000,251,false,Rx,0,8,160,180,54,0,0,0,0,138
7780000,260,false,Rx,0,8,160,103,101,0,0,0,0,108
7780000,316,false,Rx,0,8,64,1,0,0,0,0,0,65
7780000,544,false,Rx,0,8,80,0,0,0,0,0,0,0
7790000,018,false,Rx,0,8,69,164,1,0,0,0,0,234
7790000,02C,false,Rx,0,8,176,94,226,0,0,0,0,240
7790000,050,false,Rx,0,8,64,1,0,0,0,0,0,65
7790000,251,false,Rx,0,8,176,180,84,0,0,0,0,184
7790000,260,false,Rx,0,8,176,101,249,0,0,0,0,14
7800000,018,false,Rx,0,8,69,159,0,0,0,0,0,228
7800000,02C,false,Rx,0,8,192,92,131,0,0,0,0,159
7800000,050,false,Rx,0,8,64,1,0,0,0,0,0,65
7800000,0A6,false,Rx,0,8,6,148,6,148,6,148,6,148
7800000,251,false,Rx,0,8,192,179,230,0,0,0,0,89
7800000,260,false,Rx,0,8,192,100,169,0,0,0,0,205
7800000,316,false,Rx,0,8,64,1,0,0,0,0,0,65
7800000,544,false,Rx,0,8,96,0,0,0,0,0,0,0
7800000,4F1,false,Rx,0,8,224,0,0,0,0,0,0,224
7810000,018,false,Rx,0,8,69,154,3,0,0,0,0,226
7810000,02C,false,Rx,0,8,208,91,245,0,0,0,0,32
7810000,050,false,Rx,0,8,64,1,0,0,0,0,0,65
7810000,251,false,Rx,0,8,208,178,238,0,0,0,0,112
7810000,260,false,Rx,0,8,208,98,182,0,0,0,0,232
7820000,018,false,Rx,0,8,69,149,0,0,0,0,0,218
7820000,02C,false,Rx,0,8,224,89,109,0,0,0,0,166
7820000,050,false,Rx,0,8,64,1,0,0,0,0,0,65
7820000,0A6,false,Rx,0,8,6,133,6,133,6,133,6,133
7820000,251,false,Rx,0,8,224,177,160,0,0,0,0,49
7820000,260,false,Rx,0,8,224,96,65,0,0,0,0,129
7820000,316,false,Rx,0,8,64,1,0,0,0,0,0,65
7820000,544,false,Rx,0,8,112,0,0,0,0,0,0,0
7830000,018,false,Rx,0,8,69,144,1,0,0,0,0,214
7830000,02C,false,Rx,0,8,240,88,103,0,0,0,0,175
7830000,050,false,Rx,0,8,64,1,0,0,0,0,0,65
7830000,251,false,Rx,0,8,240,175,208,0,0,0,0,111
7830000,260,false,Rx,0,8,240,95,120,0,0,0,0,199
7840000,018,false,Rx,0,8,69,139,3,0,0,0,0,211
7840000,02C,false,Rx,0,8,0,86,138,0,0,0,0,224
7840000,050,false,Rx,0,8,64,1,0,0,0,0,0,65
7840000,0A6,false,Rx,0,8,6,118,6,118,6,118,6,118
7840000,251,false,Rx,0,8,0,174,61,0,0,0,0,235
7840000,260,false,Rx,0,8,0,93,51,0,0,0,0,144
7840000,316,false,Rx,0,8,64,1,0,0,0,0,0,65
7840000,544,false,Rx,0,8,128,0,0,0,0,0,0,0
7850000,018,false,Rx,0,8,69,135,2,0,0,0,0,206
7850000,02C,false,Rx,0,8,16,85,139,0,0,0,0,240
7850000,050,false,Rx,0,8,64,1,0,0,0,0,0,65
7850000,251,false,Rx,0,8,16,173,183,0,0,0,0,116
7850000,260,false,Rx,0,8,16,92,145,0,0,0,0,253
7860000,018,false,Rx,0,8,69,130,2,0,0,0,0,201
7860000,02C,false,Rx,0,8,32,84,70,0,0,0,0,186
7860000,050,false,Rx,0,8,64,1,0,0,0,0,0,65
7860000,0A6,false,Rx,0,8,6,104,6,104,6,104,6,104
7860000,251,false,Rx,0,8,32,172,106,0,0,0,0,54
7860000,260,false,Rx,0,8,32,90,35,0,0,0,0,157
7860000,316,false,Rx,0,8,64,1,0,0,0,0,0,65
7860000,544,false,Rx,0,8,144,0,0,0,0,0,0,0
7870000,018,false,Rx,0,8,69,126,3,0,0,0,0,198
7870000,02C,false,Rx,0,8,48,82,55,0,0,0,0,185
7870000,050,false,Rx,0,8,64,1,0,0,0,0,0,65
7870000,251,false,Rx,0,8,48,170,231,0,0,0,0,193
7870000,260,false,Rx,0,8,48,89,99,0,0,0,0,236
7880000,018,false,Rx,0,8,69,121,3,0,0,0,0,193
7880000,02C,false,Rx,0,8,64,81,122,0,0,0,0,11
7880000,050,false,Rx,0,8,64,1,0,0,0,0,0,65
7880000,0A6,false,Rx,0,8,6,89,6,89,6,89,6,89
7880000,251,false,Rx,0,8,64,169,157,0,0,0,0,134
7880000,260,false,Rx,0,8,64,87,162,0,0,0,0,57
7880000,316,false,Rx,0,8,64,1,0,0,0,0,0,65
7880000,544,false,Rx,0,8,160,0,0,0,0,0,0,0
7890000,018,false,Rx,0,8,69,117,3,0,0,0,0,189
7890000,02C,false,Rx,0,8,80,80,124,0,0,0,0,28
7890000,050,false,Rx,0,8,64,1,0,0,0,0,0,65
7890000,251,false,Rx,0,8,80,168,237,0,0,0,0,229
7890000,260,false,Rx,0,8,80,86,248,0,0,0,0,158
7900000,018,false,Rx,0,8,69,113,1,0,0,0,0,183
7900000,02C,false,Rx,0,8,96,79,25,0,0,0,0,200
7900000,050,false,Rx,0,8,64,1,0,0,0,0,0,65
7900000,0A6,false,Rx,0,8,6,75,6,75,6,75,6,75
7900000,251,false,Rx,0,8,96,166,135,0,0,0,0,141
7900000,260,false,Rx,0,8,96,85,230,0,0,0,0,155
7900000,316,false,Rx,0,8,64,1,0,0,0,0,0,65
7900000,544,false,Rx,0,8,176,0,0,0,0,0,0,0
7900000,4F1,false,Rx,0,8,240,0,0,0,0,0,0,240
7910000,018,false,Rx,0,8,69,108,3,0,0,0,0,180
7910000,02C,false,Rx,0,8,112,78,115,0,0,0,0,49
7910000,050,false,Rx,0,8,64,1,0,0,0,0,0,65
7910000,251,false,Rx,0,8,112,165,61,0,0,0,0,82
7910000,260,false,Rx,0,8,112,83,168,0,0,0,0,107
7920000,018,false,Rx,0,8,69,104,1,0,0,0,0,174
7920000,02C,false,Rx,0,8,128,77,119,0,0,0,0,68
7920000,050,false,Rx,0,8,64,1,0,0,0,0,0,65
7920000,0A6,false,Rx,0,8,6,61,6,61,6,61,6,61
7920000,251,false,Rx,0,8,128,163,46,0,0,0,0,81
7920000,260,false,Rx,0,8,128,82,156,0,0,0,0,110
7920000,316,false,Rx,0,8,64,1,0,0,0,0,0,65
7920000,544,false,Rx,0,8,192,0,0,0,0,0,0,0
7930000,018,false,Rx,0,8,69,100,3,0,0,0,0,172
7930000,02C,false,Rx,0,8,144,76,26,0,0,0,0,246
7930000,050,false,Rx,0,8,64,1,0,0,0,0,0,65
7930000,251,false,Rx,0,8,144,162,80,0,0,0,0,130
7930000,260,false,Rx,0,8,144,81,78,0,0,0,0,47
7940000,018,false,Rx,0,8,69,97,1,0,0,0,0,167
7940000,02C,false,Rx,0,8,160,75,51,0,0,0,0,30
7940000,050,false,Rx,0,8,64,1,0,0,0,0,0,65
7940000,0A6,false,Rx,0,8,6,47,6,47,6,47,6,47
7940000,251,false,Rx,0,8,160,160,155,0,0,0,0,219
7940000,260,false,Rx,0,8,160,80,186,0,0,0,0,170
7940000,316,false,Rx,0,8,64,1,0,0,0,0,0,65
7940000,544,false,Rx,0,8,208,0,0,0,0,0,0,0
7950000,018,false,Rx,0,8,69,93,1,0,0,0,0,163
7950000,02C,false,Rx,0,8,176,74,211,0,0,0,0,205
7950000,050,false,Rx,0,8,64,1,0,0,0,0,0,65
7950000,251,false,Rx,0,8,176,159,20,0,0,0,0,99
7950000,260,false,Rx,0,8,176,79,161,0,0,0,0,160
7960000,018,false,Rx,0,8,69,89,0,0,0,0,0,158
7960000,02C,false,Rx,0,8,192,73,169,0,0,0,0,178
7960000,050,false,Rx,0,8,64,1,0,0,0,0,0,65
7960000,0A6,false,Rx,0,8,6,34,6,34,6,34,6,34
7960000,251,false,Rx,0,8,192,157,110,0,0,0,0,203
7960000,260,false,Rx,0,8,192,78,219,0,0,0,0,233
7960000,316,false,Rx,0,8,64,1,0,0,0,0,0,65
7960000,544,false,Rx,0,8,224,0,0,0,0,0,0,0
7970000,018,false,Rx,0,8,69,86,2,0,0,0,0,157
7970000,02C,false,Rx,0,8,208,72,241,0,0,0,0,9
7970000,050,false,Rx,0,8,64,1,0,0,0,0,0,65
7970000,251,false,Rx,0,8,208,155,167,0,0,0,0,18
7970000,260,false,Rx,0,8,208,77,86,0,0,0,0,115
7980000,018,false,Rx,0,8,69,82,3,0,0,0,0,154
7980000,02C,false,Rx,0,8,224,72,51,0,0,0,0,91
7980000,050,false,Rx,0,8,64,1,0,0,0,0,0,65
7980000,0A6,false,Rx,0,8,6,20,6,20,6,20,6,20
7980000,251,false,Rx,0,8,224,154,75,0,0,0,0,197
7980000,260,false,Rx,0,8,224,76,2,0,0,0,0,46
7980000,316,false,Rx,0,8,64,1,0,0,0,0,0,65
7980000,544,false,Rx,0,8,240,0,0,0,0,0,0,0
7990000,018,false,Rx,0,8,69,79,2,0,0,0,0,150
7990000,02C,false,Rx,0,8,240,71,70,0,0,0,0,125
7990000,050,false,Rx,0,8,64,1,0,0,0,0,0,65
7990000,251,false,Rx,0,8,240,152,46,0,0,0,0,182
7990000,260,false,Rx,0,8,240,75,160,0,0,0,0,219
8000000,018,false,Rx,0,8,69,76,2,0,0,0,0,147
8000000,02C,false,Rx,0,8,0,70,2,0,0,0,0,72
8000000,050,false,Rx,0,8,64,1,0,0,0,0,0,65
8000000,0A6,false,Rx,0,8,6,7,6,7,6,7,6,7
8000000,251,false,Rx,0,8,0,150,127,0,0,0,0,21
8000000,260,false,Rx,0,8,0,74,126,0,0,0,0,200
8000000,316,false,Rx,0,8,64,1,0,0,0,0,0,65
8000000,544,false,Rx,0,8,0,0,0,0,0,0,0,0
8000000,593,false,Rx,0,8,178,180,179,181,0,0,0,0
8000000,4F1,false,Rx,0,8,0,0,0,0,0,0,0,0
8010000,018,false,Rx,0,8,69,73,0,0,0,0,0,142
8010000,02C,false,Rx,0,8,16,70,80,0,0,0,0,166
8010000,050,false,Rx,0,8,64,1,0,0,0,0,0,65
8010000,251,false,Rx,0,8,16,149,182,0,0,0,0,91
8010000,260,false,Rx,0,8,16,73,113,0,0,0,0,202
8020000,018,false,Rx,0,8,69,70,2,0,0,0,0,141
8020000,02C,false,Rx,0,8,32,69,208,0,0,0,0,53
8020000,050,false,Rx,0,8,64,1,0,0,0,0,0,65
8020000,0A6,false,Rx,0,8,5,250,5,250,5,250,5,250
8020000,251,false,Rx,0,8,32,147,202,0,0,0,0,125
8020000,260,false,Rx,0,8,32,72,223,0,0,0,0,71
8020000,316,false,Rx,0,8,64,1,0,0,0,0,0,65
8020000,544,false,Rx,0,8,16,0,0,0,0,0,0,0
8029999,018,false,Rx,0,8,69,67,2,0,0,0,0,138
8029999,02C,false,Rx,0,8,48,69,243,0,0,0,0,104
8029999,050,false,Rx,0,8,64,1,0,0,0,0,0,65
8029999,251,false,Rx,0,8,48,145,25,0,0,0,0,218
8029999,260,false,Rx,0,8,48,71,141,0,0,0,0,4
8039999,018,false,Rx,0,8,69,64,3,0,0,0,0,136
8039999,02C,false,Rx,0,8,64,69,244,0,0,0,0,121
8039999,050,false,Rx,0,8,64,1,0,0,0,0,0,65
8039999,0A6,false,Rx,0,8,5,238,5,238,5,238,5,238
8039999,251,false,Rx,0,8,64,143,153,0,0,0,0,104
8039999,260,false,Rx,0,8,64,71,184,0,0,0,0,63
8039999,316,false,Rx,0,8,64,1,0,0,0,0,0,65
8039999,544,false,Rx,0,8,32,0,0,0,0,0,0,0
8050000,018,false,Rx,0,8,69,61,1,0,0,0,0,131
8050000,02C,false,Rx,0,8,80,68,102,0,0,0,0,250
8050000,050,false,Rx,0,8,64,1,0,0,0,0,0,65
8050000,251,false,Rx,0,8,80,141,133,0,0,0,0,98
8050000,260,false,Rx,0,8,80,70,68,0,0,0,0,218
8060000,018,false,Rx,0,8,69,59,3,0,0,0,0,131
8060000,02C,false,Rx,0,8,96,68,147,0,0,0,0,55
8060000,050,false,Rx,0,8,64,1,0,0,0,0,0,65
8060000,0A6,false,Rx,0,8,5,225,5,225,5,225,5,225
8060000,251,false,Rx,0,8,96,140,89,0,0,0,0,69
8060000,260,false,Rx,0,8,96,70,169,0,0,0,0,79
8060000,316,false,Rx,0,8,64,1,0,0,0,0,0,65
8060000,544,false,Rx,0,8,48,0,0,0,0,0,0,0
8070000,018,false,Rx,0,8,69,57,3,0,0,0,0,129
8070000,02C,false,Rx,0,8,112,68,164,0,0,0,0,88
8070000,050,false,Rx,0,8,64,1,0,0,0,0,0,65
8070000,251,false,Rx,0,8,112,138,15,0,0,0,0,9
8070000,260,false,Rx,0,8,112,69,245,0,0,0,0,170
8080000,018,false,Rx,0,8,69,54,2,0,0,0,0,125
8080000,02C,false,Rx,0,8,128,68,146,0,0,0,0,86
8080000,050,false,Rx,0,8,64,1,0,0,0,0,0,65
8080000,0A6,false,Rx,0,8,5,213,5,213,5,213,5,213
8080000,251,false,Rx,0,8,128,136,207,0,0,0,0,215
8080000,260,false,Rx,0,8,128,69,236,0,0,0,0,177
8080000,316,false,Rx,0,8,64,1,0,0,0,0,0,65
8080000,544,false,Rx,0,8,64,0,0,0,0,0,0,0
8090000,018,false,Rx,0,8,69,52,2,0,0,0,0,123
8090000,02C,false,Rx,0,8,144,68,30,0,0,0,0,242
8090000,050,false,Rx,0,8,64,1,0,0,0,0,0,65
8090000,251,false,Rx,0,8,144,134,231,0,0,0,0,253
8090000,260,false,Rx,0,8,144,68,228,0,0,0,0,184
8100000,018,false,Rx,0,8,69,50,3,0,0,0,0,122
8100000,02C,false,Rx,0,8,160,68,45,0,0,0,0,17
8100000,050,false,Rx,0,8,64,1,0,0,0,0,0,65
8100000,0A6,false,Rx,0,8,5,201,5,201,5,201,5,201
8100000,251,false,Rx,0,8,160,132,127,0,0,0,0,163
8100000,260,false,Rx,0,8,160,68,183,0,0,0,0,155
8100000,316,false,Rx,0,8,64,1,0,0,0,0,0,65
8100000,544,false,Rx,0,8,80,0,0,0,0,0,0,0
8100000,4F1,false,Rx,0,8,16,0,0,0,0,0,0,16
8109999,018,false,Rx,0,8,69,48,3,0,0,0,0,120
8109999,02C,false,Rx,0,8,176,68,118,0,0,0,0,106
8109999,050,false,Rx,0,8,64,1,0,0,0,0,0,65
8109999,251,false,Rx,0,8,176,130,48,0,0,0,0,98
8109999,260,false,Rx,0,8,176,68,156,0,0,0,0,144
8119999,018,false,Rx,0,8,69,47,2,0,0,0,0,118
8119999,02C,false,Rx,0,8,192,68,19,0,0,0,0,23
8119999,050,false,Rx,0,8,64,1,0,0,0,0,0,65
8119999,0A6,false,Rx,0,8,5,190,5,190,5,190,5,190
8119999,251,false,Rx,0,8,192,128,236,0,0,0,0,44
8119999,260,false,Rx,0,8,192,68,249,0,0,0,0,253
8119999,316,false,Rx,0,8,64,1,0,0,0,0,0,65
8119999,544,false,Rx,0,8,96,0,0,0,0,0,0,0
8130000,018,false,Rx,0,8,69,45,1,0,0,0,0,115
8130000,02C,false,Rx,0,8,208,68,89,0,0,0,0,109
8130000,050,false,Rx,0,8,64,1,0,0,0,0,0,65
8130000,251,false,Rx,0,8,208,126,52,0,0,0,0,130
8130000,260,false,Rx,0,8,208,68,55,0,0,0,0,75
8140000,018,false,Rx,0,8,69,43,1,0,0,0,0,113
8140000,02C,false,Rx,0,8,224,68,213,0,0,0,0,249
8140000,050,false,Rx,0,8,64,1,0,0,0,0,0,65
8140000,0A6,false,Rx,0,8,5,179,5,179,5,179,5,179
8140000,251,false,Rx,0,8,224,125,71,0,0,0,0,164
8140000,260,false,Rx,0,8,224,68,89,0,0,0,0,125
8140000,316,false,Rx,0,8,64,1,0,0,0,0,0,65
8140000,544,false,Rx,0,8,112,0,0,0,0,0,0,0
8150000,018,false,Rx,0,8,69,42,3,0,0,0,0,114
8150000,02C,false,Rx,0,8,240,68,90,0,0,0,0,142
8150000,050,false,Rx,0,8,64,1,0,0,0,0,0,65
8150000,251,false,Rx,0,8,240,123,62,0,0,0,0,169
8150000,260,false,Rx,0,8,240,68,41,0,0,0,0,93
8160000,018,false,Rx,0,8,69,41,1,0,0,0,0,111
8160000,02C,false,Rx,0,8,0,69,18,0,0,0,0,87
8160000,050,false,Rx,0,8,64,1,0,0,0,0,0,65
8160000,0A6,false,Rx,0,8,5,167,5,167,5,167,5,167
8160000,251,false,Rx,0,8,0,121,6,0,0,0,0,127
8160000,260,false,Rx,0,8,0,68,143,0,0,0,0,211
8160000,316,false,Rx,0,8,64,1,0,0,0,0,0,65
8160000,544,false,Rx,0,8,128,0,0,0,0,0,0,0
8170000,018,false,Rx,0,8,69,40,3,0,0,0,0,112
8170000,02C,false,Rx,0,8,16,69,203,0,0,0,0,32
8170000,050,false,Rx,0,8,64,1,0,0,0,0,0,65
8170000,251,false,Rx,0,8,16,119,31,0,0,0,0,166
8170000,260,false,Rx,0,8,16,68,71,0,0,0,0,155
8180000,018,false,Rx,0,8,69,39,0,0,0,0,0,108
8180000,02C,false,Rx,0,8,32,69,253,0,0,0,0,98
8180000,050,false,Rx,0,8,64,1,0,0,0,0,0,65
8180000,0A6,false,Rx,0,8,5,157,5,157,5,157,5,157
8180000,251,false,Rx,0,8,32,117,113,0,0,0,0,6
8180000,260,false,Rx,0,8,32,68,100,0,0,0,0,200
8180000,316,false,Rx,0,8,64,1,0,0,0,0,0,65
8180000,544,false,Rx,0,8,144,0,0,0,0,0,0,0
8189999,018,false,Rx,0,8,69,38,2,0,0,0,0,109
8189999,02C,false,Rx,0,8,48,70,95,0,0,0,0,213
8189999,050,false,Rx,0,8,64,1,0,0,0,0,0,65
8189999,251,false,Rx,0,8,48,115,66,0,0,0,0,229
8189999,260,false,Rx,0,8,48,68,134,0,0,0,0,250
8199999,018,false,Rx,0,8,69,37,3,0,0,0,0,109
8199999,02C,false,Rx,0,8,64,70,148,0,0,0,0,26
8199999,050,false,Rx,0,8,64,1,0,0,0,0,0,65
8199999,0A6,false,Rx,0,8,5,146,5,146,5,146,5,146
8199999,251,false,Rx,0,8,64,113,101,0,0,0,0,22
8199999,260,false,Rx,0,8,64,68,39,0,0,0,0,171
8199999,316,false,Rx,0,8,64,1,0,0,0,0,0,65
8199999,544,false,Rx,0,8,160,0,0,0,0,0,0,0
8199999,4F1,false,Rx,0,8,32,0,0,0,0,0,0,32
8210000,018,false,Rx,0,8,69,37,3,0,0,0,0,109
8210000,02C,false,Rx,0,8,80,71,19,0,0,0,0,170
8210000,050,false,Rx,0,8,64,1,0,0,0,0,0,65
8210000,251,false,Rx,0,8,80,112,205,0,0,0,0,141
8210000,260,false,Rx,0,8,80,69,38,0,0,0,0,187
8220000,018,false,Rx,0,8,69,36,3,0,0,0,0,108
8220000,02C,false,Rx,0,8,96,72,4,0,0,0,0,172
8220000,050,false,Rx,0,8,64,1,0,0,0,0,0,65
8220000,0A6,false,Rx,0,8,5,136,5,136,5,136,5,136
8220000,251,false,Rx,0,8,96,110,190,0,0,0,0,140
8220000,260,false,Rx,0,8,96,69,9,0,0,0,0,174
8220000,316,false,Rx,0,8,64,1,0,0,0,0,0,65
8220000,544,false,Rx,0,8,176,0,0,0,0,0,0,0
8230000,018,false,Rx,0,8,69,36,1,0,0,0,0,106
8230000,02C,false,Rx,0,8,112,72,152,0,0,0,0,80
8230000,050,false,Rx,0,8,64,1,0,0,0,0,0,65
8230000,251,false,Rx,0,8,112,108,43,0,0,0,0,7
8230000,260,false,Rx,0,8,112,70,15,0,0,0,0,197
8240000,018,false,Rx,0,8,69,36,3,0,0,0,0,108
8240000,02C,false,Rx,0,8,128,73,54,0,0,0,0,255
8240000,050,false,Rx,0,8,64,1,0,0,0,0,0,65
8240000,0A6,false,Rx,0,8,5,126,5,126,5,126,5,126
8240000,251,false,Rx,0,8,128,106,132,0,0,0,0,110
8240000,260,false,Rx,0,8,128,70,207,0,0,0,0,149
8240000,316,false,Rx,0,8,64,1,0,0,0,0,0,65
8240000,544,false,Rx,0,8,192,0,0,0,0,0,0,0
8250000,018,false,Rx,0,8,69,36,0,0,0,0,0,105
8250000,02C,false,Rx,0,8,144,74,171,0,0,0,0,133
8250000,050,false,Rx,0,8,64,1,0,0,0,0,0,65
8250000,251,false,Rx,0,8,144,104,38,0,0,0,0,30
8250000,260,false,Rx,0,8,144,71,108,0,0,0,0,67
8260000,018,false,Rx,0,8,69,36,1,0,0,0,0,106
8260000,02C,false,Rx,0,8,160,75,145,0,0,0,0,124
8260000,050,false,Rx,0,8,64,1,0,0,0,0,0,65
8260000,0A6,false,Rx,0,8,5,117,5,117,5,117,5,117
8260000,251,false,Rx,0,8,160,103,11,0,0,0,0,18
8260000,260,false,Rx,0,8,160,71,18,0,0,0,0,249
8260000,316,false,Rx,0,8,64,1,0,0,0,0,0,65
8260000,544,false,Rx,0,8,208,0,0,0,0,0,0,0
8270000,018,false,Rx,0,8,69,36,2,0,0,0,0,107
8270000,02C,false,Rx,0,8,176,76,232,0,0,0,0,228
8270000,050,false,Rx,0,8,64,1,0,0,0,0,0,65
8270000,251,false,Rx,0,8,176,101,33,0,0,0,0,54
8270000,260,false,Rx,0,8,176,72,133,0,0,0,0,125
8279999,018,false,Rx,0,8,69,36,0,0,0,0,0,105
8279999,02C,false,Rx,0,8,192,77,252,0,0,0,0,9
8279999,050,false,Rx,0,8,64,1,0,0,0,0,0,65
8279999,0A6,false,Rx,0,8,5,108,5,108,5,108,5,108
8279999,251,false,Rx,0,8,192,99,101,0,0,0,0,136
8279999,260,false,Rx,0,8,192,73,241,0,0,0,0,250
8279999,316,false,Rx,0,8,64,1,0,0,0,0,0,65
8279999,544,false,Rx,0,8,224,0,0,0,0,0,0,0
8289999,018,false,Rx,0,8,69,37,3,0,0,0,0,109
8289999,02C,false,Rx,0,8,208,78,68,0,0,0,0,98
8289999,050,false,Rx,0,8,64,1,0,0,0,0,0,65
8289999,251,false,Rx,0,8,208,98,227,0,0,0,0,21
8289999,260,false,Rx,0,8,208,73,76,0,0,0,0,101
8300000,018,false,Rx,0,8,69,37,0,0,0,0,0,106
8300000,02C,false,Rx,0,8,224,79,239,0,0,0,0,30
8300000,050,false,Rx,0,8,64,1,0,0,0,0,0,65
8300000,0A6,false,Rx,0,8,5,99,5,99,5,99,5,99
8300000,251,false,Rx,0,8,224,96,65,0,0,0,0,129
8300000,260,false,Rx,0,8,224,74,187,0,0,0,0,229
8300000,316,false,Rx,0,8,64,1,0,0,0,0,0,65
8300000,544,false,Rx,0,8,240,0,0,0,0,0,0,0
8300000,4F1,false,Rx,0,8,48,0,0,0,0,0,0,48
8310000,018,false,Rx,0,8,69,38,3,0,0,0,0,110
8310000,02C,false,Rx,0,8,240,80,139,0,0,0,0,203
8310000,050,false,Rx,0,8,64,1,0,0,0,0,0,65
8310000,251,false,Rx,0,8,240,94,47,0,0,0,0,125
8310000,260,false,Rx,0,8,240,75,200,0,0,0,0,3
8320000,018,false,Rx,0,8,69,39,0,0,0,0,0,108
8320000,02C,false,Rx,0,8,0,81,98,0,0,0,0,179
8320000,050,false,Rx,0,8,64,1,0,0,0,0,0,65
8320000,0A6,false,Rx,0,8,5,91,5,91,5,91,5,91
8320000,251,false,Rx,0,8,0,93,169,0,0,0,0,6
8320000,260,false,Rx,0,8,0,76,114,0,0,0,0,190
8320000,316,false,Rx,0,8,64,1,0,0,0,0,0,65
8320000,544,false,Rx,0,8,0,0,0,0,0,0,0,0
8330000,018,false,Rx,0,8,69,40,1,0,0,0,0,110
8330000,02C,false,Rx,0,8,16,83,57,0,0,0,0,156
8330000,050,false,Rx,0,8,64,1,0,0,0,0,0,65
8330000,251,false,Rx,0,8,16,91,62,0,0,0,0,169
8330000,260,false,Rx,0,8,16,77,148,0,0,0,0,241
8340000,018,false,Rx,0,8,69,41,3,0,0,0,0,113
8340000,02C,false,Rx,0,8,32,84,169,0,0,0,0,29
8340000,050,false,Rx,0,8,64,1,0,0,0,0,0,65
8340000,0A6,false,Rx,0,8,5,83,5,83,5,83,5,83
8340000,251,false,Rx,0,8,32,90,21,0,0,0,0,143
8340000,260,false,Rx,0,8,32,78,68,0,0,0,0,178
8340000,316,false,Rx,0,8,64,1,0,0,0,0,0,65
8340000,544,false,Rx,0,8,16,0,0,0,0,0,0,0
8350000,018,false,Rx,0,8,69,42,1,0,0,0,0,112
8350000,02C,false,Rx,0,8,48,85,83,0,0,0,0,216
8350000,050,false,Rx,0,8,64,1,0,0,0,0,0,65
8350000,251,false,Rx,0,8,48,88,236,0,0,0,0,116
8350000,260,false,Rx,0,8,48,79,237,0,0,0,0,108
8359999,018,false,Rx,0,8,69,43,0,0,0,0,0,112
8359999,02C,false,Rx,0,8,64,87,234,0,0,0,0,129
8359999,050,false,Rx,0,8,64,1,0,0,0,0,0,65
8359999,0A6,false,Rx,0,8,5,75,5,75,5,75,5,75
8359999,251,false,Rx,0,8,64,87,25,0,0,0,0,176
8359999,260,false,Rx,0,8,64,80,46,0,0,0,0,190
8359999,316,false,Rx,0,8,64,1,0,0,0,0,0,65
8359999,544,false,Rx,0,8,32,0,0,0,0,0,0,0
8369999,018,false,Rx,0,8,69,45,3,0,0,0,0,117
8369999,02C,false,Rx,0,8,80,88,131,0,0,0,0,43
8369999,050,false,Rx,0,8,64,1,0,0,0,0,0,65
8369999,251,false,Rx,0,8,80,86,86,0,0,0,0,252
8369999,260,false,Rx,0,8,80,82,203,0,0,0,0,109
8380000,018,false,Rx,0,8,69,47,2,0,0,0,0,118
8380000,02C,false,Rx,0,8,96,89,95,0,0,0,0,24
8380000,050,false,Rx,0,8,64,1,0,0,0,0,0,65
8380000,0A6,false,Rx,0,8,5,67,5,67,5,67,5,67
8380000,251,false,Rx,0,8,96,84,221,0,0,0,0,145
8380000,260,false,Rx,0,8,96,83,186,0,0,0,0,109
8380000,316,false,Rx,0,8,64,1,0,0,0,0,0,65
8380000,544,false,Rx,0,8,48,0,0,0,0,0,0,0
8390000,018,false,Rx,0,8,69,48,2,0,0,0,0,119
8390000,02C,false,Rx,0,8,112,91,7,0,0,0,0,210
8390000,050,false,Rx,0,8,64,1,0,0,0,0,0,65
8390000,251,false,Rx,0,8,112,83,202,0,0,0,0,141
8390000,260,false,Rx,0,8,112,84,5,0,0,0,0,201
8400000,018,false,Rx,0,8,69,50,3,0,0,0,0,122
8400000,02C,false,Rx,0,8,128,92,172,0,0,0,0,136
8400000,050,false,Rx,0,8,64,1,0,0,0,0,0,65
8400000,0A6,false,Rx,0,8,5,60,5,60,5,60,5,60
8400000,251,false,Rx,0,8,128,82,254,0,0,0,0,208
8400000,260,false,Rx,0,8,128,86,122,0,0,0,0,80
8400000,316,false,Rx,0,8,64,1,0,0,0,0,0,65
8400000,544,false,Rx,0,8,64,0,0,0,0,0,0,0
8400000,4F1,false,Rx,0,8,64,0,0,0,0,0,0,64
8410000,018,false,Rx,0,8,69,52,0,0,0,0,0,121
8410000,02C,false,Rx,0,8,144,94,151,0,0,0,0,133
8410000,050,false,Rx,0,8,64,1,0,0,0,0,0,65
8410000,251,false,Rx,0,8,144,81,15,0,0,0,0,240
8410000,260,false,Rx,0,8,144,87,84,0,0,0,0,59
8420000,018,false,Rx,0,8,69,54,2,0,0,0,0,125
8420000,02C,false,Rx,0,8,160,95,98,0,0,0,0,97
8420000,050,false,Rx,0,8,64,1,0,0,0,0,0,65
8420000,0A6,false,Rx,0,8,5,54,5,54,5,54,5,54
8420000,251,false,Rx,0,8,160,79,195,0,0,0,0,178
8420000,260,false,Rx,0,8,160,88,71,0,0,0,0,63
8420000,316,false,Rx,0,8,64,1,0,0,0,0,0,65
8420000,544,false,Rx,0,8,80,0,0,0,0,0,0,0
8430000,018,false,Rx,0,8,69,57,3,0,0,0,0,129
8430000,02C,false,Rx,0,8,176,97,89,0,0,0,0,106
8430000,050,false,Rx,0,8,64,1,0,0,0,0,0,65
8430000,251,false,Rx,0,8,176,78,218,0,0,0,0,216
8430000,260,false,Rx,0,8,176,90,228,0,0,0,0,238
8440000,018,false,Rx,0,8,69,59,2,0,0,0,0,130
8440000,02C,false,Rx,0,8,192,99,207,0,0,0,0,242
8440000,050,false,Rx,0,8,64,1,0,0,0,0,0,65
8440000,0A6,false,Rx,0,8,5,47,5,47,5,47,5,47
8440000,251,false,Rx,0,8,192,77,88,0,0,0,0,101
8440000,260,false,Rx,0,8,192,91,81,0,0,0,0,108
8440000,316,false,Rx,0,8,64,1,0,0,0,0,0,65
8440000,544,false,Rx,0,8,96,0,0,0,0,0,0,0
8450000,018,false,Rx,0,8,69,61,3,0,0,0,0,133
8450000,02C,false,Rx,0,8,208,100,218,0,0,0,0,14
8450000,050,false,Rx,0,8,64,1,0,0,0,0,0,65
8450000,251,false,Rx,0,8,208,76,181,0,0,0,0,209
8450000,260,false,Rx,0,8,208,93,91,0,0,0,0,136
8460000,018,false,Rx,0,8,69,64,0,0,0,0,0,133
8460000,02C,false,Rx,0,8,224,102,167,0,0,0,0,237
8460000,050,false,Rx,0,8,64,1,0,0,0,0,0,65
8460000,0A6,false,Rx,0,8,5,42,5,42,5,42,5,42
8460000,251,false,Rx,0,8,224,75,109,0,0,0,0,152
8460000,260,false,Rx,0,8,224,94,74,0,0,0,0,136
8460000,316,false,Rx,0,8,64,1,0,0,0,0,0,65
8460000,544,false,Rx,0,8,112,0,0,0,0,0,0,0
8470000,018,false,Rx,0,8,69,67,0,0,0,0,0,136
8470000,02C,false,Rx,0,8,240,104,44,0,0,0,0,132
8470000,050,false,Rx,0,8,64,1,0,0,0,0,0,65
8470000,251,false,Rx,0,8,240,74,95,0,0,0,0,153
8470000,260,false,Rx,0,8,240,96,247,0,0,0,0,71
8480000,018,false,Rx,0,8,69,70,1,0,0,0,0,140
8480000,02C,false,Rx,0,8,0,106,205,0,0,0,0,55
8480000,050,false,Rx,0,8,64,1,0,0,0,0,0,65
8480000,0A6,false,Rx,0,8,5,36,5,36,5,36,5,36
8480000,251,false,Rx,0,8,0,74,140,0,0,0,0,214
8480000,260,false,Rx,0,8,0,97,183,0,0,0,0,24
8480000,316,false,Rx,0,8,64,1,0,0,0,0,0,65
8480000,544,false,Rx,0,8,128,0,0,0,0,0,0,0
8490000,018,false,Rx,0,8,69,73,2,0,0,0,0,144
8490000,02C,false,Rx,0,8,16,107,48,0,0,0,0,171
8490000,050,false,Rx,0,8,64,1,0,0,0,0,0,65
8490000,251,false,Rx,0,8,16,73,143,0,0,0,0,232
8490000,260,false,Rx,0,8,16,99,20,0,0,0,0,135
8500000,018,false,Rx,0,8,69,76,1,0,0,0,0,146
8500000,02C,false,Rx,0,8,32,109,94,0,0,0,0,235
8500000,050,false,Rx,0,8,64,1,0,0,0,0,0,65
8500000,0A6,false,Rx,0,8,5,31,5,31,5,31,5,31
8500000,251,false,Rx,0,8,32,72,228,0,0,0,0,76
8500000,260,false,Rx,0,8,32,101,112,0,0,0,0,245
8500000,316,false,Rx,0,8,64,1,0,0,0,0,0,65
8500000,544,false,Rx,0,8,144,0,0,0,0,0,0,0
8500000,4F1,false,Rx,0,8,80,0,0,0,0,0,0,80
8510000,018,false,Rx,0,8,69,79,0,0,0,0,0,148
8510000,02C,false,Rx,0,8,48,111,71,0,0,0,0,230
8510000,050,false,Rx,0,8,64,1,0,0,0,0,0,65
8510000,251,false,Rx,0,8,48,71,76,0,0,0,0,195
8510000,260,false,Rx,0,8,48,103,249,0,0,0,0,144
8520000,018,false,Rx,0,8,69,82,3,0,0,0,0,154
8520000,02C,false,Rx,0,8,64,113,244,0,0,0,0,165
8520000,050,false,Rx,0,8,64,1,0,0,0,0,0,65
8520000,0A6,false,Rx,0,8,5,26,5,26,5,26,5,26
8520000,251,false,Rx,0,8,64,71,17,0,0,0,0,152
8520000,260,false,Rx,0,8,64,104,118,0,0,0,0,30
8520000,316,false,Rx,0,8,64,1,0,0,0,0,0,65
8520000,544,false,Rx,0,8,160,0,0,0,0,0,0,0
8530000,018,false,Rx,0,8,69,86,0,0,0,0,0,155
8530000,02C,false,Rx,0,8,80,115,165,0,0,0,0,104
8530000,050,false,Rx,0,8,64,1,0,0,0,0,0,65
8530000,251,false,Rx,0,8,80,70,125,0,0,0,0,19
8530000,260,false,Rx,0,8,80,106,32,0,0,0,0,218
8540000,018,false,Rx,0,8,69,89,0,0,0,0,0,158
8540000,02C,false,Rx,0,8,96,116,127,0,0,0,0,83
8540000,050,false,Rx,0,8,64,1,0,0,0,0,0,65
8540000,0A6,false,Rx,0,8,5,22,5,22,5,22,5,22
8540000,251,false,Rx,0,8,96,70,151,0,0,0,0,61
8540000,260,false,Rx,0,8,96,108,135,0,0,0,0,83
8540000,316,false,Rx,0,8,64,1,0,0,0,0,0,65
8540000,544,false,Rx,0,8,176,0,0,0,0,0,0,0
8550000,018,false,Rx,0,8,69,93,3,0,0,0,0,165
8550000,02C,false,Rx,0,8,112,118,3,0,0,0,0,233
8550000,050,false,Rx,0,8,64,1,0,0,0,0,0,65
8550000,251,false,Rx,0,8,112,69,255,0,0,0,0,180
8550000,260,false,Rx,0,8,112,110,189,0,0,0,0,155
8560000,018,false,Rx,0,8,69,97,1,0,0,0,0,167
8560000,02C,false,Rx,0,8,128,120,133,0,0,0,0,125
8560000,050,false,Rx,0,8,64,1,0,0,0,0,0,65
8560000,0A6,false,Rx,0,8,5,18,5,18,5,18,5,18
8560000,251,false,Rx,0,8,128,69,210,0,0,0,0,151
8560000,260,false,Rx,0,8,128,111,119,0,0,0,0,102
8560000,316,false,Rx,0,8,64,1,0,0,0,0,0,65
8560000,544,false,Rx,0,8,192,0,0,0,0,0,0,0
8570000,018,false,Rx,0,8,69,100,2,0,0,0,0,171
8570000,02C,false,Rx,0,8,144,122,196,0,0,0,0,206
8570000,050,false,Rx,0,8,64,1,0,0,0,0,0,65
8570000,251,false,Rx,0,8,144,68,245,0,0,0,0,201
8570000,260,false,Rx,0,8,144,113,21,0,0,0,0,22
8580000,018,false,Rx,0,8,69,104,0,0,0,0,0,173
8580000,02C,false,Rx,0,8,160,124,120,0,0,0,0,148
8580000,050,false,Rx,0,8,64,1,0,0,0,0,0,65
8580000,0A6,false,Rx,0,8,5,14,5,14,5,14,5,14
8580000,251,false,Rx,0,8,160,68,31,0,0,0,0,3
8580000,260,false,Rx,0,8,160,115,105,0,0,0,0,124
8580000,316,false,Rx,0,8,64,1,0,0,0,0,0,65
8580000,544,false,Rx,0,8,208,0,0,0,0,0,0,0
8590000,018,false,Rx,0,8,69,108,0,0,0,0,0,177
8590000,02C,false,Rx,0,8,176,126,228,0,0,0,0,18
8590000,050,false,Rx,0,8,64,1,0,0,0,0,0,65
8590000,251,false,Rx,0,8,176,68,44,0,0,0,0,32
8590000,260,false,Rx,0,8,176,117,184,0,0,0,0,221
8600000,018,false,Rx,0,8,69,113,2,0,0,0,0,184
8600000,02C,false,Rx,0,8,192,128,136,0,0,0,0,200
8600000,050,false,Rx,0,8,64,1,0,0,0,0,0,65
8600000,0A6,false,Rx,0,8,5,11,5,11,5,11,5,11
8600000,251,false,Rx,0,8,192,68,143,0,0,0,0,147
8600000,260,false,Rx,0,8,192,119,198,0,0,0,0,253
8600000,316,false,Rx,0,8,64,1,0,0,0,0,0,65
8600000,544,false,Rx,0,8,224,0,0,0,0,0,0,0
8600000,4F1,false,Rx,0,8,96,0,0,0,0,0,0,96
8610000,018,false,Rx,0,8,69,117,0,0,0,0,0,186
8610000,02C,false,Rx,0,8,208,129,168,0,0,0,0,249
8610000,050,false,Rx,0,8,64,1,0,0,0,0,0,65
8610000,251,false,Rx,0,8,208,68,196,0,0,0,0,216
8610000,260,false,Rx,0,8,208,121,240,0,0,0,0,57
8620000,018,false,Rx,0,8,69,121,2,0,0,0,0,192
8620000,02C,false,Rx,0,8,224,131,154,0,0,0,0,253
8620000,050,false,Rx,0,8,64,1,0,0,0,0,0,65
8620000,0A6,false,Rx,0,8,5,8,5,8,5,8,5,8
8620000,251,false,Rx,0,8,224,68,70,0,0,0,0,106
8620000,260,false,Rx,0,8,224,122,232,0,0,0,0,66
8620000,316,false,Rx,0,8,64,1,0,0,0,0,0,65
8620000,544,false,Rx,0,8,240,0,0,0,0,0,0,0
8630000,018,false,Rx,0,8,69,126,2,0,0,0,0,197
8630000,02C,false,Rx,0,8,240,133,5,0,0,0,0,122
8630000,050,false,Rx,0,8,64,1,0,0,0,0,0,65
8630000,251,false,Rx,0,8,240,68,214,0,0,0,0,10
8630000,260,false,Rx,0,8,240,124,23,0,0,0,0,131
8640000,018,false,Rx,0,8,69,130,2,0,0,0,0,201
8640000,02C,false,Rx,0,8,0,135,133,0,0,0,0,12
8640000,050,false,Rx,0,8,64,1,0,0,0,0,0,65
8640000,0A6,false,Rx,0,8,5,6,5,6,5,6,5,6
8640000,251,false,Rx,0,8,0,68,102,0,0,0,0,170
8640000,260,false,Rx,0,8,0,126,20,0,0,0,0,146
8640000,316,false,Rx,0,8,64,1,0,0,0,0,0,65
8640000,544,false,Rx,0,8,0,0,0,0,0,0,0,0
8650000,018,false,Rx,0,8,69,135,3,0,0,0,0,207
8650000,02C,false,Rx,0,8,16,137,184,0,0,0,0,81
8650000,050,false,Rx,0,8,64,1,0,0,0,0,0,65
8650000,251,false,Rx,0,8,16,68,127,0,0,0,0,211
8650000,260,false,Rx,0,8,16,128,165,0,0,0,0,53
8660000,018,false,Rx,0,8,69,139,1,0,0,0,0,209
8660000,02C,false,Rx,0,8,32,139,120,0,0,0,0,35
8660000,050,false,Rx,0,8,64,1,0,0,0,0,0,65
8660000,0A6,false,Rx,0,8,5,4,5,4,5,4,5,4
8660000,251,false,Rx,0,8,32,68,9,0,0,0,0,109
8660000,260,false,Rx,0,8,32,130,52,0,0,0,0,214
8660000,316,false,Rx,0,8,64,1,0,0,0,0,0,65
8660000,544,false,Rx,0,8,16,0,0,0,0,0,0,0
8670000,018,false,Rx,0,8,69,144,1,0,0,0,0,214
8670000,02C,false,Rx,0,8,48,141,31,0,0,0,0,220
8670000,050,false,Rx,0,8,64,1,0,0,0,0,0,65
8670000,251,false,Rx,0,8,48,68,195,0,0,0,0,55
8670000,260,false,Rx,0,8,48,132,140,0,0,0,0,64
8680000,018,false,Rx,0,8,69,149,3,0,0,0,0,221
8680000,02C,false,Rx,0,8,64,143,60,0,0,0,0,11
8680000,050,false,Rx,0,8,64,1,0,0,0,0,0,65
8680000,0A6,false,Rx,0,8,5,2,5,2,5,2,5,2
8680000,251,false,Rx,0,8,64,68,183,0,0,0,0,59
8680000,260,false,Rx,0,8,64,134,134,0,0,0,0,76
8680000,316,false,Rx,0,8,64,1,0,0,0,0,0,65
8680000,544,false,Rx,0,8,32,0,0,0,0,0,0,0
8690000,018,false,Rx,0,8,69,154,1,0,0,0,0,224
8690000,02C,false,Rx,0,8,80,144,238,0,0,0,0,206
8690000,050,false,Rx,0,8,64,1,0,0,0,0,0,65
8690000,251,false,Rx,0,8,80,69,245,0,0,0,0,138
8690000,260,false,Rx,0,8,80,136,89,0,0,0,0,49
8700000,018,false,Rx,0,8,69,159,1,0,0,0,0,229
8700000,02C,false,Rx,0,8,96,146,157,0,0,0,0,143
8700000,050,false,Rx,0,8,64,1,0,0,0,0,0,65
8700000,0A6,false,Rx,0,8,5,1,5,1,5,1,5,1
8700000,251,false,Rx,0,8,96,69,248,0,0,0,0,157
8700000,260,false,Rx,0,8,96,137,192,0,0,0,0,169
8700000,316,false,Rx,0,8,64,1,0,0,0,0,0,65
8700000,544,false,Rx,0,8,48,0,0,0,0,0,0,0
8700000,4F1,false,Rx,0,8,112,0,0,0,0,0,0,112
8710000,018,false,Rx,0,8,69,164,1,0,0,0,0,234
8710000,02C,false,Rx,0,8,112,148,81,0,0,0,0,85
8710000,050,false,Rx,0,8,64,1,0,0,0,0,0,65
8710000,251,false,Rx,0,8,112,70,176,0,0,0,0,102
8710000,260,false,Rx,0,8,112,139,193,0,0,0,0,188
8720000,018,false,Rx,0,8,69,169,0,0,0,0,0,238
8720000,02C,false,Rx,0,8,128,150,207,0,0,0,0,229
8720000,050,false,Rx,0,8,64,1,0,0,0,0,0,65
8720000,0A6,false,Rx,0,8,5,0,5,0,5,0,5,0
8720000,251,false,Rx,0,8,128,70,164,0,0,0,0,106
8720000,260,false,Rx,0,8,128,141,187,0,0,0,0,200
8720000,316,false,Rx,0,8,64,1,0,0,0,0,0,65
8720000,544,false,Rx,0,8,64,0,0,0,0,0,0,0
8730000,018,false,Rx,0,8,69,175,3,0,0,0,0,247
8730000,02C,false,Rx,0,8,144,151,159,0,0,0,0,198
8730000,050,false,Rx,0,8,64,1,0,0,0,0,0,65
8730000,251,false,Rx,0,8,144,71,198,0,0,0,0,157
8730000,260,false,Rx,0,8,144,143,39,0,0,0,0,70
8740000,018,false,Rx,0,8,69,180,1,0,0,0,0,250
8740000,02C,false,Rx,0,8,160,153,60,0,0,0,0,117
8740000,050,false,Rx,0,8,64,1,0,0,0,0,0,65
8740000,0A6,false,Rx,0,8,5,0,5,0,5,0,5,0
8740000,251,false,Rx,0,8,160,71,138,0,0,0,0,113
8740000,260,false,Rx,0,8,160,145,128,0,0,0,0,177
8740000,316,false,Rx,0,8,64,1,0,0,0,0,0,65
8740000,544,false,Rx,0,8,80,0,0,0,0,0,0,0
8750000,018,false,Rx,0,8,69,186,3,0,0,0,0,2
8750000,02C,false,Rx,0,8,176,155,151,0,0,0,0,226
8750000,050,false,Rx,0,8,64,1,0,0,0,0,0,65
8750000,251,false,Rx,0,8,176,72,92,0,0,0,0,84
8750000,260,false,Rx,0,8,176,147,192,0,0,0,0,3
8760000,018,false,Rx,0,8,69,191,1,0,0,0,0,5
8760000,02C,false,Rx,0,8,192,156,188,0,0,0,0,24
8760000,050,false,Rx,0,8,64,1,0,0,0,0,0,65
8760000,0A6,false,Rx,0,8,5,0,5,0,5,0,5,0
8760000,251,false,Rx,0,8,192,73,13,0,0,0,0,22
8760000,260,false,Rx,0,8,192,148,114,0,0,0,0,198
8760000,316,false,Rx,0,8,64,1,0,0,0,0,0,65
8760000,544,false,Rx,0,8,96,0,0,0,0,0,0,0
8770000,018,false,Rx,0,8,69,197,1,0,0,0,0,11
8770000,02C,false,Rx,0,8,208,158,113,0,0,0,0,223
8770000,050,false,Rx,0,8,64,1,0,0,0,0,0,65
8770000,251,false,Rx,0,8,208,74,163,0,0,0,0,189
8770000,260,false,Rx,0,8,208,150,207,0,0,0,0,53
8780000,018,false,Rx,0,8,69,202,3,0,0,0,0,18
8780000,02C,false,Rx,0,8,224,160,112,0,0,0,0,240
8780000,050,false,Rx,0,8,64,1,0,0,0,0,0,65
8780000,0A6,false,Rx,0,8,5,0,5,0,5,0,5,0
8780000,251,false,Rx,0,8,224,75,112,0,0,0,0,155
8780000,260,false,Rx,0,8,224,152,180,0,0,0,0,44
8780000,316,false,Rx,0,8,64,1,0,0,0,0,0,65
8780000,544,false,Rx,0,8,112,0,0,0,0,0,0,0
8790000,018,false,Rx,0,8,69,208,2,0,0,0,0,23
8790000,02C,false,Rx,0,8,240,161,68,0,0,0,0,213
8790000,050,false,Rx,0,8,64,1,0,0,0,0,0,65
8790000,251,false,Rx,0,8,240,75,15,0,0,0,0,74
8790000,260,false,Rx,0,8,240,154,176,0,0,0,0,58
8800000,018,false,Rx,0,8,69,213,3,0,0,0,0,29
8800000,02C,false,Rx,0,8,0,163,244,0,0,0,0,151
8800000,050,false,Rx,0,8,64,1,0,0,0,0,0,65
8800000,0A6,false,Rx,0,8,5,1,5,1,5,1,5,1
8800000,251,false,Rx,0,8,0,76,143,0,0,0,0,219
8800000,260,false,Rx,0,8,0,155,249,0,0,0,0,148
8800000,316,false,Rx,0,8,64,1,0,0,0,0,0,65
8800000,544,false,Rx,0,8,128,0,0,0,0,0,0,0
8800000,4F1,false,Rx,0,8,128,0,0,0,0,0,0,128
8810000,018,false,Rx,0,8,69,219,2,0,0,0,0,34
8810000,02C,false,Rx,0,8,16,164,78,0,0,0,0,2
8810000,050,false,Rx,0,8,64,1,0,0,0,0,0,65
8810000,251,false,Rx,0,8,16,77,29,0,0,0,0,122
8810000,260,false,Rx,0,8,16,157,246,0,0,0,0,163
8820000,018,false,Rx,0,8,69,225,0,0,0,0,0,38
8820000,02C,false,Rx,0,8,32,166,232,0,0,0,0,174
8820000,050,false,Rx,0,8,64,1,0,0,0,0,0,65
8820000,0A6,false,Rx,0,8,5,2,5,2,5,2,5,2
8820000,251,false,Rx,0,8,32,78,241,0,0,0,0,95
8820000,260,false,Rx,0,8,32,159,3,0,0,0,0,194
8820000,316,false,Rx,0,8,64,1,0,0,0,0,0,65
8820000,544,false,Rx,0,8,144,0,0,0,0,0,0,0
8830000,018,false,Rx,0,8,69,231,3,0,0,0,0,47
8830000,02C,false,Rx,0,8,48,167,191,0,0,0,0,150
8830000,050,false,Rx,0,8,64,1,0,0,0,0,0,65
8830000,251,false,Rx,0,8,48,80,183,0,0,0,0,55
8830000,260,false,Rx,0,8,48,160,71,0,0,0,0,23
8840000,018,false,Rx,0,8,69,237,2,0,0,0,0,52
8840000,02C,false,Rx,0,8,64,169,212,0,0,0,0,189
8840000,050,false,Rx,0,8,64,1,0,0,0,0,0,65
8840000,0A6,false,Rx,0,8,5,4,5,4,5,4,5,4
8840000,251,false,Rx,0,8,64,81,119,0,0,0,0,8
8840000,260,false,Rx,0,8,64,162,225,0,0,0,0,195
8840000,316,false,Rx,0,8,64,1,0,0,0,0,0,65
8840000,544,false,Rx,0,8,160,0,0,0,0,0,0,0
8850000,018,false,Rx,0,8,69,243,1,0,0,0,0,57
8850000,02C,false,Rx,0,8,80,170,241,0,0,0,0,235
8850000,050,false,Rx,0,8,64,1,0,0,0,0,0,65
8850000,251,false,Rx,0,8,80,82,81,0,0,0,0,243
8850000,260,false,Rx,0,8,80,163,84,0,0,0,0,71
8860000,018,false,Rx,0,8,69,249,0,0,0,0,0,62
8860000,02C,false,Rx,0,8,96,171,111,0,0,0,0,122
8860000,050,false,Rx,0,8,64,1,0,0,0,0,0,65
8860000,0A6,false,Rx,0,8,5,6,5,6,5,6,5,6
8860000,251,false,Rx,0,8,96,83,51,0,0,0,0,230
8860000,260,false,Rx,0,8,96,165,117,0,0,0,0,122
8860000,316,false,Rx,0,8,64,1,0,0,0,0,0,65
8860000,544,false,Rx,0,8,176,0,0,0,0,0,0,0
8870000,018,false,Rx,0,8,69,255,3,0,0,0,0,71
8870000,02C,false,Rx,0,8,112,173,126,0,0,0,0,155
8870000,050,false,Rx,0,8,64,1,0,0,0,0,0,65
8870000,251,false,Rx,0,8,112,85,126,0,0,0,0,67
8870000,260,false,Rx,0,8,112,166,39,0,0,0,0,61
8880000,018,false,Rx,0,8,70,5,2,0,0,0,0,77
8880000,02C,false,Rx,0,8,128,174,41,0,0,0,0,87
8880000,050,false,Rx,0,8,64,1,0,0,0,0,0,65
8880000,0A6,false,Rx,0,8,5,8,5,8,5,8,5,8
8880000,251,false,Rx,0,8,128,86,123,0,0,0,0,81
8880000,260,false,Rx,0,8,128,168,143,0,0,0,0,183
8880000,316,false,Rx,0,8,64,1,0,0,0,0,0,65
8880000,544,false,Rx,0,8,192,0,0,0,0,0,0,0
8890000,018,false,Rx,0,8,70,11,2,0,0,0,0,83
8890000,02C,false,Rx,0,8,144,175,228,0,0,0,0,35
8890000,050,false,Rx,0,8,64,1,0,0,0,0,0,65
8890000,251,false,Rx,0,8,144,87,136,0,0,0,0,111
8890000,260,false,Rx,0,8,144,169,108,0,0,0,0,165
8900000,018,false,Rx,0,8,70,17,3,0,0,0,0,90
8900000,02C,false,Rx,0,8,160,176,185,0,0,0,0,9
8900000,050,false,Rx,0,8,64,1,0,0,0,0,0,65
8900000,0A6,false,Rx,0,8,5,11,5,11,5,11,5,11
8900000,251,false,Rx,0,8,160,89,28,0,0,0,0,21
8900000,260,false,Rx,0,8,160,170,76,0,0,0,0,150
8900000,316,false,Rx,0,8,64,1,0,0,0,0,0,65
8900000,544,false,Rx,0,8,208,0,0,0,0,0,0,0
8900000,4F1,false,Rx,0,8,144,0,0,0,0,0,0,144
8910000,018,false,Rx,0,8,70,23,2,0,0,0,0,95
8910000,02C,false,Rx,0,8,176,177,39,0,0,0,0,136
8910000,050,false,Rx,0,8,64,1,0,0,0,0,0,65
8910000,251,false,Rx,0,8,176,90,112,0,0,0,0,122
8910000,260,false,Rx,0,8,176,172,95,0,0,0,0,187
8920000,018,false,Rx,0,8,70,29,3,0,0,0,0,102
8920000,02C,false,Rx,0,8,192,178,57,0,0,0,0,171
8920000,050,false,Rx,0,8,64,1,0,0,0,0,0,65
8920000,0A6,false,Rx,0,8,5,14,5,14,5,14,5,14
8920000,251,false,Rx,0,8,192,92,198,0,0,0,0,226
8920000,260,false,Rx,0,8,192,173,80,0,0,0,0,189
8920000,316,false,Rx,0,8,64,1,0,0,0,0,0,65
8920000,544,false,Rx,0,8,224,0,0,0,0,0,0,0
8930000,018,false,Rx,0,8,70,36,2,0,0,0,0,108
8930000,02C,false,Rx,0,8,208,179,31,0,0,0,0,162
8930000,050,false,Rx,0,8,64,1,0,0,0,0,0,65
8930000,251,false,Rx,0,8,208,93,181,0,0,0,0,226
8930000,260,false,Rx,0,8,208,174,185,0,0,0,0,55
8940000,018,false,Rx,0,8,70,42,1,0,0,0,0,113
8940000,02C,false,Rx,0,8,224,180,103,0,0,0,0,251
8940000,050,false,Rx,0,8,64,1,0,0,0,0,0,65
8940000,0A6,false,Rx,0,8,5,18,5,18,5,18,5,18
8940000,251,false,Rx,0,8,224,95,88,0,0,0,0,151
8940000,260,false,Rx,0,8,224,175,60,0,0,0,0,203
8940000,316,false,Rx,0,8,64,1,0,0,0,0,0,65
8940000,544,false,Rx,0,8,240,0,0,0,0,0,0,0
8950000,018,false,Rx,0,8,70,48,3,0,0,0,0,121
8950000,02C,false,Rx,0,8,240,181,76,0,0,0,0,241
8950000,050,false,Rx,0,8,64,1,0,0,0,0,0,65
8950000,251,false,Rx,0,8,240,96,90,0,0,0,0,170
8950000,260,false,Rx,0,8,240,176,117,0,0,0,0,21
8960000,018,false,Rx,0,8,70,54,3,0,0,0,0,127
8960000,02C,false,Rx,0,8,0,182,84,0,0,0,0,10
8960000,050,false,Rx,0,8,64,1,0,0,0,0,0,65
8960000,0A6,false,Rx,0,8,5,22,5,22,5,22,5,22
8960000,251,false,Rx,0,8,0,98,121,0,0,0,0,219
8960000,260,false,Rx,0,8,0,177,212,0,0,0,0,133
8960000,316,false,Rx,0,8,64,1,0,0,0,0,0,65
8960000,544,false,Rx,0,8,0,0,0,0,0,0,0,0
8970000,018,false,Rx,0,8,70,61,0,0,0,0,0,131
8970000,02C,false,Rx,0,8,16,183,167,0,0,0,0,110
8970000,050,false,Rx,0,8,64,1,0,0,0,0,0,65
8970000,251,false,Rx,0,8,16,100,162,0,0,0,0,22
8970000,260,false,Rx,0,8,16,178,169,0,0,0,0,107
8980000,018,false,Rx,0,8,70,67,1,0,0,0,0,138
8980000,02C,false,Rx,0,8,32,183,226,0,0,0,0,185
8980000,050,false,Rx,0,8,64,1,0,0,0,0,0,65
8980000,0A6,false,Rx,0,8,5,26,5,26,5,26,5,26
8980000,251,false,Rx,0,8,32,101,183,0,0,0,0,60
8980000,260,false,Rx,0,8,32,179,58,0,0,0,0,13
8980000,316,false,Rx,0,8,64,1,0,0,0,0,0,65
8980000,544,false,Rx,0,8,16,0,0,0,0,0,0,0
8990000,018,false,Rx,0,8,70,73,3,0,0,0,0,146
8990000,02C,false,Rx,0,8,48,184,59,0,0,0,0,35
8990000,050,false,Rx,0,8,64,1,0,0,0,0,0,65
8990000,251,false,Rx,0,8,48,103,14,0,0,0,0,165
8990000,260,false,Rx,0,8,48,180,246,0,0,0,0,218
9000000,018,false,Rx,0,8,70,80,2,0,0,0,0,152
9000000,02C,false,Rx,0,8,64,185,105,0,0,0,0,98
9000000,050,false,Rx,0,8,64,1,0,0,0,0,0,65
9000000,0A6,false,Rx,0,8,5,31,5,31,5,31,5,31
9000000,251,false,Rx,0,8,64,105,180,0,0,0,0,93
9000000,260,false,Rx,0,8,64,181,245,0,0,0,0,234
9000000,316,false,Rx,0,8,64,1,0,0,0,0,0,65
9000000,544,false,Rx,0,8,32,0,0,0,0,0,0,0
9000000,593,false,Rx,0,8,178,180,179,181,0,0,0,0
9000000,4F1,false,Rx,0,8,160,0,0,0,0,0,0,160
9010000,018,false,Rx,0,8,70,86,2,0,0,0,0,158
9010000,02C,false,Rx,0,8,80,185,250,0,0,0,0,3
9010000,050,false,Rx,0,8,64,1,0,0,0,0,0,65
9010000,251,false,Rx,0,8,80,106,72,0,0,0,0,2
9010000,260,false,Rx,0,8,80,182,245,0,0,0,0,251
9020000,018,false,Rx,0,8,70,92,2,0,0,0,0,164
9020000,02C,false,Rx,0,8,96,186,46,0,0,0,0,72
9020000,050,false,Rx,0,8,64,1,0,0,0,0,0,65
9020000,0A6,false,Rx,0,8,5,36,5,36,5,36,5,36
9020000,251,false,Rx,0,8,96,108,96,0,0,0,0,44
9020000,260,false,Rx,0,8,96,183,107,0,0,0,0,130
9020000,316,false,Rx,0,8,64,1,0,0,0,0,0,65
9020000,544,false,Rx,0,8,48,0,0,0,0,0,0,0
9030000,018,false,Rx,0,8,70,98,0,0,0,0,0,168
9030000,02C,false,Rx,0,8,112,186,228,0,0,0,0,14
9030000,050,false,Rx,0,8,64,1,0,0,0,0,0,65
9030000,251,false,Rx,0,8,112,110,252,0,0,0,0,218
9030000,260,false,Rx,0,8,112,184,82,0,0,0,0,122
9040000,018,false,Rx,0,8,70,105,3,0,0,0,0,178
9040000,02C,false,Rx,0,8,128,186,28,0,0,0,0,86
9040000,050,false,Rx,0,8,64,1,0,0,0,0,0,65
9040000,0A6,false,Rx,0,8,5,42,5,42,5,42,5,42
9040000,251,false,Rx,0,8,128,112,158,0,0,0,0,142
9040000,260,false,Rx,0,8,128,184,210,0,0,0,0,10
9040000,316,false,Rx,0,8,64,1,0,0,0,0,0,65
9040000,544,false,Rx,0,8,64,0,0,0,0,0,0,0
9050000,018,false,Rx,0,8,70,111,2,0,0,0,0,183
9050000,02C,false,Rx,0,8,144,187,232,0,0,0,0,51
9050000,050,false,Rx,0,8,64,1,0,0,0,0,0,65
9050000,251,false,Rx,0,8,144,114,89,0,0,0,0,91
9050000,260,false,Rx,0,8,144,185,11,0,0,0,0,84
9060000,018,false,Rx,0,8,70,117,0,0,0,0,0,187
9060000,02C,false,Rx,0,8,160,187,67,0,0,0,0,158
9060000,050,false,Rx,0,8,64,1,0,0,0,0,0,65
9060000,0A6,false,Rx,0,8,5,47,5,47,5,47,5,47
9060000,251,false,Rx,0,8,160,115,251,0,0,0,0,14
9060000,260,false,Rx,0,8,160,185,124,0,0,0,0,213
9060000,316,false,Rx,0,8,64,1,0,0,0,0,0,65
9060000,544,false,Rx,0,8,80,0,0,0,0,0,0,0
9070000,018,false,Rx,0,8,70,123,0,0,0,0,0,193
9070000,02C,false,Rx,0,8,176,187,212,0,0,0,0,63
9070000,050,false,Rx,0,8,64,1,0,0,0,0,0,65
9070000,251,false,Rx,0,8,176,117,19,0,0,0,0,56
9070000,260,false,Rx,0,8,176,186,22,0,0,0,0,128
9080000,018,false,Rx,0,8,70,130,3,0,0,0,0,203
9080000,02C,false,Rx,0,8,192,187,233,0,0,0,0,100
9080000,050,false,Rx,0,8,64,1,0,0,0,0,0,65
9080000,0A6,false,Rx,0,8,5,54,5,54,5,54,5,54
9080000,251,false,Rx,0,8,192,119,46,0,0,0,0,101
9080000,260,false,Rx,0,8,192,186,65,0,0,0,0,187
9080000,316,false,Rx,0,8,64,1,0,0,0,0,0,65
9080000,544,false,Rx,0,8,96,0,0,0,0,0,0,0
9090000,018,false,Rx,0,8,70,136,2,0,0,0,0,208
9090000,02C,false,Rx,0,8,208,187,29,0,0,0,0,168
9090000,050,false,Rx,0,8,64,1,0,0,0,0,0,65
9090000,251,false,Rx,0,8,208,121,28,0,0,0,0,101
9090000,260,false,Rx,0,8,208,187,82,0,0,0,0,221
9100000,018,false,Rx,0,8,70,142,1,0,0,0,0,213
9100000,02C,false,Rx,0,8,224,187,236,0,0,0,0,135
9100000,050,false,Rx,0,8,64,1,0,0,0,0,0,65
9100000,0A6,false,Rx,0,8,5,60,5,60,5,60,5,60
9100000,251,false,Rx,0,8,224,123,119,0,0,0,0,210
9100000,260,false,Rx,0,8,224,187,68,0,0,0,0,223
9100000,316,false,Rx,0,8,64,1,0,0,0,0,0,65
9100000,544,false,Rx,0,8,112,0,0,0,0,0,0,0
9100000,4F1,false,Rx,0,8,176,0,0,0,0,0,0,176
9110000,018,false,Rx,0,8,70,148,2,0,0,0,0,220
9110000,02C,false,Rx,0,8,240,187,157,0,0,0,0,72
9110000,050,false,Rx,0,8,64,1,0,0,0,0,0,65
9110000,251,false,Rx,0,8,240,125,112,0,0,0,0,221
9110000,260,false,Rx,0,8,240,187,20,0,0,0,0,191
9120000,018,false,Rx,0,8,70,154,1,0,0,0,0,225
9120000,02C,false,Rx,0,8,0,187,11,0,0,0,0,198
9120000,050,false,Rx,0,8,64,1,0,0,0,0,0,65
9120000,0A6,false,Rx,0,8,5,67,5,67,5,67,5,67
9120000,251,false,Rx,0,8,0,127,10,0,0,0,0,137
9120000,260,false,Rx,0,8,0,187,75,0,0,0,0,6
9120000,316,false,Rx,0,8,64,1,0,0,0,0,0,65
9120000,544,false,Rx,0,8,128,0,0,0,0,0,0,0
9130000,018,false,Rx,0,8,70,160,1,0,0,0,0,231
9130000,02C,false,Rx,0,8,16,187,202,0,0,0,0,149
9130000,050,false,Rx,0,8,64,1,0,0,0,0,0,65
9130000,251,false,Rx,0,8,16,129,244,0,0,0,0,133
9130000,260,false,Rx,0,8,16,187,28,0,0,0,0,231
9140000,018,false,Rx,0,8,70,166,2,0,0,0,0,238
9140000,02C,false,Rx,0,8,32,187,130,0,0,0,0,93
9140000,050,false,Rx,0,8,64,1,0,0,0,0,0,65
9140000,0A6,false,Rx,0,8,5,75,5,75,5,75,5,75
9140000,251,false,Rx,0,8,32,130,0,0,0,0,0,162
9140000,260,false,Rx,0,8,32,187,85,0,0,0,0,48
9140000,316,false,Rx,0,8,64,1,0,0,0,0,0,65
9140000,544,false,Rx,0,8,144,0,0,0,0,0,0,0
9150000,018,false,Rx,0,8,70,172,1,0,0,0,0,243
9150000,02C,false,Rx,0,8,48,187,1,0,0,0,0,236
9150000,050,false,Rx,0,8,64,1,0,0,0,0,0,65
9150000,251,false,Rx,0,8,48,132,169,0,0,0,0,93
9150000,260,false,Rx,0,8,48,187,132,0,0,0,0,111
9160000,018,false,Rx,0,8,70,178,0,0,0,0,0,248
9160000,02C,false,Rx,0,8,64,186,111,0,0,0,0,105
9160000,050,false,Rx,0,8,64,1,0,0,0,0,0,65
9160000,0A6,false,Rx,0,8,5,83,5,83,5,83,5,83
9160000,251,false,Rx,0,8,64,134,103,0,0,0,0,45
9160000,260,false,Rx,0,8,64,187,92,0,0,0,0,87
9160000,316,false,Rx,0,8,64,1,0,0,0,0,0,65
9160000,544,false,Rx,0,8,160,0,0,0,0,0,0,0
9170000,018,false,Rx,0,8,70,184,0,0,0,0,0,254
9170000,02C,false,Rx,0,8,80,186,37,0,0,0,0,47
9170000,050,false,Rx,0,8,64,1,0,0,0,0,0,65
9170000,251,false,Rx,0,8,80,136,66,0,0,0,0,26
9170000,260,false,Rx,0,8,80,187,207,0,0,0,0,218
9180000,018,false,Rx,0,8,70,190,2,0,0,0,0,6
9180000,02C,false,Rx,0,8,96,186,23,0,0,0,0,49
9180000,050,false,Rx,0,8,64,1,0,0,0,0,0,65
9180000,0A6,false,Rx,0,8,5,91,5,91,5,91,5,91
9180000,251,false,Rx,0,8,96,138,174,0,0,0,0,152
9180000,260,false,Rx,0,8,96,187,9,0,0,0,0,36
9180000,316,false,Rx,0,8,64,1,0,0,0,0,0,65
9180000,544,false,Rx,0,8,176,0,0,0,0,0,0,0
9190000,018,false,Rx,0,8,70,196,3,0,0,0,0,13
9190000,02C,false,Rx,0,8,112,185,216,0,0,0,0,1
9190000,050,false,Rx,0,8,64,1,0,0,0,0,0,65
9190000,251,false,Rx,0,8,112,140,90,0,0,0,0,86
9190000,260,false,Rx,0,8,112,187,145,0,0,0,0,188
9200000,018,false,Rx,0,8,70,202,0,0,0,0,0,16
9200000,02C,false,Rx,0,8,128,185,176,0,0,0,0,233
9200000,050,false,Rx,0,8,64,1,0,0,0,0,0,65
9200000,0A6,false,Rx,0,8,5,99,5,99,5,99,5,99
9200000,251,false,Rx,0,8,128,142,165,0,0,0,0,179
9200000,260,false,Rx,0,8,128,187,43,0,0,0,0,102
9200000,316,false,Rx,0,8,64,1,0,0,0,0,0,65
9200000,544,false,Rx,0,8,192,0,0,0,0,0,0,0
9200000,4F1,false,Rx,0,8,192,0,0,0,0,0,0,192
9210000,018,false,Rx,0,8,70,207,2,0,0,0,0,23
9210000,02C,false,Rx,0,8,144,184,32,0,0,0,0,104
9210000,050,false,Rx,0,8,64,1,0,0,0,0,0,65
9210000,251,false,Rx,0,8,144,143,30,0,0,0,0,61
9210000,260,false,Rx,0,8,144,186,110,0,0,0,0,184
9220000,018,false,Rx,0,8,70,213,1,0,0,0,0,28
9220000,02C,false,Rx,0,8,160,183,30,0,0,0,0,117
9220000,050,false,Rx,0,8,64,1,0,0,0,0,0,65
9220000,0A6,false,Rx,0,8,5,108,5,108,5,108,5,108
9220000,251,false,Rx,0,8,160,145,11,0,0,0,0,60
9220000,260,false,Rx,0,8,160,186,229,0,0,0,0,63
9220000,316,false,Rx,0,8,64,1,0,0,0,0,0,65
9220000,544,false,Rx,0,8,208,0,0,0,0,0,0,0
9230000,018,false,Rx,0,8,70,218,0,0,0,0,0,32
9230000,02C,false,Rx,0,8,176,183,35,0,0,0,0,138
9230000,050,false,Rx,0,8,64,1,0,0,0,0,0,65
9230000,251,false,Rx,0,8,176,147,75,0,0,0,0,142
9230000,260,false,Rx,0,8,176,185,241,0,0,0,0,90
9240000,018,false,Rx,0,8,70,224,2,0,0,0,0,40
9240000,02C,false,Rx,0,8,192,182,241,0,0,0,0,103
9240000,050,false,Rx,0,8,64,1,0,0,0,0,0,65
9240000,0A6,false,Rx,0,8,5,117,5,117,5,117,5,117
9240000,251,false,Rx,0,8,192,149,72,0,0,0,0,157
9240000,260,false,Rx,0,8,192,185,246,0,0,0,0,111
9240000,316,false,Rx,0,8,64,1,0,0,0,0,0,65
9240000,544,false,Rx,0,8,224,0,0,0,0,0,0,0
9250000,018,false,Rx,0,8,70,230,2,0,0,0,0,46
9250000,02C,false,Rx,0,8,208,181,16,0,0,0,0,149
9250000,050,false,Rx,0,8,64,1,0,0,0,0,0,65
9250000,251,false,Rx,0,8,208,151,56,0,0,0,0,159
9250000,260,false,Rx,0,8,208,184,87,0,0,0,0,223
9260000,018,false,Rx,0,8,70,235,3,0,0,0,0,52
9260000,02C,false,Rx,0,8,224,180,146,0,0,0,0,38
9260000,050,false,Rx,0,8,64,1,0,0,0,0,0,65
9260000,0A6,false,Rx,0,8,5,126,5,126,5,126,5,126
9260000,251,false,Rx,0,8,224,152,186,0,0,0,0,50
9260000,260,false,Rx,0,8,224,184,112,0,0,0,0,8
9260000,316,false,Rx,0,8,64,1,0,0,0,0,0,65
9260000,544,false,Rx,0,8,240,0,0,0,0,0,0,0
9270000,018,false,Rx,0,8,70,240,1,0,0,0,0,55
9270000,02C,false,Rx,0,8,240,179,209,0,0,0,0,116
9270000,050,false,Rx,0,8,64,1,0,0,0,0,0,65
9270000,251,false,Rx,0,8,240,154,37,0,0,0,0,175
9270000,260,false,Rx,0,8,240,183,210,0,0,0,0,121
9280000,018,false,Rx,0,8,70,246,1,0,0,0,0,61
9280000,02C,false,Rx,0,8,0,178,92,0,0,0,0,14
9280000,050,false,Rx,0,8,64,1,0,0,0,0,0,65
9280000,0A6,false,Rx,0,8,5,136,5,136,5,136,5,136
9280000,251,false,Rx,0,8,0,156,191,0,0,0,0,91
9280000,260,false,Rx,0,8,0,182,73,0,0,0,0,255
9280000,316,false,Rx,0,8,64,1,0,0,0,0,0,65
9280000,544,false,Rx,0,8,0,0,0,0,0,0,0,0
9290000,018,false,Rx,0,8,70,251,1,0,0,0,0,66
9290000,02C,false,Rx,0,8,16,177,69,0,0,0,0,6
9290000,050,false,Rx,0,8,64,1,0,0,0,0,0,65
9290000,251,false,Rx,0,8,16,157,202,0,0,0,0,119
9290000,260,false,Rx,0,8,16,182,93,0,0,0,0,35
9300000,018,false,Rx,0,8,71,0,2,0,0,0,0,73
9300000,02C,false,Rx,0,8,32,176,215,0,0,0,0,167
9300000,050,false,Rx,0,8,64,1,0,0,0,0,0,65
9300000,0A6,false,Rx,0,8,5,146,5,146,5,146,5,146
9300000,251,false,Rx,0,8,32,159,51,0,0,0,0,242
9300000,260,false,Rx,0,8,32,181,135,0,0,0,0,92
9300000,316,false,Rx,0,8,64,1,0,0,0,0,0,65
9300000,544,false,Rx,0,8,16,0,0,0,0,0,0,0
9300000,4F1,false,Rx,0,8,208,0,0,0,0,0,0,208
9310000,018,false,Rx,0,8,71,5,2,0,0,0,0,78
9310000,02C,false,Rx,0,8,48,175,191,0,0,0,0,158
9310000,050,false,Rx,0,8,64,1,0,0,0,0,0,65
9310000,251,false,Rx,0,8,48,161,172,0,0,0,0,125
9310000,260,false,Rx,0,8,48,180,85,0,0,0,0,57
9320000,018,false,Rx,0,8,71,10,1,0,0,0,0,82
9320000,02C,false,Rx,0,8,64,174,195,0,0,0,0,177
9320000,050,false,Rx,0,8,64,1,0,0,0,0,0,65
9320000,0A6,false,Rx,0,8,5,157,5,157,5,157,5,157
9320000,251,false,Rx,0,8,64,162,154,0,0,0,0,124
9320000,260,false,Rx,0,8,64,179,175,0,0,0,0,162
9320000,316,false,Rx,0,8,64,1,0,0,0,0,0,65
9320000,544,false,Rx,0,8,32,0,0,0,0,0,0,0
9330000,018,false,Rx,0,8,71,15,2,0,0,0,0,88
9330000,02C,false,Rx,0,8,80,172,229,0,0,0,0,225
9330000,050,false,Rx,0,8,64,1,0,0,0,0,0,65
9330000,251,false,Rx,0,8,80,164,165,0,0,0,0,153
9330000,260,false,Rx,0,8,80,178,232,0,0,0,0,234
9340000,018,false,Rx,0,8,71,20,3,0,0,0,0,94
9340000,02C,false,Rx,0,8,96,171,193,0,0,0,0,204
9340000,050,false,Rx,0,8,64,1,0,0,0,0,0,65
9340000,0A6,false,Rx,0,8,5,167,5,167,5,167,5,167
9340000,251,false,Rx,0,8,96,165,69,0,0,0,0,74
9340000,260,false,Rx,0,8,96,177,35,0,0,0,0,52
9340000,316,false,Rx,0,8,64,1,0,0,0,0,0,65
9340000,544,false,Rx,0,8,48,0,0,0,0,0,0,0
9350000,018,false,Rx,0,8,71,24,2,0,0,0,0,97
9350000,02C,false,Rx,0,8,112,170,192,0,0,0,0,218
9350000,050,false,Rx,0,8,64,1,0,0,0,0,0,65
9350000,251,false,Rx,0,8,112,167,80,0,0,0,0,103
9350000,260,false,Rx,0,8,112,176,117,0,0,0,0,149
9360000,018,false,Rx,0,8,71,29,2,0,0,0,0,102
9360000,02C,false,Rx,0,8,128,168,41,0,0,0,0,81
9360000,050,false,Rx,0,8,64,1,0,0,0,0,0,65
9360000,0A6,false,Rx,0,8,5,179,5,179,5,179,5,179
9360000,251,false,Rx,0,8,128,168,223,0,0,0,0,7
9360000,260,false,Rx,0,8,128,175,193,0,0,0,0,240
9360000,316,false,Rx,0,8,64,1,0,0,0,0,0,65
9360000,544,false,Rx,0,8,64,0,0,0,0,0,0,0
9370000,018,false,Rx,0,8,71,33,0,0,0,0,0,104
9370000,02C,false,Rx,0,8,144,167,68,0,0,0,0,123
9370000,050,false,Rx,0,8,64,1,0,0,0,0,0,65
9370000,251,false,Rx,0,8,144,169,249,0,0,0,0,50
9370000,260,false,Rx,0,8,144,173,197,0,0,0,0,2
9380000,018,false,Rx,0,8,71,38,3,0,0,0,0,112
9380000,02C,false,Rx,0,8,160,166,178,0,0,0,0,248
9380000,050,false,Rx,0,8,64,1,0,0,0,0,0,65
9380000,0A6,false,Rx,0,8,5,190,5,190,5,190,5,190
9380000,251,false,Rx,0,8,160,171,162,0,0,0,0,237
9380000,260,false,Rx,0,8,160,172,67,0,0,0,0,143
9380000,316,false,Rx,0,8,64,1,0,0,0,0,0,65
9380000,544,false,Rx,0,8,80,0,0,0,0,0,0,0
9390000,018,false,Rx,0,8,71,42,0,0,0,0,0,113
9390000,02C,false,Rx,0,8,176,164,60,0,0,0,0,144
9390000,050,false,Rx,0,8,64,1,0,0,0,0,0,65
9390000,251,false,Rx,0,8,176,172,89,0,0,0,0,181
9390000,260,false,Rx,0,8,176,171,55,0,0,0,0,146
9400000,018,false,Rx,0,8,71,46,1,0,0,0,0,118
9400000,02C,false,Rx,0,8,192,163,91,0,0,0,0,190
9400000,050,false,Rx,0,8,64,1,0,0,0,0,0,65
9400000,0A6,false,Rx,0,8,5,201,5,201,5,201,5,201
9400000,251,false,Rx,0,8,192,173,182,0,0,0,0,35
9400000,260,false,Rx,0,8,192,169,8,0,0,0,0,113
9400000,316,false,Rx,0,8,64,1,0,0,0,0,0,65
9400000,544,false,Rx,0,8,96,0,0,0,0,0,0,0
9400000,4F1,false,Rx,0,8,224,0,0,0,0,0,0,224
9410000,018,false,Rx,0,8,71,51,1,0,0,0,0,123
9410000,02C,false,Rx,0,8,208,161,201,0,0,0,0,58
9410000,050,false,Rx,0,8,64,1,0,0,0,0,0,65
9410000,251,false,Rx,0,8,208,174,114,0,0,0,0,240
9410000,260,false,Rx,0,8,208,168,103,0,0,0,0,223
9420000,018,false,Rx,0,8,71,55,3,0,0,0,0,129
9420000,02C,false,Rx,0,8,224,160,65,0,0,0,0,193
9420000,050,false,Rx,0,8,64,1,0,0,0,0,0,65
9420000,0A6,false,Rx,0,8,5,213,5,213,5,213,5,213
9420000,251,false,Rx,0,8,224,176,89,0,0,0,0,233
9420000,260,false,Rx,0,8,224,167,214,0,0,0,0,93
9420000,316,false,Rx,0,8,64,1,0,0,0,0,0,65
9420000,544,false,Rx,0,8,112,0,0,0,0,0,0,0
9430000,018,false,Rx,0,8,71,59,2,0,0,0,0,132
9430000,02C,false,Rx,0,8,240,158,114,0,0,0,0,0
9430000,050,false,Rx,0,8,64,1,0,0,0,0,0,65
9430000,251,false,Rx,0,8,240,177,193,0,0,0,0,98
9430000,260,false,Rx,0,8,240,165,76,0,0,0,0,225
9440000,018,false,Rx,0,8,71,62,0,0,0,0,0,133
9440000,02C,false,Rx,0,8,0,156,1,0,0,0,0,157
9440000,050,false,Rx,0,8,64,1,0,0,0,0,0,65
9440000,0A6,false,Rx,0,8,5,225,5,225,5,225,5,225
9440000,251,false,Rx,0,8,0,178,157,0,0,0,0,79
9440000,260,false,Rx,0,8,0,164,49,0,0,0,0,213
9440000,316,false,Rx,0,8,64,1,0,0,0,0,0,65
9440000,544,false,Rx,0,8,128,0,0,0,0,0,0,0
9450000,018,false,Rx,0,8,71,66,3,0,0,0,0,140
9450000,02C,false,Rx,0,8,16,155,11,0,0,0,0,182
9450000,050,false,Rx,0,8,64,1,0,0,0,0,0,65
9450000,251,false,Rx,0,8,16,179,150,0,0,0,0,89
9450000,260,false,Rx,0,8,16,162,90,0,0,0,0,12
9460000,018,false,Rx,0,8,71,70,0,0,0,0,0,141
9460000,02C,false,Rx,0,8,32,153,152,0,0,0,0,81
9460000,050,false,Rx,0,8,64,1,0,0,0,0,0,65
9460000,0A6,false,Rx,0,8,5,238,5,238,5,238,5,238
9460000,251,false,Rx,0,8,32,180,65,0,0,0,0,21
9460000,260,false,Rx,0,8,32,161,243,0,0,0,0,180
9460000,316,false,Rx,0,8,64,1,0,0,0,0,0,65
9460000,544,false,Rx,0,8,144,0,0,0,0,0,0,0
9470000,018,false,Rx,0,8,71,73,2,0,0,0,0,146
9470000,02C,false,Rx,0,8,48,151,237,0,0,0,0,180
9470000,050,false,Rx,0,8,64,1,0,0,0,0,0,65
9470000,251,false,Rx,0,8,48,181,90,0,0,0,0,63
9470000,260,false,Rx,0,8,48,159,19,0,0,0,0,226
9480000,018,false,Rx,0,8,71,77,0,0,0,0,0,148
9480000,02C,false,Rx,0,8,64,149,217,0,0,0,0,174
9480000,050,false,Rx,0,8,64,1,0,0,0,0,0,65
9480000,0A6,false,Rx,0,8,5,250,5,250,5,250,5,250
9480000,251,false,Rx,0,8,64,181,0,0,0,0,0,245
9480000,260,false,Rx,0,8,64,158,60,0,0,0,0,26
9480000,316,false,Rx,0,8,64,1,0,0,0,0,0,65
9480000,544,false,Rx,0,8,160,0,0,0,0,0,0,0
9490000,018,false,Rx,0,8,71,80,3,0,0,0,0,154
9490000,02C,false,Rx,0,8,80,148,194,0,0,0,0,166
9490000,050,false,Rx,0,8,64,1,0,0,0,0,0,65
9490000,251,false,Rx,0,8,80,182,200,0,0,0,0,206
9490000,260,false,Rx,0,8,80,156,47,0,0,0,0,27
9500000,018,false,Rx,0,8,71,83,2,0,0,0,0,156
9500000,02C,false,Rx,0,8,96,146,117,0,0,0,0,103
9500000,050,false,Rx,0,8,64,1,0,0,0,0,0,65
9500000,0A6,false,Rx,0,8,6,7,6,7,6,7,6,7
9500000,251,false,Rx,0,8,96,183,16,0,0,0,0,39
9500000,260,false,Rx,0,8,96,154,246,0,0,0,0,240
9500000,316,false,Rx,0,8,64,1,0,0,0,0,0,65
9500000,544,false,Rx,0,8,176,0,0,0,0,0,0,0
9500000,4F1,false,Rx,0,8,240,0,0,0,0,0,0,240
9510000,018,false,Rx,0,8,71,86,2,0,0,0,0,159
9510000,02C,false,Rx,0,8,112,144,126,0,0,0,0,126
9510000,050,false,Rx,0,8,64,1,0,0,0,0,0,65
9510000,251,false,Rx,0,8,112,184,93,0,0,0,0,133
9510000,260,false,Rx,0,8,112,152,66,0,0,0,0,74
9520000,018,false,Rx,0,8,71,89,3,0,0,0,0,163
9520000,02C,false,Rx,0,8,128,142,235,0,0,0,0,249
9520000,050,false,Rx,0,8,64,1,0,0,0,0,0,65
9520000,0A6,false,Rx,0,8,6,20,6,20,6,20,6,20
9520000,251,false,Rx,0,8,128,184,162,0,0,0,0,218
9520000,260,false,Rx,0,8,128,151,0,0,0,0,0,23
9520000,316,false,Rx,0,8,64,1,0,0,0,0,0,65
9520000,544,false,Rx,0,8,192,0,0,0,0,0,0,0
9530000,018,false,Rx,0,8,71,92,2,0,0,0,0,165
9530000,02C,false,Rx,0,8,144,140,177,0,0,0,0,205
9530000,050,false,Rx,0,8,64,1,0,0,0,0,0,65
9530000,251,false,Rx,0,8,144,185,113,0,0,0,0,186
9530000,260,false,Rx,0,8,144,149,220,0,0,0,0,1
9540000,018,false,Rx,0,8,71,95,0,0,0,0,0,166
9540000,02C,false,Rx,0,8,160,139,79,0,0,0,0,122
9540000,050,false,Rx,0,8,64,1,0,0,0,0,0,65
9540000,0A6,false,Rx,0,8,6,34,6,34,6,34,6,34
9540000,251,false,Rx,0,8,160,185,53,0,0,0,0,142
9540000,260,false,Rx,0,8,160,147,215,0,0,0,0,10
9540000,316,false,Rx,0,8,64,1,0,0,0,0,0,65
9540000,544,false,Rx,0,8,208,0,0,0,0,0,0,0
9550000,018,false,Rx,0,8,71,98,1,0,0,0,0,170
9550000,02C,false,Rx,0,8,176,137,141,0,0,0,0,198
9550000,050,false,Rx,0,8,64,1,0,0,0,0,0,65
9550000,251,false,Rx,0,8,176,186,254,0,0,0,0,104
9550000,260,false,Rx,0,8,176,145,189,0,0,0,0,254
9560000,018,false,Rx,0,8,71,100,3,0,0,0,0,174
9560000,02C,false,Rx,0,8,192,135,96,0,0,0,0,167
9560000,050,false,Rx,0,8,64,1,0,0,0,0,0,65
9560000,0A6,false,Rx,0,8,6,47,6,47,6,47,6,47
9560000,251,false,Rx,0,8,192,186,72,0,0,0,0,194
9560000,260,false,Rx,0,8,192,144,22,0,0,0,0,102
9560000,316,false,Rx,0,8,64,1,0,0,0,0,0,65
9560000,544,false,Rx,0,8,224,0,0,0,0,0,0,0
9570000,018,false,Rx,0,8,71,102,0,0,0,0,0,173
9570000,02C,false,Rx,0,8,208,133,57,0,0,0,0,142
9570000,050,false,Rx,0,8,64,1,0,0,0,0,0,65
9570000,251,false,Rx,0,8,208,187,169,0,0,0,0,52
9570000,260,false,Rx,0,8,208,142,219,0,0,0,0,57
9580000,018,false,Rx,0,8,71,105,2,0,0,0,0,178
9580000,02C,false,Rx,0,8,224,131,16,0,0,0,0,115
9580000,050,false,Rx,0,8,64,1,0,0,0,0,0,65
9580000,0A6,false,Rx,0,8,6,61,6,61,6,61,6,61
9580000,251,false,Rx,0,8,224,187,39,0,0,0,0,194
9580000,260,false,Rx,0,8,224,140,117,0,0,0,0,225
9580000,316,false,Rx,0,8,64,1,0,0,0,0,0,65
9580000,544,false,Rx,0,8,240,0,0,0,0,0,0,0
9590000,018,false,Rx,0,8,71,107,1,0,0,0,0,179
9590000,02C,false,Rx,0,8,240,129,214,0,0,0,0,71
9590000,050,false,Rx,0,8,64,1,0,0,0,0,0,65
9590000,251,false,Rx,0,8,240,187,121,0,0,0,0,36
9590000,260,false,Rx,0,8,240,138,246,0,0,0,0,112
9600000,018,false,Rx,0,8,71,109,0,0,0,0,0,180
9600000,02C,false,Rx,0,8,0,127,8,0,0,0,0,135
9600000,050,false,Rx,0,8,64,1,0,0,0,0,0,65
9600000,0A6,false,Rx,0,8,6,75,6,75,6,75,6,75
9600000,251,false,Rx,0,8,0,187,177,0,0,0,0,108
9600000,260,false,Rx,0,8,0,136,195,0,0,0,0,75
9600000,316,false,Rx,0,8,64,1,0,0,0,0,0,65
9600000,544,false,Rx,0,8,0,0,0,0,0,0,0,0
9600000,4F1,false,Rx,0,8,0,0,0,0,0,0,0,0
9610000,018,false,Rx,0,8,71,111,3,0,0,0,0,185
9610000,02C,false,Rx,0,8,16,126,123,0,0,0,0,9
9610000,050,false,Rx,0,8,64,1,0,0,0,0,0,65
9610000,251,false,Rx,0,8,16,187,163,0,0,0,0,110
9610000,260,false,Rx,0,8,16,134,179,0,0,0,0,73
9620000,018,false,Rx,0,8,71,112,2,0,0,0,0,185
9620000,02C,false,Rx,0,8,32,124,105,0,0,0,0,5
9620000,050,false,Rx,0,8,64,1,0,0,0,0,0,65
9620000,0A6,false,Rx,0,8,6,89,6,89,6,89,6,89
9620000,251,false,Rx,0,8,32,187,85,0,0,0,0,48
9620000,260,false,Rx,0,8,32,133,50,0,0,0,0,215
9620000,316,false,Rx,0,8,64,1,0,0,0,0,0,65
9620000,544,false,Rx,0,8,16,0,0,0,0,0,0,0
9630000,018,false,Rx,0,8,71,114,3,0,0,0,0,188
9630000,02C,false,Rx,0,8,48,122,34,0,0,0,0,204
9630000,050,false,Rx,0,8,64,1,0,0,0,0,0,65
9630000,251,false,Rx,0,8,48,187,45,0,0,0,0,24
9630000,260,false,Rx,0,8,48,131,217,0,0,0,0,140
9640000,018,false,Rx,0,8,71,116,0,0,0,0,0,187
9640000,02C,false,Rx,0,8,64,120,51,0,0,0,0,235
9640000,050,false,Rx,0,8,64,1,0,0,0,0,0,65
9640000,0A6,false,Rx,0,8,6,104,6,104,6,104,6,104
9640000,251,false,Rx,0,8,64,187,171,0,0,0,0,166
9640000,260,false,Rx,0,8,64,129,68,0,0,0,0,5
9640000,316,false,Rx,0,8,64,1,0,0,0,0,0,65
9640000,544,false,Rx,0,8,32,0,0,0,0,0,0,0
9650000,018,false,Rx,0,8,71,117,1,0,0,0,0,189
9650000,02C,false,Rx,0,8,80,118,17,0,0,0,0,215
9650000,050,false,Rx,0,8,64,1,0,0,0,0,0,65
9650000,251,false,Rx,0,8,80,187,228,0,0,0,0,239
9650000,260,false,Rx,0,8,80,127,130,0,0,0,0,81
9660000,018,false,Rx,0,8,71,118,0,0,0,0,0,189
9660000,02C,false,Rx,0,8,96,116,228,0,0,0,0,184
9660000,050,false,Rx,0,8,64,1,0,0,0,0,0,65
9660000,0A6,false,Rx,0,8,6,118,6,118,6,118,6,118
9660000,251,false,Rx,0,8,96,187,5,0,0,0,0,32
9660000,260,false,Rx,0,8,96,125,244,0,0,0,0,209
9660000,316,false,Rx,0,8,64,1,0,0,0,0,0,65
9660000,544,false,Rx,0,8,48,0,0,0,0,0,0,0
9670000,018,false,Rx,0,8,71,119,0,0,0,0,0,190
9670000,02C,false,Rx,0,8,112,114,24,0,0,0,0,250
9670000,050,false,Rx,0,8,64,1,0,0,0,0,0,65
9670000,251,false,Rx,0,8,112,187,135,0,0,0,0,178
9670000,260,false,Rx,0,8,112,123,119,0,0,0,0,98
9680000,018,false,Rx,0,8,71,120,2,0,0,0,0,193
9680000,02C,false,Rx,0,8,128,112,125,0,0,0,0,109
9680000,050,false,Rx,0,8,64,1,0,0,0,0,0,65
9680000,0A6,false,Rx,0,8,6,133,6,133,6,133,6,133
9680000,251,false,Rx,0,8,128,187,107,0,0,0,0,166
9680000,260,false,Rx,0,8,128,121,42,0,0,0,0,35
9680000,316,false,Rx,0,8,64,1,0,0,0,0,0,65
9680000,544,false,Rx,0,8,64,0,0,0,0,0,0,0
9690000,018,false,Rx,0,8,71,121,3,0,0,0,0,195
9690000,02C,false,Rx,0,8,144,111,22,0,0,0,0,21
9690000,050,false,Rx,0,8,64,1,0,0,0,0,0,65
9690000,251,false,Rx,0,8,144,186,127,0,0,0,0,201
9690000,260,false,Rx,0,8,144,119,145,0,0,0,0,152
9700000,018,false,Rx,0,8,71,122,0,0,0,0,0,193
9700000,02C,false,Rx,0,8,160,109,205,0,0,0,0,218
9700000,050,false,Rx,0,8,64,1,0,0,0,0,0,65
9700000,0A6,false,Rx,0,8,6,148,6,148,6,148,6,148
9700000,251,false,Rx,0,8,160,186,34,0,0,0,0,124
9700000,260,false,Rx,0,8,160,118,209,0,0,0,0,231
9700000,316,false,Rx,0,8,64,1,0,0,0,0,0,65
9700000,544,false,Rx,0,8,80,0,0,0,0,0,0,0
9700000,4F1,false,Rx,0,8,16,0,0,0,0,0,0,16
9710000,018,false,Rx,0,8,71,122,0,0,0,0,0,193
9710000,02C,false,Rx,0,8,176,107,224,0,0,0,0,251
9710000,050,false,Rx,0,8,64,1,0,0,0,0,0,65
9710000,251,false,Rx,0,8,176,185,179,0,0,0,0,28
9710000,260,false,Rx,0,8,176,116,131,0,0,0,0,167
9720000,018,false,Rx,0,8,71,123,1,0,0,0,0,195
9720000,02C,false,Rx,0,8,192,105,119,0,0,0,0,160
9720000,050,false,Rx,0,8,64,1,0,0,0,0,0,65
9720000,0A6,false,Rx,0,8,6,163,6,163,6,163,6,163
9720000,251,false,Rx,0,8,192,185,131,0,0,0,0,252
9720000,260,false,Rx,0,8,192,114,96,0,0,0,0,146
9720000,316,false,Rx,0,8,64,1,0,0,0,0,0,65
9720000,544,false,Rx,0,8,96,0,0,0,0,0,0,0
9730000,018,false,Rx,0,8,71,123,1,0,0,0,0,195
9730000,02C,false,Rx,0,8,208,104,111,0,0,0,0,167
9730000,050,false,Rx,0,8,64,1,0,0,0,0,0,65
9730000,251,false,Rx,0,8,208,184,55,0,0,0,0,191
9730000,260,false,Rx,0,8,208,112,2,0,0,0,0,66
9740000,018,false,Rx,0,8,71,123,3,0,0,0,0,197
9740000,02C,false,Rx,0,8,224,102,28,0,0,0,0,98
9740000,050,false,Rx,0,8,64,1,0,0,0,0,0,65
9740000,0A6,false,Rx,0,8,6,178,6,178,6,178,6,178
9740000,251,false,Rx,0,8,224,184,0,0,0,0,0,152
9740000,260,false,Rx,0,8,224,110,3,0,0,0,0,81
9740000,316,false,Rx,0,8,64,1,0,0,0,0,0,65
9740000,544,false,Rx,0,8,112,0,0,0,0,0,0,0
9750000,018,false,Rx,0,8,71,124,3,0,0,0,0,198
9750000,02C,false,Rx,0,8,240,100,71,0,0,0,0,155
9750000,050,false,Rx,0,8,64,1,0,0,0,0,0,65
9750000,251,false,Rx,0,8,240,183,24,0,0,0,0,191
9750000,260,false,Rx,0,8,240,108,60,0,0,0,0,152
9760000,018,false,Rx,0,8,71,123,2,0,0,0,0,196
9760000,02C,false,Rx,0,8,0,99,148,0,0,0,0,247
9760000,050,false,Rx,0,8,64,1,0,0,0,0,0,65
9760000,0A6,false,Rx,0,8,6,193,6,193,6,193,6,193
9760000,251,false,Rx,0,8,0,182,197,0,0,0,0,123
9760000,260,false,Rx,0,8,0,107,3,0,0,0,0,110
9760000,316,false,Rx,0,8,64,1,0,0,0,0,0,65
9760000,544,false,Rx,0,8,128,0,0,0,0,0,0,0
9770000,018,false,Rx,0,8,71,123,3,0,0,0,0,197
9770000,02C,false,Rx,0,8,16,97,119,0,0,0,0,232
9770000,050,false,Rx,0,8,64,1,0,0,0,0,0,65
9770000,251,false,Rx,0,8,16,181,224,0,0,0,0,165
9770000,260,false,Rx,0,8,16,105,192,0,0,0,0,57
9780000,018,false,Rx,0,8,71,123,1,0,0,0,0,195
9780000,02C,false,Rx,0,8,32,95,163,0,0,0,0,34
9780000,050,false,Rx,0,8,64,1,0,0,0,0,0,65
9780000,0A6,false,Rx,0,8,6,209,6,209,6,209,6,209
9780000,251,false,Rx,0,8,32,180,214,0,0,0,0,170
9780000,260,false,Rx,0,8,32,103,105,0,0,0,0,240
9780000,316,false,Rx,0,8,64,1,0,0,0,0,0,65
9780000,544,false,Rx,0,8,144,0,0,0,0,0,0,0
9790000,018,false,Rx,0,8,71,122,3,0,0,0,0,196
9790000,02C,false,Rx,0,8,48,94,164,0,0,0,0,50
9790000,050,false,Rx,0,8,64,1,0,0,0,0,0,65
9790000,251,false,Rx,0,8,48,180,85,0,0,0,0,57
9790000,260,false,Rx,0,8,48,101,161,0,0,0,0,54
9800000,018,false,Rx,0,8,71,122,0,0,0,0,0,193
9800000,02C,false,Rx,0,8,64,92,121,0,0,0,0,21
9800000,050,false,Rx,0,8,64,1,0,0,0,0,0,65
9800000,0A6,false,Rx,0,8,6,224,6,224,6,224,6,224
9800000,251,false,Rx,0,8,64,179,211,0,0,0,0,198
9800000,260,false,Rx,0,8,64,100,209,0,0,0,0,117
9800000,316,false,Rx,0,8,64,1,0,0,0,0,0,65
9800000,544,false,Rx,0,8,160,0,0,0,0,0,0,0
9800000,4F1,false,Rx,0,8,32,0,0,0,0,0,0,32
9810000,018,false,Rx,0,8,71,121,3,0,0,0,0,195
9810000,02C,false,Rx,0,8,80,91,154,0,0,0,0,69
9810000,050,false,Rx,0,8,64,1,0,0,0,0,0,65
9810000,251,false,Rx,0,8,80,178,252,0,0,0,0,254
9810000,260,false,Rx,0,8,80,98,185,0,0,0,0,107
9820000,018,false,Rx,0,8,71,120,3,0,0,0,0,194
9820000,02C,false,Rx,0,8,96,89,73,0,0,0,0,2
9820000,050,false,Rx,0,8,64,1,0,0,0,0,0,65
9820000,0A6,false,Rx,0,8,6,240,6,240,6,240,6,240
9820000,251,false,Rx,0,8,96,177,193,0,0,0,0,210
9820000,260,false,Rx,0,8,96,96,54,0,0,0,0,246
9820000,316,false,Rx,0,8,64,1,0,0,0,0,0,65
9820000,544,false,Rx,0,8,176,0,0,0,0,0,0,0
9830000,018,false,Rx,0,8,71,119,2,0,0,0,0,192
9830000,02C,false,Rx,0,8,112,88,113,0,0,0,0,57
9830000,050,false,Rx,0,8,64,1,0,0,0,0,0,65
9830000,251,false,Rx,0,8,112,175,179,0,0,0,0,210
9830000,260,false,Rx,0,8,112,95,79,0,0,0,0,30
9840000,018,false,Rx,0,8,71,118,0,0,0,0,0,189
9840000,02C,false,Rx,0,8,128,86,211,0,0,0,0,169
9840000,050,false,Rx,0,8,64,1,0,0,0,0,0,65
9840000,0A6,false,Rx,0,8,7,0,7,0,7,0,7,0
9840000,251,false,Rx,0,8,128,174,192,0,0,0,0,238
9840000,260,false,Rx,0,8,128,93,218,0,0,0,0,183
9840000,316,false,Rx,0,8,64,1,0,0,0,0,0,65
9840000,544,false,Rx,0,8,192,0,0,0,0,0,0,0
9850000,018,false,Rx,0,8,71,117,2,0,0,0,0,190
9850000,02C,false,Rx,0,8,144,85,153,0,0,0,0,126
9850000,050,false,Rx,0,8,64,1,0,0,0,0,0,65
9850000,251,false,Rx,0,8,144,173,51,0,0,0,0,112
9850000,260,false,Rx,0,8,144,92,129,0,0,0,0,109
9860000,018,false,Rx,0,8,71,116,1,0,0,0,0,188
9860000,02C,false,Rx,0,8,160,84,140,0,0,0,0,128
9860000,050,false,Rx,0,8,64,1,0,0,0,0,0,65
9860000,0A6,false,Rx,0,8,7,15,7,15,7,15,7,15
9860000,251,false,Rx,0,8,160,172,245,0,0,0,0,65
9860000,260,false,Rx,0,8,160,90,133,0,0,0,0,127
9860000,316,false,Rx,0,8,64,1,0,0,0,0,0,65
9860000,544,false,Rx,0,8,208,0,0,0,0,0,0,0
9870000,018,false,Rx,0,8,71,114,3,0,0,0,0,188
9870000,02C,false,Rx,0,8,176,82,31,0,0,0,0,33
9870000,050,false,Rx,0,8,64,1,0,0,0,0,0,65
9870000,251,false,Rx,0,8,176,170,115,0,0,0,0,205
9870000,260,false,Rx,0,8,176,89,216,0,0,0,0,225
9880000,018,false,Rx,0,8,71,112,3,0,0,0,0,186
9880000,02C,false,Rx,0,8,192,81,89,0,0,0,0,106
9880000,050,false,Rx,0,8,64,1,0,0,0,0,0,65
9880000,0A6,false,Rx,0,8,7,31,7,31,7,31,7,31
9880000,251,false,Rx,0,8,192,169,83,0,0,0,0,188
9880000,260,false,Rx,0,8,192,87,187,0,0,0,0,210
9880000,316,false,Rx,0,8,64,1,0,0,0,0,0,65
9880000,544,false,Rx,0,8,224,0,0,0,0,0,0,0
9890000,018,false,Rx,0,8,71,111,1,0,0,0,0,183
9890000,02C,false,Rx,0,8,208,80,218,0,0,0,0,250
9890000,050,false,Rx,0,8,64,1,0,0,0,0,0,65
9890000,251,false,Rx,0,8,208,168,231,0,0,0,0,95
9890000,260,false,Rx,0,8,208,86,141,0,0,0,0,179
9900000,018,false,Rx,0,8,71,109,2,0,0,0,0,182
9900000,02C,false,Rx,0,8,224,79,253,0,0,0,0,44
9900000,050,false,Rx,0,8,64,1,0,0,0,0,0,65
9900000,0A6,false,Rx,0,8,7,47,7,47,7,47,7,47
9900000,251,false,Rx,0,8,224,166,37,0,0,0,0,171
9900000,260,false,Rx,0,8,224,85,203,0,0,0,0,0
9900000,316,false,Rx,0,8,64,1,0,0,0,0,0,65
9900000,544,false,Rx,0,8,240,0,0,0,0,0,0,0
9900000,4F1,false,Rx,0,8,48,0,0,0,0,0,0,48
9910000,018,false,Rx,0,8,71,107,0,0,0,0,0,178
9910000,02C,false,Rx,0,8,240,78,24,0,0,0,0,86
9910000,050,false,Rx,0,8,64,1,0,0,0,0,0,65
9910000,251,false,Rx,0,8,240,165,17,0,0,0,0,166
9910000,260,false,Rx,0,8,240,83,104,0,0,0,0,171
9920000,018,false,Rx,0,8,71,105,2,0,0,0,0,178
9920000,02C,false,Rx,0,8,0,77,176,0,0,0,0,253
9920000,050,false,Rx,0,8,64,1,0,0,0,0,0,65
9920000,0A6,false,Rx,0,8,7,63,7,63,7,63,7,63
9920000,251,false,Rx,0,8,0,163,150,0,0,0,0,57
9920000,260,false,Rx,0,8,0,82,211,0,0,0,0,37
9920000,316,false,Rx,0,8,64,1,0,0,0,0,0,65
9920000,544,false,Rx,0,8,0,0,0,0,0,0,0,0
9930000,018,false,Rx,0,8,71,102,2,0,0,0,0,175
9930000,02C,false,Rx,0,8,16,76,195,0,0,0,0,31
9930000,050,false,Rx,0,8,64,1,0,0,0,0,0,65
9930000,251,false,Rx,0,8,16,162,10,0,0,0,0,188
9930000,260,false,Rx,0,8,16,81,247,0,0,0,0,88
9940000,018,false,Rx,0,8,71,100,0,0,0,0,0,171
9940000,02C,false,Rx,0,8,32,75,163,0,0,0,0,14
9940000,050,false,Rx,0,8,64,1,0,0,0,0,0,65
9940000,0A6,false,Rx,0,8,7,79,7,79,7,79,7,79
9940000,251,false,Rx,0,8,32,160,163,0,0,0,0,99
9940000,260,false,Rx,0,8,32,80,91,0,0,0,0,203
9940000,316,false,Rx,0,8,64,1,0,0,0,0,0,65
9940000,544,false,Rx,0,8,16,0,0,0,0,0,0,0
9950000,018,false,Rx,0,8,71,98,3,0,0,0,0,172
9950000,02C,false,Rx,0,8,48,74,213,0,0,0,0,79
9950000,050,false,Rx,0,8,64,1,0,0,0,0,0,65
9950000,251,false,Rx,0,8,48,159,133,0,0,0,0,84
9950000,260,false,Rx,0,8,48,79,189,0,0,0,0,60
9960000,018,false,Rx,0,8,71,95,2,0,0,0,0,168
9960000,02C,false,Rx,0,8,64,73,209,0,0,0,0,90
9960000,050,false,Rx,0,8,64,1,0,0,0,0,0,65
9960000,0A6,false,Rx,0,8,7,95,7,95,7,95,7,95
9960000,251,false,Rx,0,8,64,157,53,0,0,0,0,18
9960000,260,false,Rx,0,8,64,78,247,0,0,0,0,133
9960000,316,false,Rx,0,8,64,1,0,0,0,0,0,65
9960000,544,false,Rx,0,8,32,0,0,0,0,0,0,0
9970000,018,false,Rx,0,8,71,92,1,0,0,0,0,164
9970000,02C,false,Rx,0,8,80,72,76,0,0,0,0,228
9970000,050,false,Rx,0,8,64,1,0,0,0,0,0,65
9970000,251,false,Rx,0,8,80,155,37,0,0,0,0,16
9970000,260,false,Rx,0,8,80,77,129,0,0,0,0,30
9980000,018,false,Rx,0,8,71,89,0,0,0,0,0,160
9980000,02C,false,Rx,0,8,96,72,153,0,0,0,0,65
9980000,050,false,Rx,0,8,64,1,0,0,0,0,0,65
9980000,0A6,false,Rx,0,8,7,111,7,111,7,111,7,111
9980000,251,false,Rx,0,8,96,154,175,0,0,0,0,169
9980000,260,false,Rx,0,8,96,76,157,0,0,0,0,73
9980000,316,false,Rx,0,8,64,1,0,0,0,0,0,65
9980000,544,false,Rx,0,8,48,0,0,0,0,0,0,0
9990000,018,false,Rx,0,8,71,86,3,0,0,0,0,160
9990000,02C,false,Rx,0,8,112,71,192,0,0,0,0,119
9990000,050,false,Rx,0,8,64,1,0,0,0,0,0,65
9990000,251,false,Rx,0,8,112,152,87,0,0,0,0,95
9990000,260,false,Rx,0,8,112,75,176,0,0,0,0,107
